key	lang	from-state	applied
uni.title	en	absent	yes
uni.title	ru	absent	yes
uni.title	lv	absent	yes
uni.title	th	absent	yes
uni.title	gd	absent	yes
uni.title	tt	absent	yes
uni.title	uk	absent	yes
uni.title	cs	absent	yes
uni.title	zh	absent	yes
uni.title	ko	absent	yes
uni.title	ar	absent	yes
uni.title	nl-be	absent	yes
uni.title	es	absent	yes
uni.title	nl	absent	yes
uni.title	de	absent	yes
uni.title	fr	absent	yes
uni.title	he	absent	yes
uni.title	hi	absent	yes
uni.title	bn	absent	yes
uni.title	fa	absent	yes
uni.title	ur	absent	yes
uni.title	ja	absent	yes
uni.title	da	absent	yes
uni.title	nb	absent	yes
uni.title	sv	absent	yes
uni.title	fi	absent	yes
uni.title	tr	absent	yes
uni.title	hu	absent	yes
uni.title	sa	absent	yes
uni.lede	en	absent	yes
uni.lede	ru	absent	yes
uni.lede	lv	absent	yes
uni.lede	th	absent	yes
uni.lede	gd	absent	yes
uni.lede	tt	absent	yes
uni.lede	uk	absent	yes
uni.lede	cs	absent	yes
uni.lede	zh	absent	yes
uni.lede	ko	absent	yes
uni.lede	ar	absent	yes
uni.lede	nl-be	absent	yes
uni.lede	es	absent	yes
uni.lede	nl	absent	yes
uni.lede	de	absent	yes
uni.lede	fr	absent	yes
uni.lede	he	absent	yes
uni.lede	hi	absent	yes
uni.lede	bn	absent	yes
uni.lede	fa	absent	yes
uni.lede	ur	absent	yes
uni.lede	ja	absent	yes
uni.lede	da	absent	yes
uni.lede	nb	absent	yes
uni.lede	sv	absent	yes
uni.lede	fi	absent	yes
uni.lede	tr	absent	yes
uni.lede	hu	absent	yes
uni.lede	sa	absent	yes
uni.charter.quote	en	absent	yes
uni.charter.quote	ru	absent	yes
uni.charter.quote	lv	absent	yes
uni.charter.quote	th	absent	yes
uni.charter.quote	gd	absent	yes
uni.charter.quote	tt	absent	yes
uni.charter.quote	uk	absent	yes
uni.charter.quote	cs	absent	yes
uni.charter.quote	zh	absent	yes
uni.charter.quote	ko	absent	yes
uni.charter.quote	ar	absent	yes
uni.charter.quote	nl-be	absent	yes
uni.charter.quote	es	absent	yes
uni.charter.quote	nl	absent	yes
uni.charter.quote	de	absent	yes
uni.charter.quote	fr	absent	yes
uni.charter.quote	he	absent	yes
uni.charter.quote	hi	absent	yes
uni.charter.quote	bn	absent	yes
uni.charter.quote	fa	absent	yes
uni.charter.quote	ur	absent	yes
uni.charter.quote	ja	absent	yes
uni.charter.quote	da	absent	yes
uni.charter.quote	nb	absent	yes
uni.charter.quote	sv	absent	yes
uni.charter.quote	fi	absent	yes
uni.charter.quote	tr	absent	yes
uni.charter.quote	hu	absent	yes
uni.charter.quote	sa	absent	yes
uni.charter.law	en	absent	yes
uni.charter.law	ru	absent	yes
uni.charter.law	lv	absent	yes
uni.charter.law	th	absent	yes
uni.charter.law	gd	absent	yes
uni.charter.law	tt	absent	yes
uni.charter.law	uk	absent	yes
uni.charter.law	cs	absent	yes
uni.charter.law	zh	absent	yes
uni.charter.law	ko	absent	yes
uni.charter.law	ar	absent	yes
uni.charter.law	nl-be	absent	yes
uni.charter.law	es	absent	yes
uni.charter.law	nl	absent	yes
uni.charter.law	de	absent	yes
uni.charter.law	fr	absent	yes
uni.charter.law	he	absent	yes
uni.charter.law	hi	absent	yes
uni.charter.law	bn	absent	yes
uni.charter.law	fa	absent	yes
uni.charter.law	ur	absent	yes
uni.charter.law	ja	absent	yes
uni.charter.law	da	absent	yes
uni.charter.law	nb	absent	yes
uni.charter.law	sv	absent	yes
uni.charter.law	fi	absent	yes
uni.charter.law	tr	absent	yes
uni.charter.law	hu	absent	yes
uni.charter.law	sa	absent	yes
uni.reg.bee	en	absent	yes
uni.reg.bee	ru	absent	yes
uni.reg.bee	lv	absent	yes
uni.reg.bee	th	absent	yes
uni.reg.bee	gd	absent	yes
uni.reg.bee	tt	absent	yes
uni.reg.bee	uk	absent	yes
uni.reg.bee	cs	absent	yes
uni.reg.bee	zh	absent	yes
uni.reg.bee	ko	absent	yes
uni.reg.bee	ar	absent	yes
uni.reg.bee	nl-be	absent	yes
uni.reg.bee	es	absent	yes
uni.reg.bee	nl	absent	yes
uni.reg.bee	de	absent	yes
uni.reg.bee	fr	absent	yes
uni.reg.bee	he	absent	yes
uni.reg.bee	hi	absent	yes
uni.reg.bee	bn	absent	yes
uni.reg.bee	fa	absent	yes
uni.reg.bee	ur	absent	yes
uni.reg.bee	ja	absent	yes
uni.reg.bee	da	absent	yes
uni.reg.bee	nb	absent	yes
uni.reg.bee	sv	absent	yes
uni.reg.bee	fi	absent	yes
uni.reg.bee	tr	absent	yes
uni.reg.bee	hu	absent	yes
uni.reg.bee	sa	absent	yes
uni.reg.raver	en	absent	yes
uni.reg.raver	ru	absent	yes
uni.reg.raver	lv	absent	yes
uni.reg.raver	th	absent	yes
uni.reg.raver	gd	absent	yes
uni.reg.raver	tt	absent	yes
uni.reg.raver	uk	absent	yes
uni.reg.raver	cs	absent	yes
uni.reg.raver	zh	absent	yes
uni.reg.raver	ko	absent	yes
uni.reg.raver	ar	absent	yes
uni.reg.raver	nl-be	absent	yes
uni.reg.raver	es	absent	yes
uni.reg.raver	nl	absent	yes
uni.reg.raver	de	absent	yes
uni.reg.raver	fr	absent	yes
uni.reg.raver	he	absent	yes
uni.reg.raver	hi	absent	yes
uni.reg.raver	bn	absent	yes
uni.reg.raver	fa	absent	yes
uni.reg.raver	ur	absent	yes
uni.reg.raver	ja	absent	yes
uni.reg.raver	da	absent	yes
uni.reg.raver	nb	absent	yes
uni.reg.raver	sv	absent	yes
uni.reg.raver	fi	absent	yes
uni.reg.raver	tr	absent	yes
uni.reg.raver	hu	absent	yes
uni.reg.raver	sa	absent	yes
uni.reg.cypher	en	absent	yes
uni.reg.cypher	ru	absent	yes
uni.reg.cypher	lv	absent	yes
uni.reg.cypher	th	absent	yes
uni.reg.cypher	gd	absent	yes
uni.reg.cypher	tt	absent	yes
uni.reg.cypher	uk	absent	yes
uni.reg.cypher	cs	absent	yes
uni.reg.cypher	zh	absent	yes
uni.reg.cypher	ko	absent	yes
uni.reg.cypher	ar	absent	yes
uni.reg.cypher	nl-be	absent	yes
uni.reg.cypher	es	absent	yes
uni.reg.cypher	nl	absent	yes
uni.reg.cypher	de	absent	yes
uni.reg.cypher	fr	absent	yes
uni.reg.cypher	he	absent	yes
uni.reg.cypher	hi	absent	yes
uni.reg.cypher	bn	absent	yes
uni.reg.cypher	fa	absent	yes
uni.reg.cypher	ur	absent	yes
uni.reg.cypher	ja	absent	yes
uni.reg.cypher	da	absent	yes
uni.reg.cypher	nb	absent	yes
uni.reg.cypher	sv	absent	yes
uni.reg.cypher	fi	absent	yes
uni.reg.cypher	tr	absent	yes
uni.reg.cypher	hu	absent	yes
uni.reg.cypher	sa	absent	yes
uni.reg.law	en	absent	yes
uni.reg.law	ru	absent	yes
uni.reg.law	lv	absent	yes
uni.reg.law	th	absent	yes
uni.reg.law	gd	absent	yes
uni.reg.law	tt	absent	yes
uni.reg.law	uk	absent	yes
uni.reg.law	cs	absent	yes
uni.reg.law	zh	absent	yes
uni.reg.law	ko	absent	yes
uni.reg.law	ar	absent	yes
uni.reg.law	nl-be	absent	yes
uni.reg.law	es	absent	yes
uni.reg.law	nl	absent	yes
uni.reg.law	de	absent	yes
uni.reg.law	fr	absent	yes
uni.reg.law	he	absent	yes
uni.reg.law	hi	absent	yes
uni.reg.law	bn	absent	yes
uni.reg.law	fa	absent	yes
uni.reg.law	ur	absent	yes
uni.reg.law	ja	absent	yes
uni.reg.law	da	absent	yes
uni.reg.law	nb	absent	yes
uni.reg.law	sv	absent	yes
uni.reg.law	fi	absent	yes
uni.reg.law	tr	absent	yes
uni.reg.law	hu	absent	yes
uni.reg.law	sa	absent	yes
uni.reg.corpus	en	absent	yes
uni.reg.corpus	ru	absent	yes
uni.reg.corpus	lv	absent	yes
uni.reg.corpus	th	absent	yes
uni.reg.corpus	gd	absent	yes
uni.reg.corpus	tt	absent	yes
uni.reg.corpus	uk	absent	yes
uni.reg.corpus	cs	absent	yes
uni.reg.corpus	zh	absent	yes
uni.reg.corpus	ko	absent	yes
uni.reg.corpus	ar	absent	yes
uni.reg.corpus	nl-be	absent	yes
uni.reg.corpus	es	absent	yes
uni.reg.corpus	nl	absent	yes
uni.reg.corpus	de	absent	yes
uni.reg.corpus	fr	absent	yes
uni.reg.corpus	he	absent	yes
uni.reg.corpus	hi	absent	yes
uni.reg.corpus	bn	absent	yes
uni.reg.corpus	fa	absent	yes
uni.reg.corpus	ur	absent	yes
uni.reg.corpus	ja	absent	yes
uni.reg.corpus	da	absent	yes
uni.reg.corpus	nb	absent	yes
uni.reg.corpus	sv	absent	yes
uni.reg.corpus	fi	absent	yes
uni.reg.corpus	tr	absent	yes
uni.reg.corpus	hu	absent	yes
uni.reg.corpus	sa	absent	yes
uni.father	en	absent	yes
uni.father	ru	absent	yes
uni.father	lv	absent	yes
uni.father	th	absent	yes
uni.father	gd	absent	yes
uni.father	tt	absent	yes
uni.father	uk	absent	yes
uni.father	cs	absent	yes
uni.father	zh	absent	yes
uni.father	ko	absent	yes
uni.father	ar	absent	yes
uni.father	nl-be	absent	yes
uni.father	es	absent	yes
uni.father	nl	absent	yes
uni.father	de	absent	yes
uni.father	fr	absent	yes
uni.father	he	absent	yes
uni.father	hi	absent	yes
uni.father	bn	absent	yes
uni.father	fa	absent	yes
uni.father	ur	absent	yes
uni.father	ja	absent	yes
uni.father	da	absent	yes
uni.father	nb	absent	yes
uni.father	sv	absent	yes
uni.father	fi	absent	yes
uni.father	tr	absent	yes
uni.father	hu	absent	yes
uni.father	sa	absent	yes
uni.mother	en	absent	yes
uni.mother	ru	absent	yes
uni.mother	lv	absent	yes
uni.mother	th	absent	yes
uni.mother	gd	absent	yes
uni.mother	tt	absent	yes
uni.mother	uk	absent	yes
uni.mother	cs	absent	yes
uni.mother	zh	absent	yes
uni.mother	ko	absent	yes
uni.mother	ar	absent	yes
uni.mother	nl-be	absent	yes
uni.mother	es	absent	yes
uni.mother	nl	absent	yes
uni.mother	de	absent	yes
uni.mother	fr	absent	yes
uni.mother	he	absent	yes
uni.mother	hi	absent	yes
uni.mother	bn	absent	yes
uni.mother	fa	absent	yes
uni.mother	ur	absent	yes
uni.mother	ja	absent	yes
uni.mother	da	absent	yes
uni.mother	nb	absent	yes
uni.mother	sv	absent	yes
uni.mother	fi	absent	yes
uni.mother	tr	absent	yes
uni.mother	hu	absent	yes
uni.mother	sa	absent	yes
uni.students	en	absent	yes
uni.students	ru	absent	yes
uni.students	lv	absent	yes
uni.students	th	absent	yes
uni.students	gd	absent	yes
uni.students	tt	absent	yes
uni.students	uk	absent	yes
uni.students	cs	absent	yes
uni.students	zh	absent	yes
uni.students	ko	absent	yes
uni.students	ar	absent	yes
uni.students	nl-be	absent	yes
uni.students	es	absent	yes
uni.students	nl	absent	yes
uni.students	de	absent	yes
uni.students	fr	absent	yes
uni.students	he	absent	yes
uni.students	hi	absent	yes
uni.students	bn	absent	yes
uni.students	fa	absent	yes
uni.students	ur	absent	yes
uni.students	ja	absent	yes
uni.students	da	absent	yes
uni.students	nb	absent	yes
uni.students	sv	absent	yes
uni.students	fi	absent	yes
uni.students	tr	absent	yes
uni.students	hu	absent	yes
uni.students	sa	absent	yes
uni.quests.h	en	absent	yes
uni.quests.h	ru	absent	yes
uni.quests.h	lv	absent	yes
uni.quests.h	th	absent	yes
uni.quests.h	gd	absent	yes
uni.quests.h	tt	absent	yes
uni.quests.h	uk	absent	yes
uni.quests.h	cs	absent	yes
uni.quests.h	zh	absent	yes
uni.quests.h	ko	absent	yes
uni.quests.h	ar	absent	yes
uni.quests.h	nl-be	absent	yes
uni.quests.h	es	absent	yes
uni.quests.h	nl	absent	yes
uni.quests.h	de	absent	yes
uni.quests.h	fr	absent	yes
uni.quests.h	he	absent	yes
uni.quests.h	hi	absent	yes
uni.quests.h	bn	absent	yes
uni.quests.h	fa	absent	yes
uni.quests.h	ur	absent	yes
uni.quests.h	ja	absent	yes
uni.quests.h	da	absent	yes
uni.quests.h	nb	absent	yes
uni.quests.h	sv	absent	yes
uni.quests.h	fi	absent	yes
uni.quests.h	tr	absent	yes
uni.quests.h	hu	absent	yes
uni.quests.h	sa	absent	yes
uni.quests.badge	en	absent	yes
uni.quests.badge	ru	absent	yes
uni.quests.badge	lv	absent	yes
uni.quests.badge	th	absent	yes
uni.quests.badge	gd	absent	yes
uni.quests.badge	tt	absent	yes
uni.quests.badge	uk	absent	yes
uni.quests.badge	cs	absent	yes
uni.quests.badge	zh	absent	yes
uni.quests.badge	ko	absent	yes
uni.quests.badge	ar	absent	yes
uni.quests.badge	nl-be	absent	yes
uni.quests.badge	es	absent	yes
uni.quests.badge	nl	absent	yes
uni.quests.badge	de	absent	yes
uni.quests.badge	fr	absent	yes
uni.quests.badge	he	absent	yes
uni.quests.badge	hi	absent	yes
uni.quests.badge	bn	absent	yes
uni.quests.badge	fa	absent	yes
uni.quests.badge	ur	absent	yes
uni.quests.badge	ja	absent	yes
uni.quests.badge	da	absent	yes
uni.quests.badge	nb	absent	yes
uni.quests.badge	sv	absent	yes
uni.quests.badge	fi	absent	yes
uni.quests.badge	tr	absent	yes
uni.quests.badge	hu	absent	yes
uni.quests.badge	sa	absent	yes
uni.quests.law	en	absent	yes
uni.quests.law	ru	absent	yes
uni.quests.law	lv	absent	yes
uni.quests.law	th	absent	yes
uni.quests.law	gd	absent	yes
uni.quests.law	tt	absent	yes
uni.quests.law	uk	absent	yes
uni.quests.law	cs	absent	yes
uni.quests.law	zh	absent	yes
uni.quests.law	ko	absent	yes
uni.quests.law	ar	absent	yes
uni.quests.law	nl-be	absent	yes
uni.quests.law	es	absent	yes
uni.quests.law	nl	absent	yes
uni.quests.law	de	absent	yes
uni.quests.law	fr	absent	yes
uni.quests.law	he	absent	yes
uni.quests.law	hi	absent	yes
uni.quests.law	bn	absent	yes
uni.quests.law	fa	absent	yes
uni.quests.law	ur	absent	yes
uni.quests.law	ja	absent	yes
uni.quests.law	da	absent	yes
uni.quests.law	nb	absent	yes
uni.quests.law	sv	absent	yes
uni.quests.law	fi	absent	yes
uni.quests.law	tr	absent	yes
uni.quests.law	hu	absent	yes
uni.quests.law	sa	absent	yes
uni.q.wt	en	absent	yes
uni.q.wt	ru	absent	yes
uni.q.wt	lv	absent	yes
uni.q.wt	th	absent	yes
uni.q.wt	gd	absent	yes
uni.q.wt	tt	absent	yes
uni.q.wt	uk	absent	yes
uni.q.wt	cs	absent	yes
uni.q.wt	zh	absent	yes
uni.q.wt	ko	absent	yes
uni.q.wt	ar	absent	yes
uni.q.wt	nl-be	absent	yes
uni.q.wt	es	absent	yes
uni.q.wt	nl	absent	yes
uni.q.wt	de	absent	yes
uni.q.wt	fr	absent	yes
uni.q.wt	he	absent	yes
uni.q.wt	hi	absent	yes
uni.q.wt	bn	absent	yes
uni.q.wt	fa	absent	yes
uni.q.wt	ur	absent	yes
uni.q.wt	ja	absent	yes
uni.q.wt	da	absent	yes
uni.q.wt	nb	absent	yes
uni.q.wt	sv	absent	yes
uni.q.wt	fi	absent	yes
uni.q.wt	tr	absent	yes
uni.q.wt	hu	absent	yes
uni.q.wt	sa	absent	yes
uni.q.day	en	absent	yes
uni.q.day	ru	absent	yes
uni.q.day	lv	absent	yes
uni.q.day	th	absent	yes
uni.q.day	gd	absent	yes
uni.q.day	tt	absent	yes
uni.q.day	uk	absent	yes
uni.q.day	cs	absent	yes
uni.q.day	zh	absent	yes
uni.q.day	ko	absent	yes
uni.q.day	ar	absent	yes
uni.q.day	nl-be	absent	yes
uni.q.day	es	absent	yes
uni.q.day	nl	absent	yes
uni.q.day	de	absent	yes
uni.q.day	fr	absent	yes
uni.q.day	he	absent	yes
uni.q.day	hi	absent	yes
uni.q.day	bn	absent	yes
uni.q.day	fa	absent	yes
uni.q.day	ur	absent	yes
uni.q.day	ja	absent	yes
uni.q.day	da	absent	yes
uni.q.day	nb	absent	yes
uni.q.day	sv	absent	yes
uni.q.day	fi	absent	yes
uni.q.day	tr	absent	yes
uni.q.day	hu	absent	yes
uni.q.day	sa	absent	yes
uni.q.week	en	absent	yes
uni.q.week	ru	absent	yes
uni.q.week	lv	absent	yes
uni.q.week	th	absent	yes
uni.q.week	gd	absent	yes
uni.q.week	tt	absent	yes
uni.q.week	uk	absent	yes
uni.q.week	cs	absent	yes
uni.q.week	zh	absent	yes
uni.q.week	ko	absent	yes
uni.q.week	ar	absent	yes
uni.q.week	nl-be	absent	yes
uni.q.week	es	absent	yes
uni.q.week	nl	absent	yes
uni.q.week	de	absent	yes
uni.q.week	fr	absent	yes
uni.q.week	he	absent	yes
uni.q.week	hi	absent	yes
uni.q.week	bn	absent	yes
uni.q.week	fa	absent	yes
uni.q.week	ur	absent	yes
uni.q.week	ja	absent	yes
uni.q.week	da	absent	yes
uni.q.week	nb	absent	yes
uni.q.week	sv	absent	yes
uni.q.week	fi	absent	yes
uni.q.week	tr	absent	yes
uni.q.week	hu	absent	yes
uni.q.week	sa	absent	yes
uni.q.month	en	absent	yes
uni.q.month	ru	absent	yes
uni.q.month	lv	absent	yes
uni.q.month	th	absent	yes
uni.q.month	gd	absent	yes
uni.q.month	tt	absent	yes
uni.q.month	uk	absent	yes
uni.q.month	cs	absent	yes
uni.q.month	zh	absent	yes
uni.q.month	ko	absent	yes
uni.q.month	ar	absent	yes
uni.q.month	nl-be	absent	yes
uni.q.month	es	absent	yes
uni.q.month	nl	absent	yes
uni.q.month	de	absent	yes
uni.q.month	fr	absent	yes
uni.q.month	he	absent	yes
uni.q.month	hi	absent	yes
uni.q.month	bn	absent	yes
uni.q.month	fa	absent	yes
uni.q.month	ur	absent	yes
uni.q.month	ja	absent	yes
uni.q.month	da	absent	yes
uni.q.month	nb	absent	yes
uni.q.month	sv	absent	yes
uni.q.month	fi	absent	yes
uni.q.month	tr	absent	yes
uni.q.month	hu	absent	yes
uni.q.month	sa	absent	yes
uni.q.year	en	absent	yes
uni.q.year	ru	absent	yes
uni.q.year	lv	absent	yes
uni.q.year	th	absent	yes
uni.q.year	gd	absent	yes
uni.q.year	tt	absent	yes
uni.q.year	uk	absent	yes
uni.q.year	cs	absent	yes
uni.q.year	zh	absent	yes
uni.q.year	ko	absent	yes
uni.q.year	ar	absent	yes
uni.q.year	nl-be	absent	yes
uni.q.year	es	absent	yes
uni.q.year	nl	absent	yes
uni.q.year	de	absent	yes
uni.q.year	fr	absent	yes
uni.q.year	he	absent	yes
uni.q.year	hi	absent	yes
uni.q.year	bn	absent	yes
uni.q.year	fa	absent	yes
uni.q.year	ur	absent	yes
uni.q.year	ja	absent	yes
uni.q.year	da	absent	yes
uni.q.year	nb	absent	yes
uni.q.year	sv	absent	yes
uni.q.year	fi	absent	yes
uni.q.year	tr	absent	yes
uni.q.year	hu	absent	yes
uni.q.year	sa	absent	yes
uni.q.compose	en	absent	yes
uni.q.compose	ru	absent	yes
uni.q.compose	lv	absent	yes
uni.q.compose	th	absent	yes
uni.q.compose	gd	absent	yes
uni.q.compose	tt	absent	yes
uni.q.compose	uk	absent	yes
uni.q.compose	cs	absent	yes
uni.q.compose	zh	absent	yes
uni.q.compose	ko	absent	yes
uni.q.compose	ar	absent	yes
uni.q.compose	nl-be	absent	yes
uni.q.compose	es	absent	yes
uni.q.compose	nl	absent	yes
uni.q.compose	de	absent	yes
uni.q.compose	fr	absent	yes
uni.q.compose	he	absent	yes
uni.q.compose	hi	absent	yes
uni.q.compose	bn	absent	yes
uni.q.compose	fa	absent	yes
uni.q.compose	ur	absent	yes
uni.q.compose	ja	absent	yes
uni.q.compose	da	absent	yes
uni.q.compose	nb	absent	yes
uni.q.compose	sv	absent	yes
uni.q.compose	fi	absent	yes
uni.q.compose	tr	absent	yes
uni.q.compose	hu	absent	yes
uni.q.compose	sa	absent	yes
uni.q.progress	en	absent	yes
uni.q.progress	ru	absent	yes
uni.q.progress	lv	absent	yes
uni.q.progress	th	absent	yes
uni.q.progress	gd	absent	yes
uni.q.progress	tt	absent	yes
uni.q.progress	uk	absent	yes
uni.q.progress	cs	absent	yes
uni.q.progress	zh	absent	yes
uni.q.progress	ko	absent	yes
uni.q.progress	ar	absent	yes
uni.q.progress	nl-be	absent	yes
uni.q.progress	es	absent	yes
uni.q.progress	nl	absent	yes
uni.q.progress	de	absent	yes
uni.q.progress	fr	absent	yes
uni.q.progress	he	absent	yes
uni.q.progress	hi	absent	yes
uni.q.progress	bn	absent	yes
uni.q.progress	fa	absent	yes
uni.q.progress	ur	absent	yes
uni.q.progress	ja	absent	yes
uni.q.progress	da	absent	yes
uni.q.progress	nb	absent	yes
uni.q.progress	sv	absent	yes
uni.q.progress	fi	absent	yes
uni.q.progress	tr	absent	yes
uni.q.progress	hu	absent	yes
uni.q.progress	sa	absent	yes
uni.grad.act	en	absent	yes
uni.grad.act	ru	absent	yes
uni.grad.act	lv	absent	yes
uni.grad.act	th	absent	yes
uni.grad.act	gd	absent	yes
uni.grad.act	tt	absent	yes
uni.grad.act	uk	absent	yes
uni.grad.act	cs	absent	yes
uni.grad.act	zh	absent	yes
uni.grad.act	ko	absent	yes
uni.grad.act	ar	absent	yes
uni.grad.act	nl-be	absent	yes
uni.grad.act	es	absent	yes
uni.grad.act	nl	absent	yes
uni.grad.act	de	absent	yes
uni.grad.act	fr	absent	yes
uni.grad.act	he	absent	yes
uni.grad.act	hi	absent	yes
uni.grad.act	bn	absent	yes
uni.grad.act	fa	absent	yes
uni.grad.act	ur	absent	yes
uni.grad.act	ja	absent	yes
uni.grad.act	da	absent	yes
uni.grad.act	nb	absent	yes
uni.grad.act	sv	absent	yes
uni.grad.act	fi	absent	yes
uni.grad.act	tr	absent	yes
uni.grad.act	hu	absent	yes
uni.grad.act	sa	absent	yes
uni.grad.compose	en	absent	yes
uni.grad.compose	ru	absent	yes
uni.grad.compose	lv	absent	yes
uni.grad.compose	th	absent	yes
uni.grad.compose	gd	absent	yes
uni.grad.compose	tt	absent	yes
uni.grad.compose	uk	absent	yes
uni.grad.compose	cs	absent	yes
uni.grad.compose	zh	absent	yes
uni.grad.compose	ko	absent	yes
uni.grad.compose	ar	absent	yes
uni.grad.compose	nl-be	absent	yes
uni.grad.compose	es	absent	yes
uni.grad.compose	nl	absent	yes
uni.grad.compose	de	absent	yes
uni.grad.compose	fr	absent	yes
uni.grad.compose	he	absent	yes
uni.grad.compose	hi	absent	yes
uni.grad.compose	bn	absent	yes
uni.grad.compose	fa	absent	yes
uni.grad.compose	ur	absent	yes
uni.grad.compose	ja	absent	yes
uni.grad.compose	da	absent	yes
uni.grad.compose	nb	absent	yes
uni.grad.compose	sv	absent	yes
uni.grad.compose	fi	absent	yes
uni.grad.compose	tr	absent	yes
uni.grad.compose	hu	absent	yes
uni.grad.compose	sa	absent	yes
uni.grad.law	en	absent	yes
uni.grad.law	ru	absent	yes
uni.grad.law	lv	absent	yes
uni.grad.law	th	absent	yes
uni.grad.law	gd	absent	yes
uni.grad.law	tt	absent	yes
uni.grad.law	uk	absent	yes
uni.grad.law	cs	absent	yes
uni.grad.law	zh	absent	yes
uni.grad.law	ko	absent	yes
uni.grad.law	ar	absent	yes
uni.grad.law	nl-be	absent	yes
uni.grad.law	es	absent	yes
uni.grad.law	nl	absent	yes
uni.grad.law	de	absent	yes
uni.grad.law	fr	absent	yes
uni.grad.law	he	absent	yes
uni.grad.law	hi	absent	yes
uni.grad.law	bn	absent	yes
uni.grad.law	fa	absent	yes
uni.grad.law	ur	absent	yes
uni.grad.law	ja	absent	yes
uni.grad.law	da	absent	yes
uni.grad.law	nb	absent	yes
uni.grad.law	sv	absent	yes
uni.grad.law	fi	absent	yes
uni.grad.law	tr	absent	yes
uni.grad.law	hu	absent	yes
uni.grad.law	sa	absent	yes
uni.trans.law	en	absent	yes
uni.trans.law	ru	absent	yes
uni.trans.law	lv	absent	yes
uni.trans.law	th	absent	yes
uni.trans.law	gd	absent	yes
uni.trans.law	tt	absent	yes
uni.trans.law	uk	absent	yes
uni.trans.law	cs	absent	yes
uni.trans.law	zh	absent	yes
uni.trans.law	ko	absent	yes
uni.trans.law	ar	absent	yes
uni.trans.law	nl-be	absent	yes
uni.trans.law	es	absent	yes
uni.trans.law	nl	absent	yes
uni.trans.law	de	absent	yes
uni.trans.law	fr	absent	yes
uni.trans.law	he	absent	yes
uni.trans.law	hi	absent	yes
uni.trans.law	bn	absent	yes
uni.trans.law	fa	absent	yes
uni.trans.law	ur	absent	yes
uni.trans.law	ja	absent	yes
uni.trans.law	da	absent	yes
uni.trans.law	nb	absent	yes
uni.trans.law	sv	absent	yes
uni.trans.law	fi	absent	yes
uni.trans.law	tr	absent	yes
uni.trans.law	hu	absent	yes
uni.trans.law	sa	absent	yes
uni.gates.q	en	absent	yes
uni.gates.q	ru	absent	yes
uni.gates.q	lv	absent	yes
uni.gates.q	th	absent	yes
uni.gates.q	gd	absent	yes
uni.gates.q	tt	absent	yes
uni.gates.q	uk	absent	yes
uni.gates.q	cs	absent	yes
uni.gates.q	zh	absent	yes
uni.gates.q	ko	absent	yes
uni.gates.q	ar	absent	yes
uni.gates.q	nl-be	absent	yes
uni.gates.q	es	absent	yes
uni.gates.q	nl	absent	yes
uni.gates.q	de	absent	yes
uni.gates.q	fr	absent	yes
uni.gates.q	he	absent	yes
uni.gates.q	hi	absent	yes
uni.gates.q	bn	absent	yes
uni.gates.q	fa	absent	yes
uni.gates.q	ur	absent	yes
uni.gates.q	ja	absent	yes
uni.gates.q	da	absent	yes
uni.gates.q	nb	absent	yes
uni.gates.q	sv	absent	yes
uni.gates.q	fi	absent	yes
uni.gates.q	tr	absent	yes
uni.gates.q	hu	absent	yes
uni.gates.q	sa	absent	yes
uni.gates.state	en	absent	yes
uni.gates.state	ru	absent	yes
uni.gates.state	lv	absent	yes
uni.gates.state	th	absent	yes
uni.gates.state	gd	absent	yes
uni.gates.state	tt	absent	yes
uni.gates.state	uk	absent	yes
uni.gates.state	cs	absent	yes
uni.gates.state	zh	absent	yes
uni.gates.state	ko	absent	yes
uni.gates.state	ar	absent	yes
uni.gates.state	nl-be	absent	yes
uni.gates.state	es	absent	yes
uni.gates.state	nl	absent	yes
uni.gates.state	de	absent	yes
uni.gates.state	fr	absent	yes
uni.gates.state	he	absent	yes
uni.gates.state	hi	absent	yes
uni.gates.state	bn	absent	yes
uni.gates.state	fa	absent	yes
uni.gates.state	ur	absent	yes
uni.gates.state	ja	absent	yes
uni.gates.state	da	absent	yes
uni.gates.state	nb	absent	yes
uni.gates.state	sv	absent	yes
uni.gates.state	fi	absent	yes
uni.gates.state	tr	absent	yes
uni.gates.state	hu	absent	yes
uni.gates.state	sa	absent	yes
uni.gates.u1.q	en	absent	yes
uni.gates.u1.q	ru	absent	yes
uni.gates.u1.q	lv	absent	yes
uni.gates.u1.q	th	absent	yes
uni.gates.u1.q	gd	absent	yes
uni.gates.u1.q	tt	absent	yes
uni.gates.u1.q	uk	absent	yes
uni.gates.u1.q	cs	absent	yes
uni.gates.u1.q	zh	absent	yes
uni.gates.u1.q	ko	absent	yes
uni.gates.u1.q	ar	absent	yes
uni.gates.u1.q	nl-be	absent	yes
uni.gates.u1.q	es	absent	yes
uni.gates.u1.q	nl	absent	yes
uni.gates.u1.q	de	absent	yes
uni.gates.u1.q	fr	absent	yes
uni.gates.u1.q	he	absent	yes
uni.gates.u1.q	hi	absent	yes
uni.gates.u1.q	bn	absent	yes
uni.gates.u1.q	fa	absent	yes
uni.gates.u1.q	ur	absent	yes
uni.gates.u1.q	ja	absent	yes
uni.gates.u1.q	da	absent	yes
uni.gates.u1.q	nb	absent	yes
uni.gates.u1.q	sv	absent	yes
uni.gates.u1.q	fi	absent	yes
uni.gates.u1.q	tr	absent	yes
uni.gates.u1.q	hu	absent	yes
uni.gates.u1.q	sa	absent	yes
uni.gates.u1.s	en	absent	yes
uni.gates.u1.s	ru	absent	yes
uni.gates.u1.s	lv	absent	yes
uni.gates.u1.s	th	absent	yes
uni.gates.u1.s	gd	absent	yes
uni.gates.u1.s	tt	absent	yes
uni.gates.u1.s	uk	absent	yes
uni.gates.u1.s	cs	absent	yes
uni.gates.u1.s	zh	absent	yes
uni.gates.u1.s	ko	absent	yes
uni.gates.u1.s	ar	absent	yes
uni.gates.u1.s	nl-be	absent	yes
uni.gates.u1.s	es	absent	yes
uni.gates.u1.s	nl	absent	yes
uni.gates.u1.s	de	absent	yes
uni.gates.u1.s	fr	absent	yes
uni.gates.u1.s	he	absent	yes
uni.gates.u1.s	hi	absent	yes
uni.gates.u1.s	bn	absent	yes
uni.gates.u1.s	fa	absent	yes
uni.gates.u1.s	ur	absent	yes
uni.gates.u1.s	ja	absent	yes
uni.gates.u1.s	da	absent	yes
uni.gates.u1.s	nb	absent	yes
uni.gates.u1.s	sv	absent	yes
uni.gates.u1.s	fi	absent	yes
uni.gates.u1.s	tr	absent	yes
uni.gates.u1.s	hu	absent	yes
uni.gates.u1.s	sa	absent	yes
uni.gates.u2.q	en	absent	yes
uni.gates.u2.q	ru	absent	yes
uni.gates.u2.q	lv	absent	yes
uni.gates.u2.q	th	absent	yes
uni.gates.u2.q	gd	absent	yes
uni.gates.u2.q	tt	absent	yes
uni.gates.u2.q	uk	absent	yes
uni.gates.u2.q	cs	absent	yes
uni.gates.u2.q	zh	absent	yes
uni.gates.u2.q	ko	absent	yes
uni.gates.u2.q	ar	absent	yes
uni.gates.u2.q	nl-be	absent	yes
uni.gates.u2.q	es	absent	yes
uni.gates.u2.q	nl	absent	yes
uni.gates.u2.q	de	absent	yes
uni.gates.u2.q	fr	absent	yes
uni.gates.u2.q	he	absent	yes
uni.gates.u2.q	hi	absent	yes
uni.gates.u2.q	bn	absent	yes
uni.gates.u2.q	fa	absent	yes
uni.gates.u2.q	ur	absent	yes
uni.gates.u2.q	ja	absent	yes
uni.gates.u2.q	da	absent	yes
uni.gates.u2.q	nb	absent	yes
uni.gates.u2.q	sv	absent	yes
uni.gates.u2.q	fi	absent	yes
uni.gates.u2.q	tr	absent	yes
uni.gates.u2.q	hu	absent	yes
uni.gates.u2.q	sa	absent	yes
uni.gates.u2.s	en	absent	yes
uni.gates.u2.s	ru	absent	yes
uni.gates.u2.s	lv	absent	yes
uni.gates.u2.s	th	absent	yes
uni.gates.u2.s	gd	absent	yes
uni.gates.u2.s	tt	absent	yes
uni.gates.u2.s	uk	absent	yes
uni.gates.u2.s	cs	absent	yes
uni.gates.u2.s	zh	absent	yes
uni.gates.u2.s	ko	absent	yes
uni.gates.u2.s	ar	absent	yes
uni.gates.u2.s	nl-be	absent	yes
uni.gates.u2.s	es	absent	yes
uni.gates.u2.s	nl	absent	yes
uni.gates.u2.s	de	absent	yes
uni.gates.u2.s	fr	absent	yes
uni.gates.u2.s	he	absent	yes
uni.gates.u2.s	hi	absent	yes
uni.gates.u2.s	bn	absent	yes
uni.gates.u2.s	fa	absent	yes
uni.gates.u2.s	ur	absent	yes
uni.gates.u2.s	ja	absent	yes
uni.gates.u2.s	da	absent	yes
uni.gates.u2.s	nb	absent	yes
uni.gates.u2.s	sv	absent	yes
uni.gates.u2.s	fi	absent	yes
uni.gates.u2.s	tr	absent	yes
uni.gates.u2.s	hu	absent	yes
uni.gates.u2.s	sa	absent	yes
uni.gates.u3.q	en	absent	yes
uni.gates.u3.q	ru	absent	yes
uni.gates.u3.q	lv	absent	yes
uni.gates.u3.q	th	absent	yes
uni.gates.u3.q	gd	absent	yes
uni.gates.u3.q	tt	absent	yes
uni.gates.u3.q	uk	absent	yes
uni.gates.u3.q	cs	absent	yes
uni.gates.u3.q	zh	absent	yes
uni.gates.u3.q	ko	absent	yes
uni.gates.u3.q	ar	absent	yes
uni.gates.u3.q	nl-be	absent	yes
uni.gates.u3.q	es	absent	yes
uni.gates.u3.q	nl	absent	yes
uni.gates.u3.q	de	absent	yes
uni.gates.u3.q	fr	absent	yes
uni.gates.u3.q	he	absent	yes
uni.gates.u3.q	hi	absent	yes
uni.gates.u3.q	bn	absent	yes
uni.gates.u3.q	fa	absent	yes
uni.gates.u3.q	ur	absent	yes
uni.gates.u3.q	ja	absent	yes
uni.gates.u3.q	da	absent	yes
uni.gates.u3.q	nb	absent	yes
uni.gates.u3.q	sv	absent	yes
uni.gates.u3.q	fi	absent	yes
uni.gates.u3.q	tr	absent	yes
uni.gates.u3.q	hu	absent	yes
uni.gates.u3.q	sa	absent	yes
uni.gates.u3.s	en	absent	yes
uni.gates.u3.s	ru	absent	yes
uni.gates.u3.s	lv	absent	yes
uni.gates.u3.s	th	absent	yes
uni.gates.u3.s	gd	absent	yes
uni.gates.u3.s	tt	absent	yes
uni.gates.u3.s	uk	absent	yes
uni.gates.u3.s	cs	absent	yes
uni.gates.u3.s	zh	absent	yes
uni.gates.u3.s	ko	absent	yes
uni.gates.u3.s	ar	absent	yes
uni.gates.u3.s	nl-be	absent	yes
uni.gates.u3.s	es	absent	yes
uni.gates.u3.s	nl	absent	yes
uni.gates.u3.s	de	absent	yes
uni.gates.u3.s	fr	absent	yes
uni.gates.u3.s	he	absent	yes
uni.gates.u3.s	hi	absent	yes
uni.gates.u3.s	bn	absent	yes
uni.gates.u3.s	fa	absent	yes
uni.gates.u3.s	ur	absent	yes
uni.gates.u3.s	ja	absent	yes
uni.gates.u3.s	da	absent	yes
uni.gates.u3.s	nb	absent	yes
uni.gates.u3.s	sv	absent	yes
uni.gates.u3.s	fi	absent	yes
uni.gates.u3.s	tr	absent	yes
uni.gates.u3.s	hu	absent	yes
uni.gates.u3.s	sa	absent	yes
uni.gates.law	en	absent	yes
uni.gates.law	ru	absent	yes
uni.gates.law	lv	absent	yes
uni.gates.law	th	absent	yes
uni.gates.law	gd	absent	yes
uni.gates.law	tt	absent	yes
uni.gates.law	uk	absent	yes
uni.gates.law	cs	absent	yes
uni.gates.law	zh	absent	yes
uni.gates.law	ko	absent	yes
uni.gates.law	ar	absent	yes
uni.gates.law	nl-be	absent	yes
uni.gates.law	es	absent	yes
uni.gates.law	nl	absent	yes
uni.gates.law	de	absent	yes
uni.gates.law	fr	absent	yes
uni.gates.law	he	absent	yes
uni.gates.law	hi	absent	yes
uni.gates.law	bn	absent	yes
uni.gates.law	fa	absent	yes
uni.gates.law	ur	absent	yes
uni.gates.law	ja	absent	yes
uni.gates.law	da	absent	yes
uni.gates.law	nb	absent	yes
uni.gates.law	sv	absent	yes
uni.gates.law	fi	absent	yes
uni.gates.law	tr	absent	yes
uni.gates.law	hu	absent	yes
uni.gates.law	sa	absent	yes
uni.foot.doctrine	en	absent	yes
uni.foot.doctrine	ru	absent	yes
uni.foot.doctrine	lv	absent	yes
uni.foot.doctrine	th	absent	yes
uni.foot.doctrine	gd	absent	yes
uni.foot.doctrine	tt	absent	yes
uni.foot.doctrine	uk	absent	yes
uni.foot.doctrine	cs	absent	yes
uni.foot.doctrine	zh	absent	yes
uni.foot.doctrine	ko	absent	yes
uni.foot.doctrine	ar	absent	yes
uni.foot.doctrine	nl-be	absent	yes
uni.foot.doctrine	es	absent	yes
uni.foot.doctrine	nl	absent	yes
uni.foot.doctrine	de	absent	yes
uni.foot.doctrine	fr	absent	yes
uni.foot.doctrine	he	absent	yes
uni.foot.doctrine	hi	absent	yes
uni.foot.doctrine	bn	absent	yes
uni.foot.doctrine	fa	absent	yes
uni.foot.doctrine	ur	absent	yes
uni.foot.doctrine	ja	absent	yes
uni.foot.doctrine	da	absent	yes
uni.foot.doctrine	nb	absent	yes
uni.foot.doctrine	sv	absent	yes
uni.foot.doctrine	fi	absent	yes
uni.foot.doctrine	tr	absent	yes
uni.foot.doctrine	hu	absent	yes
uni.foot.doctrine	sa	absent	yes
uni.foot.landing	en	absent	yes
uni.foot.landing	ru	absent	yes
uni.foot.landing	lv	absent	yes
uni.foot.landing	th	absent	yes
uni.foot.landing	gd	absent	yes
uni.foot.landing	tt	absent	yes
uni.foot.landing	uk	absent	yes
uni.foot.landing	cs	absent	yes
uni.foot.landing	zh	absent	yes
uni.foot.landing	ko	absent	yes
uni.foot.landing	ar	absent	yes
uni.foot.landing	nl-be	absent	yes
uni.foot.landing	es	absent	yes
uni.foot.landing	nl	absent	yes
uni.foot.landing	de	absent	yes
uni.foot.landing	fr	absent	yes
uni.foot.landing	he	absent	yes
uni.foot.landing	hi	absent	yes
uni.foot.landing	bn	absent	yes
uni.foot.landing	fa	absent	yes
uni.foot.landing	ur	absent	yes
uni.foot.landing	ja	absent	yes
uni.foot.landing	da	absent	yes
uni.foot.landing	nb	absent	yes
uni.foot.landing	sv	absent	yes
uni.foot.landing	fi	absent	yes
uni.foot.landing	tr	absent	yes
uni.foot.landing	hu	absent	yes
uni.foot.landing	sa	absent	yes
uni.foot.inherited	en	absent	yes
uni.foot.inherited	ru	absent	yes
uni.foot.inherited	lv	absent	yes
uni.foot.inherited	th	absent	yes
uni.foot.inherited	gd	absent	yes
uni.foot.inherited	tt	absent	yes
uni.foot.inherited	uk	absent	yes
uni.foot.inherited	cs	absent	yes
uni.foot.inherited	zh	absent	yes
uni.foot.inherited	ko	absent	yes
uni.foot.inherited	ar	absent	yes
uni.foot.inherited	nl-be	absent	yes
uni.foot.inherited	es	absent	yes
uni.foot.inherited	nl	absent	yes
uni.foot.inherited	de	absent	yes
uni.foot.inherited	fr	absent	yes
uni.foot.inherited	he	absent	yes
uni.foot.inherited	hi	absent	yes
uni.foot.inherited	bn	absent	yes
uni.foot.inherited	fa	absent	yes
uni.foot.inherited	ur	absent	yes
uni.foot.inherited	ja	absent	yes
uni.foot.inherited	da	absent	yes
uni.foot.inherited	nb	absent	yes
uni.foot.inherited	sv	absent	yes
uni.foot.inherited	fi	absent	yes
uni.foot.inherited	tr	absent	yes
uni.foot.inherited	hu	absent	yes
uni.foot.inherited	sa	absent	yes
uni.foot.producer	en	absent	yes
uni.foot.producer	ru	absent	yes
uni.foot.producer	lv	absent	yes
uni.foot.producer	th	absent	yes
uni.foot.producer	gd	absent	yes
uni.foot.producer	tt	absent	yes
uni.foot.producer	uk	absent	yes
uni.foot.producer	cs	absent	yes
uni.foot.producer	zh	absent	yes
uni.foot.producer	ko	absent	yes
uni.foot.producer	ar	absent	yes
uni.foot.producer	nl-be	absent	yes
uni.foot.producer	es	absent	yes
uni.foot.producer	nl	absent	yes
uni.foot.producer	de	absent	yes
uni.foot.producer	fr	absent	yes
uni.foot.producer	he	absent	yes
uni.foot.producer	hi	absent	yes
uni.foot.producer	bn	absent	yes
uni.foot.producer	fa	absent	yes
uni.foot.producer	ur	absent	yes
uni.foot.producer	ja	absent	yes
uni.foot.producer	da	absent	yes
uni.foot.producer	nb	absent	yes
uni.foot.producer	sv	absent	yes
uni.foot.producer	fi	absent	yes
uni.foot.producer	tr	absent	yes
uni.foot.producer	hu	absent	yes
uni.foot.producer	sa	absent	yes
uni.foot.lab	en	absent	yes
uni.foot.lab	ru	absent	yes
uni.foot.lab	lv	absent	yes
uni.foot.lab	th	absent	yes
uni.foot.lab	gd	absent	yes
uni.foot.lab	tt	absent	yes
uni.foot.lab	uk	absent	yes
uni.foot.lab	cs	absent	yes
uni.foot.lab	zh	absent	yes
uni.foot.lab	ko	absent	yes
uni.foot.lab	ar	absent	yes
uni.foot.lab	nl-be	absent	yes
uni.foot.lab	es	absent	yes
uni.foot.lab	nl	absent	yes
uni.foot.lab	de	absent	yes
uni.foot.lab	fr	absent	yes
uni.foot.lab	he	absent	yes
uni.foot.lab	hi	absent	yes
uni.foot.lab	bn	absent	yes
uni.foot.lab	fa	absent	yes
uni.foot.lab	ur	absent	yes
uni.foot.lab	ja	absent	yes
uni.foot.lab	da	absent	yes
uni.foot.lab	nb	absent	yes
uni.foot.lab	sv	absent	yes
uni.foot.lab	fi	absent	yes
uni.foot.lab	tr	absent	yes
uni.foot.lab	hu	absent	yes
uni.foot.lab	sa	absent	yes
uni.foot.museum	en	absent	yes
uni.foot.museum	ru	absent	yes
uni.foot.museum	lv	absent	yes
uni.foot.museum	th	absent	yes
uni.foot.museum	gd	absent	yes
uni.foot.museum	tt	absent	yes
uni.foot.museum	uk	absent	yes
uni.foot.museum	cs	absent	yes
uni.foot.museum	zh	absent	yes
uni.foot.museum	ko	absent	yes
uni.foot.museum	ar	absent	yes
uni.foot.museum	nl-be	absent	yes
uni.foot.museum	es	absent	yes
uni.foot.museum	nl	absent	yes
uni.foot.museum	de	absent	yes
uni.foot.museum	fr	absent	yes
uni.foot.museum	he	absent	yes
uni.foot.museum	hi	absent	yes
uni.foot.museum	bn	absent	yes
uni.foot.museum	fa	absent	yes
uni.foot.museum	ur	absent	yes
uni.foot.museum	ja	absent	yes
uni.foot.museum	da	absent	yes
uni.foot.museum	nb	absent	yes
uni.foot.museum	sv	absent	yes
uni.foot.museum	fi	absent	yes
uni.foot.museum	tr	absent	yes
uni.foot.museum	hu	absent	yes
uni.foot.museum	sa	absent	yes
uni.foot.bigen	en	absent	yes
uni.foot.bigen	ru	absent	yes
uni.foot.bigen	lv	absent	yes
uni.foot.bigen	th	absent	yes
uni.foot.bigen	gd	absent	yes
uni.foot.bigen	tt	absent	yes
uni.foot.bigen	uk	absent	yes
uni.foot.bigen	cs	absent	yes
uni.foot.bigen	zh	absent	yes
uni.foot.bigen	ko	absent	yes
uni.foot.bigen	ar	absent	yes
uni.foot.bigen	nl-be	absent	yes
uni.foot.bigen	es	absent	yes
uni.foot.bigen	nl	absent	yes
uni.foot.bigen	de	absent	yes
uni.foot.bigen	fr	absent	yes
uni.foot.bigen	he	absent	yes
uni.foot.bigen	hi	absent	yes
uni.foot.bigen	bn	absent	yes
uni.foot.bigen	fa	absent	yes
uni.foot.bigen	ur	absent	yes
uni.foot.bigen	ja	absent	yes
uni.foot.bigen	da	absent	yes
uni.foot.bigen	nb	absent	yes
uni.foot.bigen	sv	absent	yes
uni.foot.bigen	fi	absent	yes
uni.foot.bigen	tr	absent	yes
uni.foot.bigen	hu	absent	yes
uni.foot.bigen	sa	absent	yes
uni.foot.built	en	absent	yes
uni.foot.built	ru	absent	yes
uni.foot.built	lv	absent	yes
uni.foot.built	th	absent	yes
uni.foot.built	gd	absent	yes
uni.foot.built	tt	absent	yes
uni.foot.built	uk	absent	yes
uni.foot.built	cs	absent	yes
uni.foot.built	zh	absent	yes
uni.foot.built	ko	absent	yes
uni.foot.built	ar	absent	yes
uni.foot.built	nl-be	absent	yes
uni.foot.built	es	absent	yes
uni.foot.built	nl	absent	yes
uni.foot.built	de	absent	yes
uni.foot.built	fr	absent	yes
uni.foot.built	he	absent	yes
uni.foot.built	hi	absent	yes
uni.foot.built	bn	absent	yes
uni.foot.built	fa	absent	yes
uni.foot.built	ur	absent	yes
uni.foot.built	ja	absent	yes
uni.foot.built	da	absent	yes
uni.foot.built	nb	absent	yes
uni.foot.built	sv	absent	yes
uni.foot.built	fi	absent	yes
uni.foot.built	tr	absent	yes
uni.foot.built	hu	absent	yes
uni.foot.built	sa	absent	yes
bld.title	en	absent	yes
bld.title	ru	absent	yes
bld.title	lv	absent	yes
bld.title	th	absent	yes
bld.title	gd	absent	yes
bld.title	tt	absent	yes
bld.title	uk	absent	yes
bld.title	cs	absent	yes
bld.title	zh	absent	yes
bld.title	ko	absent	yes
bld.title	ar	absent	yes
bld.title	nl-be	absent	yes
bld.title	es	absent	yes
bld.title	nl	absent	yes
bld.title	de	absent	yes
bld.title	fr	absent	yes
bld.title	he	absent	yes
bld.title	hi	absent	yes
bld.title	bn	absent	yes
bld.title	fa	absent	yes
bld.title	ur	absent	yes
bld.title	ja	absent	yes
bld.title	da	absent	yes
bld.title	nb	absent	yes
bld.title	sv	absent	yes
bld.title	fi	absent	yes
bld.title	tr	absent	yes
bld.title	hu	absent	yes
bld.title	sa	absent	yes
bld.lede	en	absent	yes
bld.lede	ru	absent	yes
bld.lede	lv	absent	yes
bld.lede	th	absent	yes
bld.lede	gd	absent	yes
bld.lede	tt	absent	yes
bld.lede	uk	absent	yes
bld.lede	cs	absent	yes
bld.lede	zh	absent	yes
bld.lede	ko	absent	yes
bld.lede	ar	absent	yes
bld.lede	nl-be	absent	yes
bld.lede	es	absent	yes
bld.lede	nl	absent	yes
bld.lede	de	absent	yes
bld.lede	fr	absent	yes
bld.lede	he	absent	yes
bld.lede	hi	absent	yes
bld.lede	bn	absent	yes
bld.lede	fa	absent	yes
bld.lede	ur	absent	yes
bld.lede	ja	absent	yes
bld.lede	da	absent	yes
bld.lede	nb	absent	yes
bld.lede	sv	absent	yes
bld.lede	fi	absent	yes
bld.lede	tr	absent	yes
bld.lede	hu	absent	yes
bld.lede	sa	absent	yes
bld.unesco	en	absent	yes
bld.unesco	ru	absent	yes
bld.unesco	lv	absent	yes
bld.unesco	th	absent	yes
bld.unesco	gd	absent	yes
bld.unesco	tt	absent	yes
bld.unesco	uk	absent	yes
bld.unesco	cs	absent	yes
bld.unesco	zh	absent	yes
bld.unesco	ko	absent	yes
bld.unesco	ar	absent	yes
bld.unesco	nl-be	absent	yes
bld.unesco	es	absent	yes
bld.unesco	nl	absent	yes
bld.unesco	de	absent	yes
bld.unesco	fr	absent	yes
bld.unesco	he	absent	yes
bld.unesco	hi	absent	yes
bld.unesco	bn	absent	yes
bld.unesco	fa	absent	yes
bld.unesco	ur	absent	yes
bld.unesco	ja	absent	yes
bld.unesco	da	absent	yes
bld.unesco	nb	absent	yes
bld.unesco	sv	absent	yes
bld.unesco	fi	absent	yes
bld.unesco	tr	absent	yes
bld.unesco	hu	absent	yes
bld.unesco	sa	absent	yes
bld.cmp.trad	en	absent	yes
bld.cmp.trad	ru	absent	yes
bld.cmp.trad	lv	absent	yes
bld.cmp.trad	th	absent	yes
bld.cmp.trad	gd	absent	yes
bld.cmp.trad	tt	absent	yes
bld.cmp.trad	uk	absent	yes
bld.cmp.trad	cs	absent	yes
bld.cmp.trad	zh	absent	yes
bld.cmp.trad	ko	absent	yes
bld.cmp.trad	ar	absent	yes
bld.cmp.trad	nl-be	absent	yes
bld.cmp.trad	es	absent	yes
bld.cmp.trad	nl	absent	yes
bld.cmp.trad	de	absent	yes
bld.cmp.trad	fr	absent	yes
bld.cmp.trad	he	absent	yes
bld.cmp.trad	hi	absent	yes
bld.cmp.trad	bn	absent	yes
bld.cmp.trad	fa	absent	yes
bld.cmp.trad	ur	absent	yes
bld.cmp.trad	ja	absent	yes
bld.cmp.trad	da	absent	yes
bld.cmp.trad	nb	absent	yes
bld.cmp.trad	sv	absent	yes
bld.cmp.trad	fi	absent	yes
bld.cmp.trad	tr	absent	yes
bld.cmp.trad	hu	absent	yes
bld.cmp.trad	sa	absent	yes
bld.cmp.dock	en	absent	yes
bld.cmp.dock	ru	absent	yes
bld.cmp.dock	lv	absent	yes
bld.cmp.dock	th	absent	yes
bld.cmp.dock	gd	absent	yes
bld.cmp.dock	tt	absent	yes
bld.cmp.dock	uk	absent	yes
bld.cmp.dock	cs	absent	yes
bld.cmp.dock	zh	absent	yes
bld.cmp.dock	ko	absent	yes
bld.cmp.dock	ar	absent	yes
bld.cmp.dock	nl-be	absent	yes
bld.cmp.dock	es	absent	yes
bld.cmp.dock	nl	absent	yes
bld.cmp.dock	de	absent	yes
bld.cmp.dock	fr	absent	yes
bld.cmp.dock	he	absent	yes
bld.cmp.dock	hi	absent	yes
bld.cmp.dock	bn	absent	yes
bld.cmp.dock	fa	absent	yes
bld.cmp.dock	ur	absent	yes
bld.cmp.dock	ja	absent	yes
bld.cmp.dock	da	absent	yes
bld.cmp.dock	nb	absent	yes
bld.cmp.dock	sv	absent	yes
bld.cmp.dock	fi	absent	yes
bld.cmp.dock	tr	absent	yes
bld.cmp.dock	hu	absent	yes
bld.cmp.dock	sa	absent	yes
bld.cmp.locales	en	absent	yes
bld.cmp.locales	ru	absent	yes
bld.cmp.locales	lv	absent	yes
bld.cmp.locales	th	absent	yes
bld.cmp.locales	gd	absent	yes
bld.cmp.locales	tt	absent	yes
bld.cmp.locales	uk	absent	yes
bld.cmp.locales	cs	absent	yes
bld.cmp.locales	zh	absent	yes
bld.cmp.locales	ko	absent	yes
bld.cmp.locales	ar	absent	yes
bld.cmp.locales	nl-be	absent	yes
bld.cmp.locales	es	absent	yes
bld.cmp.locales	nl	absent	yes
bld.cmp.locales	de	absent	yes
bld.cmp.locales	fr	absent	yes
bld.cmp.locales	he	absent	yes
bld.cmp.locales	hi	absent	yes
bld.cmp.locales	bn	absent	yes
bld.cmp.locales	fa	absent	yes
bld.cmp.locales	ur	absent	yes
bld.cmp.locales	ja	absent	yes
bld.cmp.locales	da	absent	yes
bld.cmp.locales	nb	absent	yes
bld.cmp.locales	sv	absent	yes
bld.cmp.locales	fi	absent	yes
bld.cmp.locales	tr	absent	yes
bld.cmp.locales	hu	absent	yes
bld.cmp.locales	sa	absent	yes
bld.cmp.locales.t	en	absent	yes
bld.cmp.locales.t	ru	absent	yes
bld.cmp.locales.t	lv	absent	yes
bld.cmp.locales.t	th	absent	yes
bld.cmp.locales.t	gd	absent	yes
bld.cmp.locales.t	tt	absent	yes
bld.cmp.locales.t	uk	absent	yes
bld.cmp.locales.t	cs	absent	yes
bld.cmp.locales.t	zh	absent	yes
bld.cmp.locales.t	ko	absent	yes
bld.cmp.locales.t	ar	absent	yes
bld.cmp.locales.t	nl-be	absent	yes
bld.cmp.locales.t	es	absent	yes
bld.cmp.locales.t	nl	absent	yes
bld.cmp.locales.t	de	absent	yes
bld.cmp.locales.t	fr	absent	yes
bld.cmp.locales.t	he	absent	yes
bld.cmp.locales.t	hi	absent	yes
bld.cmp.locales.t	bn	absent	yes
bld.cmp.locales.t	fa	absent	yes
bld.cmp.locales.t	ur	absent	yes
bld.cmp.locales.t	ja	absent	yes
bld.cmp.locales.t	da	absent	yes
bld.cmp.locales.t	nb	absent	yes
bld.cmp.locales.t	sv	absent	yes
bld.cmp.locales.t	fi	absent	yes
bld.cmp.locales.t	tr	absent	yes
bld.cmp.locales.t	hu	absent	yes
bld.cmp.locales.t	sa	absent	yes
bld.cmp.locales.d	en	absent	yes
bld.cmp.locales.d	ru	absent	yes
bld.cmp.locales.d	lv	absent	yes
bld.cmp.locales.d	th	absent	yes
bld.cmp.locales.d	gd	absent	yes
bld.cmp.locales.d	tt	absent	yes
bld.cmp.locales.d	uk	absent	yes
bld.cmp.locales.d	cs	absent	yes
bld.cmp.locales.d	zh	absent	yes
bld.cmp.locales.d	ko	absent	yes
bld.cmp.locales.d	ar	absent	yes
bld.cmp.locales.d	nl-be	absent	yes
bld.cmp.locales.d	es	absent	yes
bld.cmp.locales.d	nl	absent	yes
bld.cmp.locales.d	de	absent	yes
bld.cmp.locales.d	fr	absent	yes
bld.cmp.locales.d	he	absent	yes
bld.cmp.locales.d	hi	absent	yes
bld.cmp.locales.d	bn	absent	yes
bld.cmp.locales.d	fa	absent	yes
bld.cmp.locales.d	ur	absent	yes
bld.cmp.locales.d	ja	absent	yes
bld.cmp.locales.d	da	absent	yes
bld.cmp.locales.d	nb	absent	yes
bld.cmp.locales.d	sv	absent	yes
bld.cmp.locales.d	fi	absent	yes
bld.cmp.locales.d	tr	absent	yes
bld.cmp.locales.d	hu	absent	yes
bld.cmp.locales.d	sa	absent	yes
bld.cmp.strings	en	absent	yes
bld.cmp.strings	ru	absent	yes
bld.cmp.strings	lv	absent	yes
bld.cmp.strings	th	absent	yes
bld.cmp.strings	gd	absent	yes
bld.cmp.strings	tt	absent	yes
bld.cmp.strings	uk	absent	yes
bld.cmp.strings	cs	absent	yes
bld.cmp.strings	zh	absent	yes
bld.cmp.strings	ko	absent	yes
bld.cmp.strings	ar	absent	yes
bld.cmp.strings	nl-be	absent	yes
bld.cmp.strings	es	absent	yes
bld.cmp.strings	nl	absent	yes
bld.cmp.strings	de	absent	yes
bld.cmp.strings	fr	absent	yes
bld.cmp.strings	he	absent	yes
bld.cmp.strings	hi	absent	yes
bld.cmp.strings	bn	absent	yes
bld.cmp.strings	fa	absent	yes
bld.cmp.strings	ur	absent	yes
bld.cmp.strings	ja	absent	yes
bld.cmp.strings	da	absent	yes
bld.cmp.strings	nb	absent	yes
bld.cmp.strings	sv	absent	yes
bld.cmp.strings	fi	absent	yes
bld.cmp.strings	tr	absent	yes
bld.cmp.strings	hu	absent	yes
bld.cmp.strings	sa	absent	yes
bld.cmp.strings.t	en	absent	yes
bld.cmp.strings.t	ru	absent	yes
bld.cmp.strings.t	lv	absent	yes
bld.cmp.strings.t	th	absent	yes
bld.cmp.strings.t	gd	absent	yes
bld.cmp.strings.t	tt	absent	yes
bld.cmp.strings.t	uk	absent	yes
bld.cmp.strings.t	cs	absent	yes
bld.cmp.strings.t	zh	absent	yes
bld.cmp.strings.t	ko	absent	yes
bld.cmp.strings.t	ar	absent	yes
bld.cmp.strings.t	nl-be	absent	yes
bld.cmp.strings.t	es	absent	yes
bld.cmp.strings.t	nl	absent	yes
bld.cmp.strings.t	de	absent	yes
bld.cmp.strings.t	fr	absent	yes
bld.cmp.strings.t	he	absent	yes
bld.cmp.strings.t	hi	absent	yes
bld.cmp.strings.t	bn	absent	yes
bld.cmp.strings.t	fa	absent	yes
bld.cmp.strings.t	ur	absent	yes
bld.cmp.strings.t	ja	absent	yes
bld.cmp.strings.t	da	absent	yes
bld.cmp.strings.t	nb	absent	yes
bld.cmp.strings.t	sv	absent	yes
bld.cmp.strings.t	fi	absent	yes
bld.cmp.strings.t	tr	absent	yes
bld.cmp.strings.t	hu	absent	yes
bld.cmp.strings.t	sa	absent	yes
bld.cmp.strings.d	en	absent	yes
bld.cmp.strings.d	ru	absent	yes
bld.cmp.strings.d	lv	absent	yes
bld.cmp.strings.d	th	absent	yes
bld.cmp.strings.d	gd	absent	yes
bld.cmp.strings.d	tt	absent	yes
bld.cmp.strings.d	uk	absent	yes
bld.cmp.strings.d	cs	absent	yes
bld.cmp.strings.d	zh	absent	yes
bld.cmp.strings.d	ko	absent	yes
bld.cmp.strings.d	ar	absent	yes
bld.cmp.strings.d	nl-be	absent	yes
bld.cmp.strings.d	es	absent	yes
bld.cmp.strings.d	nl	absent	yes
bld.cmp.strings.d	de	absent	yes
bld.cmp.strings.d	fr	absent	yes
bld.cmp.strings.d	he	absent	yes
bld.cmp.strings.d	hi	absent	yes
bld.cmp.strings.d	bn	absent	yes
bld.cmp.strings.d	fa	absent	yes
bld.cmp.strings.d	ur	absent	yes
bld.cmp.strings.d	ja	absent	yes
bld.cmp.strings.d	da	absent	yes
bld.cmp.strings.d	nb	absent	yes
bld.cmp.strings.d	sv	absent	yes
bld.cmp.strings.d	fi	absent	yes
bld.cmp.strings.d	tr	absent	yes
bld.cmp.strings.d	hu	absent	yes
bld.cmp.strings.d	sa	absent	yes
bld.cmp.absence	en	absent	yes
bld.cmp.absence	ru	absent	yes
bld.cmp.absence	lv	absent	yes
bld.cmp.absence	th	absent	yes
bld.cmp.absence	gd	absent	yes
bld.cmp.absence	tt	absent	yes
bld.cmp.absence	uk	absent	yes
bld.cmp.absence	cs	absent	yes
bld.cmp.absence	zh	absent	yes
bld.cmp.absence	ko	absent	yes
bld.cmp.absence	ar	absent	yes
bld.cmp.absence	nl-be	absent	yes
bld.cmp.absence	es	absent	yes
bld.cmp.absence	nl	absent	yes
bld.cmp.absence	de	absent	yes
bld.cmp.absence	fr	absent	yes
bld.cmp.absence	he	absent	yes
bld.cmp.absence	hi	absent	yes
bld.cmp.absence	bn	absent	yes
bld.cmp.absence	fa	absent	yes
bld.cmp.absence	ur	absent	yes
bld.cmp.absence	ja	absent	yes
bld.cmp.absence	da	absent	yes
bld.cmp.absence	nb	absent	yes
bld.cmp.absence	sv	absent	yes
bld.cmp.absence	fi	absent	yes
bld.cmp.absence	tr	absent	yes
bld.cmp.absence	hu	absent	yes
bld.cmp.absence	sa	absent	yes
bld.cmp.absence.t	en	absent	yes
bld.cmp.absence.t	ru	absent	yes
bld.cmp.absence.t	lv	absent	yes
bld.cmp.absence.t	th	absent	yes
bld.cmp.absence.t	gd	absent	yes
bld.cmp.absence.t	tt	absent	yes
bld.cmp.absence.t	uk	absent	yes
bld.cmp.absence.t	cs	absent	yes
bld.cmp.absence.t	zh	absent	yes
bld.cmp.absence.t	ko	absent	yes
bld.cmp.absence.t	ar	absent	yes
bld.cmp.absence.t	nl-be	absent	yes
bld.cmp.absence.t	es	absent	yes
bld.cmp.absence.t	nl	absent	yes
bld.cmp.absence.t	de	absent	yes
bld.cmp.absence.t	fr	absent	yes
bld.cmp.absence.t	he	absent	yes
bld.cmp.absence.t	hi	absent	yes
bld.cmp.absence.t	bn	absent	yes
bld.cmp.absence.t	fa	absent	yes
bld.cmp.absence.t	ur	absent	yes
bld.cmp.absence.t	ja	absent	yes
bld.cmp.absence.t	da	absent	yes
bld.cmp.absence.t	nb	absent	yes
bld.cmp.absence.t	sv	absent	yes
bld.cmp.absence.t	fi	absent	yes
bld.cmp.absence.t	tr	absent	yes
bld.cmp.absence.t	hu	absent	yes
bld.cmp.absence.t	sa	absent	yes
bld.cmp.absence.d	en	absent	yes
bld.cmp.absence.d	ru	absent	yes
bld.cmp.absence.d	lv	absent	yes
bld.cmp.absence.d	th	absent	yes
bld.cmp.absence.d	gd	absent	yes
bld.cmp.absence.d	tt	absent	yes
bld.cmp.absence.d	uk	absent	yes
bld.cmp.absence.d	cs	absent	yes
bld.cmp.absence.d	zh	absent	yes
bld.cmp.absence.d	ko	absent	yes
bld.cmp.absence.d	ar	absent	yes
bld.cmp.absence.d	nl-be	absent	yes
bld.cmp.absence.d	es	absent	yes
bld.cmp.absence.d	nl	absent	yes
bld.cmp.absence.d	de	absent	yes
bld.cmp.absence.d	fr	absent	yes
bld.cmp.absence.d	he	absent	yes
bld.cmp.absence.d	hi	absent	yes
bld.cmp.absence.d	bn	absent	yes
bld.cmp.absence.d	fa	absent	yes
bld.cmp.absence.d	ur	absent	yes
bld.cmp.absence.d	ja	absent	yes
bld.cmp.absence.d	da	absent	yes
bld.cmp.absence.d	nb	absent	yes
bld.cmp.absence.d	sv	absent	yes
bld.cmp.absence.d	fi	absent	yes
bld.cmp.absence.d	tr	absent	yes
bld.cmp.absence.d	hu	absent	yes
bld.cmp.absence.d	sa	absent	yes
bld.cmp.removal	en	absent	yes
bld.cmp.removal	ru	absent	yes
bld.cmp.removal	lv	absent	yes
bld.cmp.removal	th	absent	yes
bld.cmp.removal	gd	absent	yes
bld.cmp.removal	tt	absent	yes
bld.cmp.removal	uk	absent	yes
bld.cmp.removal	cs	absent	yes
bld.cmp.removal	zh	absent	yes
bld.cmp.removal	ko	absent	yes
bld.cmp.removal	ar	absent	yes
bld.cmp.removal	nl-be	absent	yes
bld.cmp.removal	es	absent	yes
bld.cmp.removal	nl	absent	yes
bld.cmp.removal	de	absent	yes
bld.cmp.removal	fr	absent	yes
bld.cmp.removal	he	absent	yes
bld.cmp.removal	hi	absent	yes
bld.cmp.removal	bn	absent	yes
bld.cmp.removal	fa	absent	yes
bld.cmp.removal	ur	absent	yes
bld.cmp.removal	ja	absent	yes
bld.cmp.removal	da	absent	yes
bld.cmp.removal	nb	absent	yes
bld.cmp.removal	sv	absent	yes
bld.cmp.removal	fi	absent	yes
bld.cmp.removal	tr	absent	yes
bld.cmp.removal	hu	absent	yes
bld.cmp.removal	sa	absent	yes
bld.cmp.removal.t	en	absent	yes
bld.cmp.removal.t	ru	absent	yes
bld.cmp.removal.t	lv	absent	yes
bld.cmp.removal.t	th	absent	yes
bld.cmp.removal.t	gd	absent	yes
bld.cmp.removal.t	tt	absent	yes
bld.cmp.removal.t	uk	absent	yes
bld.cmp.removal.t	cs	absent	yes
bld.cmp.removal.t	zh	absent	yes
bld.cmp.removal.t	ko	absent	yes
bld.cmp.removal.t	ar	absent	yes
bld.cmp.removal.t	nl-be	absent	yes
bld.cmp.removal.t	es	absent	yes
bld.cmp.removal.t	nl	absent	yes
bld.cmp.removal.t	de	absent	yes
bld.cmp.removal.t	fr	absent	yes
bld.cmp.removal.t	he	absent	yes
bld.cmp.removal.t	hi	absent	yes
bld.cmp.removal.t	bn	absent	yes
bld.cmp.removal.t	fa	absent	yes
bld.cmp.removal.t	ur	absent	yes
bld.cmp.removal.t	ja	absent	yes
bld.cmp.removal.t	da	absent	yes
bld.cmp.removal.t	nb	absent	yes
bld.cmp.removal.t	sv	absent	yes
bld.cmp.removal.t	fi	absent	yes
bld.cmp.removal.t	tr	absent	yes
bld.cmp.removal.t	hu	absent	yes
bld.cmp.removal.t	sa	absent	yes
bld.cmp.removal.d	en	absent	yes
bld.cmp.removal.d	ru	absent	yes
bld.cmp.removal.d	lv	absent	yes
bld.cmp.removal.d	th	absent	yes
bld.cmp.removal.d	gd	absent	yes
bld.cmp.removal.d	tt	absent	yes
bld.cmp.removal.d	uk	absent	yes
bld.cmp.removal.d	cs	absent	yes
bld.cmp.removal.d	zh	absent	yes
bld.cmp.removal.d	ko	absent	yes
bld.cmp.removal.d	ar	absent	yes
bld.cmp.removal.d	nl-be	absent	yes
bld.cmp.removal.d	es	absent	yes
bld.cmp.removal.d	nl	absent	yes
bld.cmp.removal.d	de	absent	yes
bld.cmp.removal.d	fr	absent	yes
bld.cmp.removal.d	he	absent	yes
bld.cmp.removal.d	hi	absent	yes
bld.cmp.removal.d	bn	absent	yes
bld.cmp.removal.d	fa	absent	yes
bld.cmp.removal.d	ur	absent	yes
bld.cmp.removal.d	ja	absent	yes
bld.cmp.removal.d	da	absent	yes
bld.cmp.removal.d	nb	absent	yes
bld.cmp.removal.d	sv	absent	yes
bld.cmp.removal.d	fi	absent	yes
bld.cmp.removal.d	tr	absent	yes
bld.cmp.removal.d	hu	absent	yes
bld.cmp.removal.d	sa	absent	yes
bld.cmp.improve	en	absent	yes
bld.cmp.improve	ru	absent	yes
bld.cmp.improve	lv	absent	yes
bld.cmp.improve	th	absent	yes
bld.cmp.improve	gd	absent	yes
bld.cmp.improve	tt	absent	yes
bld.cmp.improve	uk	absent	yes
bld.cmp.improve	cs	absent	yes
bld.cmp.improve	zh	absent	yes
bld.cmp.improve	ko	absent	yes
bld.cmp.improve	ar	absent	yes
bld.cmp.improve	nl-be	absent	yes
bld.cmp.improve	es	absent	yes
bld.cmp.improve	nl	absent	yes
bld.cmp.improve	de	absent	yes
bld.cmp.improve	fr	absent	yes
bld.cmp.improve	he	absent	yes
bld.cmp.improve	hi	absent	yes
bld.cmp.improve	bn	absent	yes
bld.cmp.improve	fa	absent	yes
bld.cmp.improve	ur	absent	yes
bld.cmp.improve	ja	absent	yes
bld.cmp.improve	da	absent	yes
bld.cmp.improve	nb	absent	yes
bld.cmp.improve	sv	absent	yes
bld.cmp.improve	fi	absent	yes
bld.cmp.improve	tr	absent	yes
bld.cmp.improve	hu	absent	yes
bld.cmp.improve	sa	absent	yes
bld.cmp.improve.t	en	absent	yes
bld.cmp.improve.t	ru	absent	yes
bld.cmp.improve.t	lv	absent	yes
bld.cmp.improve.t	th	absent	yes
bld.cmp.improve.t	gd	absent	yes
bld.cmp.improve.t	tt	absent	yes
bld.cmp.improve.t	uk	absent	yes
bld.cmp.improve.t	cs	absent	yes
bld.cmp.improve.t	zh	absent	yes
bld.cmp.improve.t	ko	absent	yes
bld.cmp.improve.t	ar	absent	yes
bld.cmp.improve.t	nl-be	absent	yes
bld.cmp.improve.t	es	absent	yes
bld.cmp.improve.t	nl	absent	yes
bld.cmp.improve.t	de	absent	yes
bld.cmp.improve.t	fr	absent	yes
bld.cmp.improve.t	he	absent	yes
bld.cmp.improve.t	hi	absent	yes
bld.cmp.improve.t	bn	absent	yes
bld.cmp.improve.t	fa	absent	yes
bld.cmp.improve.t	ur	absent	yes
bld.cmp.improve.t	ja	absent	yes
bld.cmp.improve.t	da	absent	yes
bld.cmp.improve.t	nb	absent	yes
bld.cmp.improve.t	sv	absent	yes
bld.cmp.improve.t	fi	absent	yes
bld.cmp.improve.t	tr	absent	yes
bld.cmp.improve.t	hu	absent	yes
bld.cmp.improve.t	sa	absent	yes
bld.cmp.improve.d	en	absent	yes
bld.cmp.improve.d	ru	absent	yes
bld.cmp.improve.d	lv	absent	yes
bld.cmp.improve.d	th	absent	yes
bld.cmp.improve.d	gd	absent	yes
bld.cmp.improve.d	tt	absent	yes
bld.cmp.improve.d	uk	absent	yes
bld.cmp.improve.d	cs	absent	yes
bld.cmp.improve.d	zh	absent	yes
bld.cmp.improve.d	ko	absent	yes
bld.cmp.improve.d	ar	absent	yes
bld.cmp.improve.d	nl-be	absent	yes
bld.cmp.improve.d	es	absent	yes
bld.cmp.improve.d	nl	absent	yes
bld.cmp.improve.d	de	absent	yes
bld.cmp.improve.d	fr	absent	yes
bld.cmp.improve.d	he	absent	yes
bld.cmp.improve.d	hi	absent	yes
bld.cmp.improve.d	bn	absent	yes
bld.cmp.improve.d	fa	absent	yes
bld.cmp.improve.d	ur	absent	yes
bld.cmp.improve.d	ja	absent	yes
bld.cmp.improve.d	da	absent	yes
bld.cmp.improve.d	nb	absent	yes
bld.cmp.improve.d	sv	absent	yes
bld.cmp.improve.d	fi	absent	yes
bld.cmp.improve.d	tr	absent	yes
bld.cmp.improve.d	hu	absent	yes
bld.cmp.improve.d	sa	absent	yes
bld.spec	en	absent	yes
bld.spec	ru	absent	yes
bld.spec	lv	absent	yes
bld.spec	th	absent	yes
bld.spec	gd	absent	yes
bld.spec	tt	absent	yes
bld.spec	uk	absent	yes
bld.spec	cs	absent	yes
bld.spec	zh	absent	yes
bld.spec	ko	absent	yes
bld.spec	ar	absent	yes
bld.spec	nl-be	absent	yes
bld.spec	es	absent	yes
bld.spec	nl	absent	yes
bld.spec	de	absent	yes
bld.spec	fr	absent	yes
bld.spec	he	absent	yes
bld.spec	hi	absent	yes
bld.spec	bn	absent	yes
bld.spec	fa	absent	yes
bld.spec	ur	absent	yes
bld.spec	ja	absent	yes
bld.spec	da	absent	yes
bld.spec	nb	absent	yes
bld.spec	sv	absent	yes
bld.spec	fi	absent	yes
bld.spec	tr	absent	yes
bld.spec	hu	absent	yes
bld.spec	sa	absent	yes
bld.consent.law	en	absent	yes
bld.consent.law	ru	absent	yes
bld.consent.law	lv	absent	yes
bld.consent.law	th	absent	yes
bld.consent.law	gd	absent	yes
bld.consent.law	tt	absent	yes
bld.consent.law	uk	absent	yes
bld.consent.law	cs	absent	yes
bld.consent.law	zh	absent	yes
bld.consent.law	ko	absent	yes
bld.consent.law	ar	absent	yes
bld.consent.law	nl-be	absent	yes
bld.consent.law	es	absent	yes
bld.consent.law	nl	absent	yes
bld.consent.law	de	absent	yes
bld.consent.law	fr	absent	yes
bld.consent.law	he	absent	yes
bld.consent.law	hi	absent	yes
bld.consent.law	bn	absent	yes
bld.consent.law	fa	absent	yes
bld.consent.law	ur	absent	yes
bld.consent.law	ja	absent	yes
bld.consent.law	da	absent	yes
bld.consent.law	nb	absent	yes
bld.consent.law	sv	absent	yes
bld.consent.law	fi	absent	yes
bld.consent.law	tr	absent	yes
bld.consent.law	hu	absent	yes
bld.consent.law	sa	absent	yes
bld.consent.neg	en	absent	yes
bld.consent.neg	ru	absent	yes
bld.consent.neg	lv	absent	yes
bld.consent.neg	th	absent	yes
bld.consent.neg	gd	absent	yes
bld.consent.neg	tt	absent	yes
bld.consent.neg	uk	absent	yes
bld.consent.neg	cs	absent	yes
bld.consent.neg	zh	absent	yes
bld.consent.neg	ko	absent	yes
bld.consent.neg	ar	absent	yes
bld.consent.neg	nl-be	absent	yes
bld.consent.neg	es	absent	yes
bld.consent.neg	nl	absent	yes
bld.consent.neg	de	absent	yes
bld.consent.neg	fr	absent	yes
bld.consent.neg	he	absent	yes
bld.consent.neg	hi	absent	yes
bld.consent.neg	bn	absent	yes
bld.consent.neg	fa	absent	yes
bld.consent.neg	ur	absent	yes
bld.consent.neg	ja	absent	yes
bld.consent.neg	da	absent	yes
bld.consent.neg	nb	absent	yes
bld.consent.neg	sv	absent	yes
bld.consent.neg	fi	absent	yes
bld.consent.neg	tr	absent	yes
bld.consent.neg	hu	absent	yes
bld.consent.neg	sa	absent	yes
bld.dock.law	en	absent	yes
bld.dock.law	ru	absent	yes
bld.dock.law	lv	absent	yes
bld.dock.law	th	absent	yes
bld.dock.law	gd	absent	yes
bld.dock.law	tt	absent	yes
bld.dock.law	uk	absent	yes
bld.dock.law	cs	absent	yes
bld.dock.law	zh	absent	yes
bld.dock.law	ko	absent	yes
bld.dock.law	ar	absent	yes
bld.dock.law	nl-be	absent	yes
bld.dock.law	es	absent	yes
bld.dock.law	nl	absent	yes
bld.dock.law	de	absent	yes
bld.dock.law	fr	absent	yes
bld.dock.law	he	absent	yes
bld.dock.law	hi	absent	yes
bld.dock.law	bn	absent	yes
bld.dock.law	fa	absent	yes
bld.dock.law	ur	absent	yes
bld.dock.law	ja	absent	yes
bld.dock.law	da	absent	yes
bld.dock.law	nb	absent	yes
bld.dock.law	sv	absent	yes
bld.dock.law	fi	absent	yes
bld.dock.law	tr	absent	yes
bld.dock.law	hu	absent	yes
bld.dock.law	sa	absent	yes
bld.control.h	en	absent	yes
bld.control.h	ru	absent	yes
bld.control.h	lv	absent	yes
bld.control.h	th	absent	yes
bld.control.h	gd	absent	yes
bld.control.h	tt	absent	yes
bld.control.h	uk	absent	yes
bld.control.h	cs	absent	yes
bld.control.h	zh	absent	yes
bld.control.h	ko	absent	yes
bld.control.h	ar	absent	yes
bld.control.h	nl-be	absent	yes
bld.control.h	es	absent	yes
bld.control.h	nl	absent	yes
bld.control.h	de	absent	yes
bld.control.h	fr	absent	yes
bld.control.h	he	absent	yes
bld.control.h	hi	absent	yes
bld.control.h	bn	absent	yes
bld.control.h	fa	absent	yes
bld.control.h	ur	absent	yes
bld.control.h	ja	absent	yes
bld.control.h	da	absent	yes
bld.control.h	nb	absent	yes
bld.control.h	sv	absent	yes
bld.control.h	fi	absent	yes
bld.control.h	tr	absent	yes
bld.control.h	hu	absent	yes
bld.control.h	sa	absent	yes
bld.control.law	en	absent	yes
bld.control.law	ru	absent	yes
bld.control.law	lv	absent	yes
bld.control.law	th	absent	yes
bld.control.law	gd	absent	yes
bld.control.law	tt	absent	yes
bld.control.law	uk	absent	yes
bld.control.law	cs	absent	yes
bld.control.law	zh	absent	yes
bld.control.law	ko	absent	yes
bld.control.law	ar	absent	yes
bld.control.law	nl-be	absent	yes
bld.control.law	es	absent	yes
bld.control.law	nl	absent	yes
bld.control.law	de	absent	yes
bld.control.law	fr	absent	yes
bld.control.law	he	absent	yes
bld.control.law	hi	absent	yes
bld.control.law	bn	absent	yes
bld.control.law	fa	absent	yes
bld.control.law	ur	absent	yes
bld.control.law	ja	absent	yes
bld.control.law	da	absent	yes
bld.control.law	nb	absent	yes
bld.control.law	sv	absent	yes
bld.control.law	fi	absent	yes
bld.control.law	tr	absent	yes
bld.control.law	hu	absent	yes
bld.control.law	sa	absent	yes
bld.corpus.banner	en	absent	yes
bld.corpus.banner	ru	absent	yes
bld.corpus.banner	lv	absent	yes
bld.corpus.banner	th	absent	yes
bld.corpus.banner	gd	absent	yes
bld.corpus.banner	tt	absent	yes
bld.corpus.banner	uk	absent	yes
bld.corpus.banner	cs	absent	yes
bld.corpus.banner	zh	absent	yes
bld.corpus.banner	ko	absent	yes
bld.corpus.banner	ar	absent	yes
bld.corpus.banner	nl-be	absent	yes
bld.corpus.banner	es	absent	yes
bld.corpus.banner	nl	absent	yes
bld.corpus.banner	de	absent	yes
bld.corpus.banner	fr	absent	yes
bld.corpus.banner	he	absent	yes
bld.corpus.banner	hi	absent	yes
bld.corpus.banner	bn	absent	yes
bld.corpus.banner	fa	absent	yes
bld.corpus.banner	ur	absent	yes
bld.corpus.banner	ja	absent	yes
bld.corpus.banner	da	absent	yes
bld.corpus.banner	nb	absent	yes
bld.corpus.banner	sv	absent	yes
bld.corpus.banner	fi	absent	yes
bld.corpus.banner	tr	absent	yes
bld.corpus.banner	hu	absent	yes
bld.corpus.banner	sa	absent	yes
bld.corpus.law	en	absent	yes
bld.corpus.law	ru	absent	yes
bld.corpus.law	lv	absent	yes
bld.corpus.law	th	absent	yes
bld.corpus.law	gd	absent	yes
bld.corpus.law	tt	absent	yes
bld.corpus.law	uk	absent	yes
bld.corpus.law	cs	absent	yes
bld.corpus.law	zh	absent	yes
bld.corpus.law	ko	absent	yes
bld.corpus.law	ar	absent	yes
bld.corpus.law	nl-be	absent	yes
bld.corpus.law	es	absent	yes
bld.corpus.law	nl	absent	yes
bld.corpus.law	de	absent	yes
bld.corpus.law	fr	absent	yes
bld.corpus.law	he	absent	yes
bld.corpus.law	hi	absent	yes
bld.corpus.law	bn	absent	yes
bld.corpus.law	fa	absent	yes
bld.corpus.law	ur	absent	yes
bld.corpus.law	ja	absent	yes
bld.corpus.law	da	absent	yes
bld.corpus.law	nb	absent	yes
bld.corpus.law	sv	absent	yes
bld.corpus.law	fi	absent	yes
bld.corpus.law	tr	absent	yes
bld.corpus.law	hu	absent	yes
bld.corpus.law	sa	absent	yes
bld.sweeps.law	en	absent	yes
bld.sweeps.law	ru	absent	yes
bld.sweeps.law	lv	absent	yes
bld.sweeps.law	th	absent	yes
bld.sweeps.law	gd	absent	yes
bld.sweeps.law	tt	absent	yes
bld.sweeps.law	uk	absent	yes
bld.sweeps.law	cs	absent	yes
bld.sweeps.law	zh	absent	yes
bld.sweeps.law	ko	absent	yes
bld.sweeps.law	ar	absent	yes
bld.sweeps.law	nl-be	absent	yes
bld.sweeps.law	es	absent	yes
bld.sweeps.law	nl	absent	yes
bld.sweeps.law	de	absent	yes
bld.sweeps.law	fr	absent	yes
bld.sweeps.law	he	absent	yes
bld.sweeps.law	hi	absent	yes
bld.sweeps.law	bn	absent	yes
bld.sweeps.law	fa	absent	yes
bld.sweeps.law	ur	absent	yes
bld.sweeps.law	ja	absent	yes
bld.sweeps.law	da	absent	yes
bld.sweeps.law	nb	absent	yes
bld.sweeps.law	sv	absent	yes
bld.sweeps.law	fi	absent	yes
bld.sweeps.law	tr	absent	yes
bld.sweeps.law	hu	absent	yes
bld.sweeps.law	sa	absent	yes
bld.sk.bee	en	absent	yes
bld.sk.bee	ru	absent	yes
bld.sk.bee	lv	absent	yes
bld.sk.bee	th	absent	yes
bld.sk.bee	gd	absent	yes
bld.sk.bee	tt	absent	yes
bld.sk.bee	uk	absent	yes
bld.sk.bee	cs	absent	yes
bld.sk.bee	zh	absent	yes
bld.sk.bee	ko	absent	yes
bld.sk.bee	ar	absent	yes
bld.sk.bee	nl-be	absent	yes
bld.sk.bee	es	absent	yes
bld.sk.bee	nl	absent	yes
bld.sk.bee	de	absent	yes
bld.sk.bee	fr	absent	yes
bld.sk.bee	he	absent	yes
bld.sk.bee	hi	absent	yes
bld.sk.bee	bn	absent	yes
bld.sk.bee	fa	absent	yes
bld.sk.bee	ur	absent	yes
bld.sk.bee	ja	absent	yes
bld.sk.bee	da	absent	yes
bld.sk.bee	nb	absent	yes
bld.sk.bee	sv	absent	yes
bld.sk.bee	fi	absent	yes
bld.sk.bee	tr	absent	yes
bld.sk.bee	hu	absent	yes
bld.sk.bee	sa	absent	yes
bld.sk.raver	en	absent	yes
bld.sk.raver	ru	absent	yes
bld.sk.raver	lv	absent	yes
bld.sk.raver	th	absent	yes
bld.sk.raver	gd	absent	yes
bld.sk.raver	tt	absent	yes
bld.sk.raver	uk	absent	yes
bld.sk.raver	cs	absent	yes
bld.sk.raver	zh	absent	yes
bld.sk.raver	ko	absent	yes
bld.sk.raver	ar	absent	yes
bld.sk.raver	nl-be	absent	yes
bld.sk.raver	es	absent	yes
bld.sk.raver	nl	absent	yes
bld.sk.raver	de	absent	yes
bld.sk.raver	fr	absent	yes
bld.sk.raver	he	absent	yes
bld.sk.raver	hi	absent	yes
bld.sk.raver	bn	absent	yes
bld.sk.raver	fa	absent	yes
bld.sk.raver	ur	absent	yes
bld.sk.raver	ja	absent	yes
bld.sk.raver	da	absent	yes
bld.sk.raver	nb	absent	yes
bld.sk.raver	sv	absent	yes
bld.sk.raver	fi	absent	yes
bld.sk.raver	tr	absent	yes
bld.sk.raver	hu	absent	yes
bld.sk.raver	sa	absent	yes
bld.sk.cypher	en	absent	yes
bld.sk.cypher	ru	absent	yes
bld.sk.cypher	lv	absent	yes
bld.sk.cypher	th	absent	yes
bld.sk.cypher	gd	absent	yes
bld.sk.cypher	tt	absent	yes
bld.sk.cypher	uk	absent	yes
bld.sk.cypher	cs	absent	yes
bld.sk.cypher	zh	absent	yes
bld.sk.cypher	ko	absent	yes
bld.sk.cypher	ar	absent	yes
bld.sk.cypher	nl-be	absent	yes
bld.sk.cypher	es	absent	yes
bld.sk.cypher	nl	absent	yes
bld.sk.cypher	de	absent	yes
bld.sk.cypher	fr	absent	yes
bld.sk.cypher	he	absent	yes
bld.sk.cypher	hi	absent	yes
bld.sk.cypher	bn	absent	yes
bld.sk.cypher	fa	absent	yes
bld.sk.cypher	ur	absent	yes
bld.sk.cypher	ja	absent	yes
bld.sk.cypher	da	absent	yes
bld.sk.cypher	nb	absent	yes
bld.sk.cypher	sv	absent	yes
bld.sk.cypher	fi	absent	yes
bld.sk.cypher	tr	absent	yes
bld.sk.cypher	hu	absent	yes
bld.sk.cypher	sa	absent	yes
bld.sk.etym.h	en	absent	yes
bld.sk.etym.h	ru	absent	yes
bld.sk.etym.h	lv	absent	yes
bld.sk.etym.h	th	absent	yes
bld.sk.etym.h	gd	absent	yes
bld.sk.etym.h	tt	absent	yes
bld.sk.etym.h	uk	absent	yes
bld.sk.etym.h	cs	absent	yes
bld.sk.etym.h	zh	absent	yes
bld.sk.etym.h	ko	absent	yes
bld.sk.etym.h	ar	absent	yes
bld.sk.etym.h	nl-be	absent	yes
bld.sk.etym.h	es	absent	yes
bld.sk.etym.h	nl	absent	yes
bld.sk.etym.h	de	absent	yes
bld.sk.etym.h	fr	absent	yes
bld.sk.etym.h	he	absent	yes
bld.sk.etym.h	hi	absent	yes
bld.sk.etym.h	bn	absent	yes
bld.sk.etym.h	fa	absent	yes
bld.sk.etym.h	ur	absent	yes
bld.sk.etym.h	ja	absent	yes
bld.sk.etym.h	da	absent	yes
bld.sk.etym.h	nb	absent	yes
bld.sk.etym.h	sv	absent	yes
bld.sk.etym.h	fi	absent	yes
bld.sk.etym.h	tr	absent	yes
bld.sk.etym.h	hu	absent	yes
bld.sk.etym.h	sa	absent	yes
bld.sk.etym	en	absent	yes
bld.sk.etym	ru	absent	yes
bld.sk.etym	lv	absent	yes
bld.sk.etym	th	absent	yes
bld.sk.etym	gd	absent	yes
bld.sk.etym	tt	absent	yes
bld.sk.etym	uk	absent	yes
bld.sk.etym	cs	absent	yes
bld.sk.etym	zh	absent	yes
bld.sk.etym	ko	absent	yes
bld.sk.etym	ar	absent	yes
bld.sk.etym	nl-be	absent	yes
bld.sk.etym	es	absent	yes
bld.sk.etym	nl	absent	yes
bld.sk.etym	de	absent	yes
bld.sk.etym	fr	absent	yes
bld.sk.etym	he	absent	yes
bld.sk.etym	hi	absent	yes
bld.sk.etym	bn	absent	yes
bld.sk.etym	fa	absent	yes
bld.sk.etym	ur	absent	yes
bld.sk.etym	ja	absent	yes
bld.sk.etym	da	absent	yes
bld.sk.etym	nb	absent	yes
bld.sk.etym	sv	absent	yes
bld.sk.etym	fi	absent	yes
bld.sk.etym	tr	absent	yes
bld.sk.etym	hu	absent	yes
bld.sk.etym	sa	absent	yes
bld.sk.senses.h	en	absent	yes
bld.sk.senses.h	ru	absent	yes
bld.sk.senses.h	lv	absent	yes
bld.sk.senses.h	th	absent	yes
bld.sk.senses.h	gd	absent	yes
bld.sk.senses.h	tt	absent	yes
bld.sk.senses.h	uk	absent	yes
bld.sk.senses.h	cs	absent	yes
bld.sk.senses.h	zh	absent	yes
bld.sk.senses.h	ko	absent	yes
bld.sk.senses.h	ar	absent	yes
bld.sk.senses.h	nl-be	absent	yes
bld.sk.senses.h	es	absent	yes
bld.sk.senses.h	nl	absent	yes
bld.sk.senses.h	de	absent	yes
bld.sk.senses.h	fr	absent	yes
bld.sk.senses.h	he	absent	yes
bld.sk.senses.h	hi	absent	yes
bld.sk.senses.h	bn	absent	yes
bld.sk.senses.h	fa	absent	yes
bld.sk.senses.h	ur	absent	yes
bld.sk.senses.h	ja	absent	yes
bld.sk.senses.h	da	absent	yes
bld.sk.senses.h	nb	absent	yes
bld.sk.senses.h	sv	absent	yes
bld.sk.senses.h	fi	absent	yes
bld.sk.senses.h	tr	absent	yes
bld.sk.senses.h	hu	absent	yes
bld.sk.senses.h	sa	absent	yes
bld.sk.s1	en	absent	yes
bld.sk.s1	ru	absent	yes
bld.sk.s1	lv	absent	yes
bld.sk.s1	th	absent	yes
bld.sk.s1	gd	absent	yes
bld.sk.s1	tt	absent	yes
bld.sk.s1	uk	absent	yes
bld.sk.s1	cs	absent	yes
bld.sk.s1	zh	absent	yes
bld.sk.s1	ko	absent	yes
bld.sk.s1	ar	absent	yes
bld.sk.s1	nl-be	absent	yes
bld.sk.s1	es	absent	yes
bld.sk.s1	nl	absent	yes
bld.sk.s1	de	absent	yes
bld.sk.s1	fr	absent	yes
bld.sk.s1	he	absent	yes
bld.sk.s1	hi	absent	yes
bld.sk.s1	bn	absent	yes
bld.sk.s1	fa	absent	yes
bld.sk.s1	ur	absent	yes
bld.sk.s1	ja	absent	yes
bld.sk.s1	da	absent	yes
bld.sk.s1	nb	absent	yes
bld.sk.s1	sv	absent	yes
bld.sk.s1	fi	absent	yes
bld.sk.s1	tr	absent	yes
bld.sk.s1	hu	absent	yes
bld.sk.s1	sa	absent	yes
bld.sk.s2	en	absent	yes
bld.sk.s2	ru	absent	yes
bld.sk.s2	lv	absent	yes
bld.sk.s2	th	absent	yes
bld.sk.s2	gd	absent	yes
bld.sk.s2	tt	absent	yes
bld.sk.s2	uk	absent	yes
bld.sk.s2	cs	absent	yes
bld.sk.s2	zh	absent	yes
bld.sk.s2	ko	absent	yes
bld.sk.s2	ar	absent	yes
bld.sk.s2	nl-be	absent	yes
bld.sk.s2	es	absent	yes
bld.sk.s2	nl	absent	yes
bld.sk.s2	de	absent	yes
bld.sk.s2	fr	absent	yes
bld.sk.s2	he	absent	yes
bld.sk.s2	hi	absent	yes
bld.sk.s2	bn	absent	yes
bld.sk.s2	fa	absent	yes
bld.sk.s2	ur	absent	yes
bld.sk.s2	ja	absent	yes
bld.sk.s2	da	absent	yes
bld.sk.s2	nb	absent	yes
bld.sk.s2	sv	absent	yes
bld.sk.s2	fi	absent	yes
bld.sk.s2	tr	absent	yes
bld.sk.s2	hu	absent	yes
bld.sk.s2	sa	absent	yes
bld.sk.s3	en	absent	yes
bld.sk.s3	ru	absent	yes
bld.sk.s3	lv	absent	yes
bld.sk.s3	th	absent	yes
bld.sk.s3	gd	absent	yes
bld.sk.s3	tt	absent	yes
bld.sk.s3	uk	absent	yes
bld.sk.s3	cs	absent	yes
bld.sk.s3	zh	absent	yes
bld.sk.s3	ko	absent	yes
bld.sk.s3	ar	absent	yes
bld.sk.s3	nl-be	absent	yes
bld.sk.s3	es	absent	yes
bld.sk.s3	nl	absent	yes
bld.sk.s3	de	absent	yes
bld.sk.s3	fr	absent	yes
bld.sk.s3	he	absent	yes
bld.sk.s3	hi	absent	yes
bld.sk.s3	bn	absent	yes
bld.sk.s3	fa	absent	yes
bld.sk.s3	ur	absent	yes
bld.sk.s3	ja	absent	yes
bld.sk.s3	da	absent	yes
bld.sk.s3	nb	absent	yes
bld.sk.s3	sv	absent	yes
bld.sk.s3	fi	absent	yes
bld.sk.s3	tr	absent	yes
bld.sk.s3	hu	absent	yes
bld.sk.s3	sa	absent	yes
bld.sk.s4	en	absent	yes
bld.sk.s4	ru	absent	yes
bld.sk.s4	lv	absent	yes
bld.sk.s4	th	absent	yes
bld.sk.s4	gd	absent	yes
bld.sk.s4	tt	absent	yes
bld.sk.s4	uk	absent	yes
bld.sk.s4	cs	absent	yes
bld.sk.s4	zh	absent	yes
bld.sk.s4	ko	absent	yes
bld.sk.s4	ar	absent	yes
bld.sk.s4	nl-be	absent	yes
bld.sk.s4	es	absent	yes
bld.sk.s4	nl	absent	yes
bld.sk.s4	de	absent	yes
bld.sk.s4	fr	absent	yes
bld.sk.s4	he	absent	yes
bld.sk.s4	hi	absent	yes
bld.sk.s4	bn	absent	yes
bld.sk.s4	fa	absent	yes
bld.sk.s4	ur	absent	yes
bld.sk.s4	ja	absent	yes
bld.sk.s4	da	absent	yes
bld.sk.s4	nb	absent	yes
bld.sk.s4	sv	absent	yes
bld.sk.s4	fi	absent	yes
bld.sk.s4	tr	absent	yes
bld.sk.s4	hu	absent	yes
bld.sk.s4	sa	absent	yes
bld.sk.s3.law	en	absent	yes
bld.sk.s3.law	ru	absent	yes
bld.sk.s3.law	lv	absent	yes
bld.sk.s3.law	th	absent	yes
bld.sk.s3.law	gd	absent	yes
bld.sk.s3.law	tt	absent	yes
bld.sk.s3.law	uk	absent	yes
bld.sk.s3.law	cs	absent	yes
bld.sk.s3.law	zh	absent	yes
bld.sk.s3.law	ko	absent	yes
bld.sk.s3.law	ar	absent	yes
bld.sk.s3.law	nl-be	absent	yes
bld.sk.s3.law	es	absent	yes
bld.sk.s3.law	nl	absent	yes
bld.sk.s3.law	de	absent	yes
bld.sk.s3.law	fr	absent	yes
bld.sk.s3.law	he	absent	yes
bld.sk.s3.law	hi	absent	yes
bld.sk.s3.law	bn	absent	yes
bld.sk.s3.law	fa	absent	yes
bld.sk.s3.law	ur	absent	yes
bld.sk.s3.law	ja	absent	yes
bld.sk.s3.law	da	absent	yes
bld.sk.s3.law	nb	absent	yes
bld.sk.s3.law	sv	absent	yes
bld.sk.s3.law	fi	absent	yes
bld.sk.s3.law	tr	absent	yes
bld.sk.s3.law	hu	absent	yes
bld.sk.s3.law	sa	absent	yes
bld.sk.decl.h	en	absent	yes
bld.sk.decl.h	ru	absent	yes
bld.sk.decl.h	lv	absent	yes
bld.sk.decl.h	th	absent	yes
bld.sk.decl.h	gd	absent	yes
bld.sk.decl.h	tt	absent	yes
bld.sk.decl.h	uk	absent	yes
bld.sk.decl.h	cs	absent	yes
bld.sk.decl.h	zh	absent	yes
bld.sk.decl.h	ko	absent	yes
bld.sk.decl.h	ar	absent	yes
bld.sk.decl.h	nl-be	absent	yes
bld.sk.decl.h	es	absent	yes
bld.sk.decl.h	nl	absent	yes
bld.sk.decl.h	de	absent	yes
bld.sk.decl.h	fr	absent	yes
bld.sk.decl.h	he	absent	yes
bld.sk.decl.h	hi	absent	yes
bld.sk.decl.h	bn	absent	yes
bld.sk.decl.h	fa	absent	yes
bld.sk.decl.h	ur	absent	yes
bld.sk.decl.h	ja	absent	yes
bld.sk.decl.h	da	absent	yes
bld.sk.decl.h	nb	absent	yes
bld.sk.decl.h	sv	absent	yes
bld.sk.decl.h	fi	absent	yes
bld.sk.decl.h	tr	absent	yes
bld.sk.decl.h	hu	absent	yes
bld.sk.decl.h	sa	absent	yes
bld.sk.case	en	absent	yes
bld.sk.case	ru	absent	yes
bld.sk.case	lv	absent	yes
bld.sk.case	th	absent	yes
bld.sk.case	gd	absent	yes
bld.sk.case	tt	absent	yes
bld.sk.case	uk	absent	yes
bld.sk.case	cs	absent	yes
bld.sk.case	zh	absent	yes
bld.sk.case	ko	absent	yes
bld.sk.case	ar	absent	yes
bld.sk.case	nl-be	absent	yes
bld.sk.case	es	absent	yes
bld.sk.case	nl	absent	yes
bld.sk.case	de	absent	yes
bld.sk.case	fr	absent	yes
bld.sk.case	he	absent	yes
bld.sk.case	hi	absent	yes
bld.sk.case	bn	absent	yes
bld.sk.case	fa	absent	yes
bld.sk.case	ur	absent	yes
bld.sk.case	ja	absent	yes
bld.sk.case	da	absent	yes
bld.sk.case	nb	absent	yes
bld.sk.case	sv	absent	yes
bld.sk.case	fi	absent	yes
bld.sk.case	tr	absent	yes
bld.sk.case	hu	absent	yes
bld.sk.case	sa	absent	yes
bld.sk.masc	en	absent	yes
bld.sk.masc	ru	absent	yes
bld.sk.masc	lv	absent	yes
bld.sk.masc	th	absent	yes
bld.sk.masc	gd	absent	yes
bld.sk.masc	tt	absent	yes
bld.sk.masc	uk	absent	yes
bld.sk.masc	cs	absent	yes
bld.sk.masc	zh	absent	yes
bld.sk.masc	ko	absent	yes
bld.sk.masc	ar	absent	yes
bld.sk.masc	nl-be	absent	yes
bld.sk.masc	es	absent	yes
bld.sk.masc	nl	absent	yes
bld.sk.masc	de	absent	yes
bld.sk.masc	fr	absent	yes
bld.sk.masc	he	absent	yes
bld.sk.masc	hi	absent	yes
bld.sk.masc	bn	absent	yes
bld.sk.masc	fa	absent	yes
bld.sk.masc	ur	absent	yes
bld.sk.masc	ja	absent	yes
bld.sk.masc	da	absent	yes
bld.sk.masc	nb	absent	yes
bld.sk.masc	sv	absent	yes
bld.sk.masc	fi	absent	yes
bld.sk.masc	tr	absent	yes
bld.sk.masc	hu	absent	yes
bld.sk.masc	sa	absent	yes
bld.sk.fem	en	absent	yes
bld.sk.fem	ru	absent	yes
bld.sk.fem	lv	absent	yes
bld.sk.fem	th	absent	yes
bld.sk.fem	gd	absent	yes
bld.sk.fem	tt	absent	yes
bld.sk.fem	uk	absent	yes
bld.sk.fem	cs	absent	yes
bld.sk.fem	zh	absent	yes
bld.sk.fem	ko	absent	yes
bld.sk.fem	ar	absent	yes
bld.sk.fem	nl-be	absent	yes
bld.sk.fem	es	absent	yes
bld.sk.fem	nl	absent	yes
bld.sk.fem	de	absent	yes
bld.sk.fem	fr	absent	yes
bld.sk.fem	he	absent	yes
bld.sk.fem	hi	absent	yes
bld.sk.fem	bn	absent	yes
bld.sk.fem	fa	absent	yes
bld.sk.fem	ur	absent	yes
bld.sk.fem	ja	absent	yes
bld.sk.fem	da	absent	yes
bld.sk.fem	nb	absent	yes
bld.sk.fem	sv	absent	yes
bld.sk.fem	fi	absent	yes
bld.sk.fem	tr	absent	yes
bld.sk.fem	hu	absent	yes
bld.sk.fem	sa	absent	yes
bld.sk.decl.law	en	absent	yes
bld.sk.decl.law	ru	absent	yes
bld.sk.decl.law	lv	absent	yes
bld.sk.decl.law	th	absent	yes
bld.sk.decl.law	gd	absent	yes
bld.sk.decl.law	tt	absent	yes
bld.sk.decl.law	uk	absent	yes
bld.sk.decl.law	cs	absent	yes
bld.sk.decl.law	zh	absent	yes
bld.sk.decl.law	ko	absent	yes
bld.sk.decl.law	ar	absent	yes
bld.sk.decl.law	nl-be	absent	yes
bld.sk.decl.law	es	absent	yes
bld.sk.decl.law	nl	absent	yes
bld.sk.decl.law	de	absent	yes
bld.sk.decl.law	fr	absent	yes
bld.sk.decl.law	he	absent	yes
bld.sk.decl.law	hi	absent	yes
bld.sk.decl.law	bn	absent	yes
bld.sk.decl.law	fa	absent	yes
bld.sk.decl.law	ur	absent	yes
bld.sk.decl.law	ja	absent	yes
bld.sk.decl.law	da	absent	yes
bld.sk.decl.law	nb	absent	yes
bld.sk.decl.law	sv	absent	yes
bld.sk.decl.law	fi	absent	yes
bld.sk.decl.law	tr	absent	yes
bld.sk.decl.law	hu	absent	yes
bld.sk.decl.law	sa	absent	yes
bld.sk.around	en	absent	yes
bld.sk.around	ru	absent	yes
bld.sk.around	lv	absent	yes
bld.sk.around	th	absent	yes
bld.sk.around	gd	absent	yes
bld.sk.around	tt	absent	yes
bld.sk.around	uk	absent	yes
bld.sk.around	cs	absent	yes
bld.sk.around	zh	absent	yes
bld.sk.around	ko	absent	yes
bld.sk.around	ar	absent	yes
bld.sk.around	nl-be	absent	yes
bld.sk.around	es	absent	yes
bld.sk.around	nl	absent	yes
bld.sk.around	de	absent	yes
bld.sk.around	fr	absent	yes
bld.sk.around	he	absent	yes
bld.sk.around	hi	absent	yes
bld.sk.around	bn	absent	yes
bld.sk.around	fa	absent	yes
bld.sk.around	ur	absent	yes
bld.sk.around	ja	absent	yes
bld.sk.around	da	absent	yes
bld.sk.around	nb	absent	yes
bld.sk.around	sv	absent	yes
bld.sk.around	fi	absent	yes
bld.sk.around	tr	absent	yes
bld.sk.around	hu	absent	yes
bld.sk.around	sa	absent	yes
bld.sk.source	en	absent	yes
bld.sk.source	ru	absent	yes
bld.sk.source	lv	absent	yes
bld.sk.source	th	absent	yes
bld.sk.source	gd	absent	yes
bld.sk.source	tt	absent	yes
bld.sk.source	uk	absent	yes
bld.sk.source	cs	absent	yes
bld.sk.source	zh	absent	yes
bld.sk.source	ko	absent	yes
bld.sk.source	ar	absent	yes
bld.sk.source	nl-be	absent	yes
bld.sk.source	es	absent	yes
bld.sk.source	nl	absent	yes
bld.sk.source	de	absent	yes
bld.sk.source	fr	absent	yes
bld.sk.source	he	absent	yes
bld.sk.source	hi	absent	yes
bld.sk.source	bn	absent	yes
bld.sk.source	fa	absent	yes
bld.sk.source	ur	absent	yes
bld.sk.source	ja	absent	yes
bld.sk.source	da	absent	yes
bld.sk.source	nb	absent	yes
bld.sk.source	sv	absent	yes
bld.sk.source	fi	absent	yes
bld.sk.source	tr	absent	yes
bld.sk.source	hu	absent	yes
bld.sk.source	sa	absent	yes
bld.ws.banner	en	absent	yes
bld.ws.banner	ru	absent	yes
bld.ws.banner	lv	absent	yes
bld.ws.banner	th	absent	yes
bld.ws.banner	gd	absent	yes
bld.ws.banner	tt	absent	yes
bld.ws.banner	uk	absent	yes
bld.ws.banner	cs	absent	yes
bld.ws.banner	zh	absent	yes
bld.ws.banner	ko	absent	yes
bld.ws.banner	ar	absent	yes
bld.ws.banner	nl-be	absent	yes
bld.ws.banner	es	absent	yes
bld.ws.banner	nl	absent	yes
bld.ws.banner	de	absent	yes
bld.ws.banner	fr	absent	yes
bld.ws.banner	he	absent	yes
bld.ws.banner	hi	absent	yes
bld.ws.banner	bn	absent	yes
bld.ws.banner	fa	absent	yes
bld.ws.banner	ur	absent	yes
bld.ws.banner	ja	absent	yes
bld.ws.banner	da	absent	yes
bld.ws.banner	nb	absent	yes
bld.ws.banner	sv	absent	yes
bld.ws.banner	fi	absent	yes
bld.ws.banner	tr	absent	yes
bld.ws.banner	hu	absent	yes
bld.ws.banner	sa	absent	yes
bld.ws.create	en	absent	yes
bld.ws.create	ru	absent	yes
bld.ws.create	lv	absent	yes
bld.ws.create	th	absent	yes
bld.ws.create	gd	absent	yes
bld.ws.create	tt	absent	yes
bld.ws.create	uk	absent	yes
bld.ws.create	cs	absent	yes
bld.ws.create	zh	absent	yes
bld.ws.create	ko	absent	yes
bld.ws.create	ar	absent	yes
bld.ws.create	nl-be	absent	yes
bld.ws.create	es	absent	yes
bld.ws.create	nl	absent	yes
bld.ws.create	de	absent	yes
bld.ws.create	fr	absent	yes
bld.ws.create	he	absent	yes
bld.ws.create	hi	absent	yes
bld.ws.create	bn	absent	yes
bld.ws.create	fa	absent	yes
bld.ws.create	ur	absent	yes
bld.ws.create	ja	absent	yes
bld.ws.create	da	absent	yes
bld.ws.create	nb	absent	yes
bld.ws.create	sv	absent	yes
bld.ws.create	fi	absent	yes
bld.ws.create	tr	absent	yes
bld.ws.create	hu	absent	yes
bld.ws.create	sa	absent	yes
bld.ws.create.d	en	absent	yes
bld.ws.create.d	ru	absent	yes
bld.ws.create.d	lv	absent	yes
bld.ws.create.d	th	absent	yes
bld.ws.create.d	gd	absent	yes
bld.ws.create.d	tt	absent	yes
bld.ws.create.d	uk	absent	yes
bld.ws.create.d	cs	absent	yes
bld.ws.create.d	zh	absent	yes
bld.ws.create.d	ko	absent	yes
bld.ws.create.d	ar	absent	yes
bld.ws.create.d	nl-be	absent	yes
bld.ws.create.d	es	absent	yes
bld.ws.create.d	nl	absent	yes
bld.ws.create.d	de	absent	yes
bld.ws.create.d	fr	absent	yes
bld.ws.create.d	he	absent	yes
bld.ws.create.d	hi	absent	yes
bld.ws.create.d	bn	absent	yes
bld.ws.create.d	fa	absent	yes
bld.ws.create.d	ur	absent	yes
bld.ws.create.d	ja	absent	yes
bld.ws.create.d	da	absent	yes
bld.ws.create.d	nb	absent	yes
bld.ws.create.d	sv	absent	yes
bld.ws.create.d	fi	absent	yes
bld.ws.create.d	tr	absent	yes
bld.ws.create.d	hu	absent	yes
bld.ws.create.d	sa	absent	yes
bld.ws.merge	en	absent	yes
bld.ws.merge	ru	absent	yes
bld.ws.merge	lv	absent	yes
bld.ws.merge	th	absent	yes
bld.ws.merge	gd	absent	yes
bld.ws.merge	tt	absent	yes
bld.ws.merge	uk	absent	yes
bld.ws.merge	cs	absent	yes
bld.ws.merge	zh	absent	yes
bld.ws.merge	ko	absent	yes
bld.ws.merge	ar	absent	yes
bld.ws.merge	nl-be	absent	yes
bld.ws.merge	es	absent	yes
bld.ws.merge	nl	absent	yes
bld.ws.merge	de	absent	yes
bld.ws.merge	fr	absent	yes
bld.ws.merge	he	absent	yes
bld.ws.merge	hi	absent	yes
bld.ws.merge	bn	absent	yes
bld.ws.merge	fa	absent	yes
bld.ws.merge	ur	absent	yes
bld.ws.merge	ja	absent	yes
bld.ws.merge	da	absent	yes
bld.ws.merge	nb	absent	yes
bld.ws.merge	sv	absent	yes
bld.ws.merge	fi	absent	yes
bld.ws.merge	tr	absent	yes
bld.ws.merge	hu	absent	yes
bld.ws.merge	sa	absent	yes
bld.ws.merge.d	en	absent	yes
bld.ws.merge.d	ru	absent	yes
bld.ws.merge.d	lv	absent	yes
bld.ws.merge.d	th	absent	yes
bld.ws.merge.d	gd	absent	yes
bld.ws.merge.d	tt	absent	yes
bld.ws.merge.d	uk	absent	yes
bld.ws.merge.d	cs	absent	yes
bld.ws.merge.d	zh	absent	yes
bld.ws.merge.d	ko	absent	yes
bld.ws.merge.d	ar	absent	yes
bld.ws.merge.d	nl-be	absent	yes
bld.ws.merge.d	es	absent	yes
bld.ws.merge.d	nl	absent	yes
bld.ws.merge.d	de	absent	yes
bld.ws.merge.d	fr	absent	yes
bld.ws.merge.d	he	absent	yes
bld.ws.merge.d	hi	absent	yes
bld.ws.merge.d	bn	absent	yes
bld.ws.merge.d	fa	absent	yes
bld.ws.merge.d	ur	absent	yes
bld.ws.merge.d	ja	absent	yes
bld.ws.merge.d	da	absent	yes
bld.ws.merge.d	nb	absent	yes
bld.ws.merge.d	sv	absent	yes
bld.ws.merge.d	fi	absent	yes
bld.ws.merge.d	tr	absent	yes
bld.ws.merge.d	hu	absent	yes
bld.ws.merge.d	sa	absent	yes
bld.ws.migrate	en	absent	yes
bld.ws.migrate	ru	absent	yes
bld.ws.migrate	lv	absent	yes
bld.ws.migrate	th	absent	yes
bld.ws.migrate	gd	absent	yes
bld.ws.migrate	tt	absent	yes
bld.ws.migrate	uk	absent	yes
bld.ws.migrate	cs	absent	yes
bld.ws.migrate	zh	absent	yes
bld.ws.migrate	ko	absent	yes
bld.ws.migrate	ar	absent	yes
bld.ws.migrate	nl-be	absent	yes
bld.ws.migrate	es	absent	yes
bld.ws.migrate	nl	absent	yes
bld.ws.migrate	de	absent	yes
bld.ws.migrate	fr	absent	yes
bld.ws.migrate	he	absent	yes
bld.ws.migrate	hi	absent	yes
bld.ws.migrate	bn	absent	yes
bld.ws.migrate	fa	absent	yes
bld.ws.migrate	ur	absent	yes
bld.ws.migrate	ja	absent	yes
bld.ws.migrate	da	absent	yes
bld.ws.migrate	nb	absent	yes
bld.ws.migrate	sv	absent	yes
bld.ws.migrate	fi	absent	yes
bld.ws.migrate	tr	absent	yes
bld.ws.migrate	hu	absent	yes
bld.ws.migrate	sa	absent	yes
bld.ws.migrate.d	en	absent	yes
bld.ws.migrate.d	ru	absent	yes
bld.ws.migrate.d	lv	absent	yes
bld.ws.migrate.d	th	absent	yes
bld.ws.migrate.d	gd	absent	yes
bld.ws.migrate.d	tt	absent	yes
bld.ws.migrate.d	uk	absent	yes
bld.ws.migrate.d	cs	absent	yes
bld.ws.migrate.d	zh	absent	yes
bld.ws.migrate.d	ko	absent	yes
bld.ws.migrate.d	ar	absent	yes
bld.ws.migrate.d	nl-be	absent	yes
bld.ws.migrate.d	es	absent	yes
bld.ws.migrate.d	nl	absent	yes
bld.ws.migrate.d	de	absent	yes
bld.ws.migrate.d	fr	absent	yes
bld.ws.migrate.d	he	absent	yes
bld.ws.migrate.d	hi	absent	yes
bld.ws.migrate.d	bn	absent	yes
bld.ws.migrate.d	fa	absent	yes
bld.ws.migrate.d	ur	absent	yes
bld.ws.migrate.d	ja	absent	yes
bld.ws.migrate.d	da	absent	yes
bld.ws.migrate.d	nb	absent	yes
bld.ws.migrate.d	sv	absent	yes
bld.ws.migrate.d	fi	absent	yes
bld.ws.migrate.d	tr	absent	yes
bld.ws.migrate.d	hu	absent	yes
bld.ws.migrate.d	sa	absent	yes
bld.ws.remove	en	absent	yes
bld.ws.remove	ru	absent	yes
bld.ws.remove	lv	absent	yes
bld.ws.remove	th	absent	yes
bld.ws.remove	gd	absent	yes
bld.ws.remove	tt	absent	yes
bld.ws.remove	uk	absent	yes
bld.ws.remove	cs	absent	yes
bld.ws.remove	zh	absent	yes
bld.ws.remove	ko	absent	yes
bld.ws.remove	ar	absent	yes
bld.ws.remove	nl-be	absent	yes
bld.ws.remove	es	absent	yes
bld.ws.remove	nl	absent	yes
bld.ws.remove	de	absent	yes
bld.ws.remove	fr	absent	yes
bld.ws.remove	he	absent	yes
bld.ws.remove	hi	absent	yes
bld.ws.remove	bn	absent	yes
bld.ws.remove	fa	absent	yes
bld.ws.remove	ur	absent	yes
bld.ws.remove	ja	absent	yes
bld.ws.remove	da	absent	yes
bld.ws.remove	nb	absent	yes
bld.ws.remove	sv	absent	yes
bld.ws.remove	fi	absent	yes
bld.ws.remove	tr	absent	yes
bld.ws.remove	hu	absent	yes
bld.ws.remove	sa	absent	yes
bld.ws.remove.d	en	absent	yes
bld.ws.remove.d	ru	absent	yes
bld.ws.remove.d	lv	absent	yes
bld.ws.remove.d	th	absent	yes
bld.ws.remove.d	gd	absent	yes
bld.ws.remove.d	tt	absent	yes
bld.ws.remove.d	uk	absent	yes
bld.ws.remove.d	cs	absent	yes
bld.ws.remove.d	zh	absent	yes
bld.ws.remove.d	ko	absent	yes
bld.ws.remove.d	ar	absent	yes
bld.ws.remove.d	nl-be	absent	yes
bld.ws.remove.d	es	absent	yes
bld.ws.remove.d	nl	absent	yes
bld.ws.remove.d	de	absent	yes
bld.ws.remove.d	fr	absent	yes
bld.ws.remove.d	he	absent	yes
bld.ws.remove.d	hi	absent	yes
bld.ws.remove.d	bn	absent	yes
bld.ws.remove.d	fa	absent	yes
bld.ws.remove.d	ur	absent	yes
bld.ws.remove.d	ja	absent	yes
bld.ws.remove.d	da	absent	yes
bld.ws.remove.d	nb	absent	yes
bld.ws.remove.d	sv	absent	yes
bld.ws.remove.d	fi	absent	yes
bld.ws.remove.d	tr	absent	yes
bld.ws.remove.d	hu	absent	yes
bld.ws.remove.d	sa	absent	yes
bld.foot.alpha	en	absent	yes
bld.foot.alpha	ru	absent	yes
bld.foot.alpha	lv	absent	yes
bld.foot.alpha	th	absent	yes
bld.foot.alpha	gd	absent	yes
bld.foot.alpha	tt	absent	yes
bld.foot.alpha	uk	absent	yes
bld.foot.alpha	cs	absent	yes
bld.foot.alpha	zh	absent	yes
bld.foot.alpha	ko	absent	yes
bld.foot.alpha	ar	absent	yes
bld.foot.alpha	nl-be	absent	yes
bld.foot.alpha	es	absent	yes
bld.foot.alpha	nl	absent	yes
bld.foot.alpha	de	absent	yes
bld.foot.alpha	fr	absent	yes
bld.foot.alpha	he	absent	yes
bld.foot.alpha	hi	absent	yes
bld.foot.alpha	bn	absent	yes
bld.foot.alpha	fa	absent	yes
bld.foot.alpha	ur	absent	yes
bld.foot.alpha	ja	absent	yes
bld.foot.alpha	da	absent	yes
bld.foot.alpha	nb	absent	yes
bld.foot.alpha	sv	absent	yes
bld.foot.alpha	fi	absent	yes
bld.foot.alpha	tr	absent	yes
bld.foot.alpha	hu	absent	yes
bld.foot.alpha	sa	absent	yes
bld.foot.dock	en	absent	yes
bld.foot.dock	ru	absent	yes
bld.foot.dock	lv	absent	yes
bld.foot.dock	th	absent	yes
bld.foot.dock	gd	absent	yes
bld.foot.dock	tt	absent	yes
bld.foot.dock	uk	absent	yes
bld.foot.dock	cs	absent	yes
bld.foot.dock	zh	absent	yes
bld.foot.dock	ko	absent	yes
bld.foot.dock	ar	absent	yes
bld.foot.dock	nl-be	absent	yes
bld.foot.dock	es	absent	yes
bld.foot.dock	nl	absent	yes
bld.foot.dock	de	absent	yes
bld.foot.dock	fr	absent	yes
bld.foot.dock	he	absent	yes
bld.foot.dock	hi	absent	yes
bld.foot.dock	bn	absent	yes
bld.foot.dock	fa	absent	yes
bld.foot.dock	ur	absent	yes
bld.foot.dock	ja	absent	yes
bld.foot.dock	da	absent	yes
bld.foot.dock	nb	absent	yes
bld.foot.dock	sv	absent	yes
bld.foot.dock	fi	absent	yes
bld.foot.dock	tr	absent	yes
bld.foot.dock	hu	absent	yes
bld.foot.dock	sa	absent	yes
uni.source	en	absent	yes
uni.source	ru	absent	yes
uni.source	lv	absent	yes
uni.source	th	absent	yes
uni.source	gd	absent	yes
uni.source	tt	absent	yes
uni.source	uk	absent	yes
uni.source	cs	absent	yes
uni.source	zh	absent	yes
uni.source	ko	absent	yes
uni.source	ar	absent	yes
uni.source	nl-be	absent	yes
uni.source	es	absent	yes
uni.source	nl	absent	yes
uni.source	de	absent	yes
uni.source	fr	absent	yes
uni.source	he	absent	yes
uni.source	hi	absent	yes
uni.source	bn	absent	yes
uni.source	fa	absent	yes
uni.source	ur	absent	yes
uni.source	ja	absent	yes
uni.source	da	absent	yes
uni.source	nb	absent	yes
uni.source	sv	absent	yes
uni.source	fi	absent	yes
uni.source	tr	absent	yes
uni.source	hu	absent	yes
uni.source	sa	absent	yes
uni.act.check	en	absent	yes
uni.act.check	ru	absent	yes
uni.act.check	lv	absent	yes
uni.act.check	th	absent	yes
uni.act.check	gd	absent	yes
uni.act.check	tt	absent	yes
uni.act.check	uk	absent	yes
uni.act.check	cs	absent	yes
uni.act.check	zh	absent	yes
uni.act.check	ko	absent	yes
uni.act.check	ar	absent	yes
uni.act.check	nl-be	absent	yes
uni.act.check	es	absent	yes
uni.act.check	nl	absent	yes
uni.act.check	de	absent	yes
uni.act.check	fr	absent	yes
uni.act.check	he	absent	yes
uni.act.check	hi	absent	yes
uni.act.check	bn	absent	yes
uni.act.check	fa	absent	yes
uni.act.check	ur	absent	yes
uni.act.check	ja	absent	yes
uni.act.check	da	absent	yes
uni.act.check	nb	absent	yes
uni.act.check	sv	absent	yes
uni.act.check	fi	absent	yes
uni.act.check	tr	absent	yes
uni.act.check	hu	absent	yes
uni.act.check	sa	absent	yes
uni.act.answer	en	absent	yes
uni.act.answer	ru	absent	yes
uni.act.answer	lv	absent	yes
uni.act.answer	th	absent	yes
uni.act.answer	gd	absent	yes
uni.act.answer	tt	absent	yes
uni.act.answer	uk	absent	yes
uni.act.answer	cs	absent	yes
uni.act.answer	zh	absent	yes
uni.act.answer	ko	absent	yes
uni.act.answer	ar	absent	yes
uni.act.answer	nl-be	absent	yes
uni.act.answer	es	absent	yes
uni.act.answer	nl	absent	yes
uni.act.answer	de	absent	yes
uni.act.answer	fr	absent	yes
uni.act.answer	he	absent	yes
uni.act.answer	hi	absent	yes
uni.act.answer	bn	absent	yes
uni.act.answer	fa	absent	yes
uni.act.answer	ur	absent	yes
uni.act.answer	ja	absent	yes
uni.act.answer	da	absent	yes
uni.act.answer	nb	absent	yes
uni.act.answer	sv	absent	yes
uni.act.answer	fi	absent	yes
uni.act.answer	tr	absent	yes
uni.act.answer	hu	absent	yes
uni.act.answer	sa	absent	yes
uni.act.scale	en	absent	yes
uni.act.scale	ru	absent	yes
uni.act.scale	lv	absent	yes
uni.act.scale	th	absent	yes
uni.act.scale	gd	absent	yes
uni.act.scale	tt	absent	yes
uni.act.scale	uk	absent	yes
uni.act.scale	cs	absent	yes
uni.act.scale	zh	absent	yes
uni.act.scale	ko	absent	yes
uni.act.scale	ar	absent	yes
uni.act.scale	nl-be	absent	yes
uni.act.scale	es	absent	yes
uni.act.scale	nl	absent	yes
uni.act.scale	de	absent	yes
uni.act.scale	fr	absent	yes
uni.act.scale	he	absent	yes
uni.act.scale	hi	absent	yes
uni.act.scale	bn	absent	yes
uni.act.scale	fa	absent	yes
uni.act.scale	ur	absent	yes
uni.act.scale	ja	absent	yes
uni.act.scale	da	absent	yes
uni.act.scale	nb	absent	yes
uni.act.scale	sv	absent	yes
uni.act.scale	fi	absent	yes
uni.act.scale	tr	absent	yes
uni.act.scale	hu	absent	yes
uni.act.scale	sa	absent	yes
uni.act.palette	en	absent	yes
uni.act.palette	ru	absent	yes
uni.act.palette	lv	absent	yes
uni.act.palette	th	absent	yes
uni.act.palette	gd	absent	yes
uni.act.palette	tt	absent	yes
uni.act.palette	uk	absent	yes
uni.act.palette	cs	absent	yes
uni.act.palette	zh	absent	yes
uni.act.palette	ko	absent	yes
uni.act.palette	ar	absent	yes
uni.act.palette	nl-be	absent	yes
uni.act.palette	es	absent	yes
uni.act.palette	nl	absent	yes
uni.act.palette	de	absent	yes
uni.act.palette	fr	absent	yes
uni.act.palette	he	absent	yes
uni.act.palette	hi	absent	yes
uni.act.palette	bn	absent	yes
uni.act.palette	fa	absent	yes
uni.act.palette	ur	absent	yes
uni.act.palette	ja	absent	yes
uni.act.palette	da	absent	yes
uni.act.palette	nb	absent	yes
uni.act.palette	sv	absent	yes
uni.act.palette	fi	absent	yes
uni.act.palette	tr	absent	yes
uni.act.palette	hu	absent	yes
uni.act.palette	sa	absent	yes
uni.c1.name	en	absent	yes
uni.c1.name	ru	absent	yes
uni.c1.name	lv	absent	yes
uni.c1.name	th	absent	yes
uni.c1.name	gd	absent	yes
uni.c1.name	tt	absent	yes
uni.c1.name	uk	absent	yes
uni.c1.name	cs	absent	yes
uni.c1.name	zh	absent	yes
uni.c1.name	ko	absent	yes
uni.c1.name	ar	absent	yes
uni.c1.name	nl-be	absent	yes
uni.c1.name	es	absent	yes
uni.c1.name	nl	absent	yes
uni.c1.name	de	absent	yes
uni.c1.name	fr	absent	yes
uni.c1.name	he	absent	yes
uni.c1.name	hi	absent	yes
uni.c1.name	bn	absent	yes
uni.c1.name	fa	absent	yes
uni.c1.name	ur	absent	yes
uni.c1.name	ja	absent	yes
uni.c1.name	da	absent	yes
uni.c1.name	nb	absent	yes
uni.c1.name	sv	absent	yes
uni.c1.name	fi	absent	yes
uni.c1.name	tr	absent	yes
uni.c1.name	hu	absent	yes
uni.c1.name	sa	absent	yes
uni.c2.name	en	absent	yes
uni.c2.name	ru	absent	yes
uni.c2.name	lv	absent	yes
uni.c2.name	th	absent	yes
uni.c2.name	gd	absent	yes
uni.c2.name	tt	absent	yes
uni.c2.name	uk	absent	yes
uni.c2.name	cs	absent	yes
uni.c2.name	zh	absent	yes
uni.c2.name	ko	absent	yes
uni.c2.name	ar	absent	yes
uni.c2.name	nl-be	absent	yes
uni.c2.name	es	absent	yes
uni.c2.name	nl	absent	yes
uni.c2.name	de	absent	yes
uni.c2.name	fr	absent	yes
uni.c2.name	he	absent	yes
uni.c2.name	hi	absent	yes
uni.c2.name	bn	absent	yes
uni.c2.name	fa	absent	yes
uni.c2.name	ur	absent	yes
uni.c2.name	ja	absent	yes
uni.c2.name	da	absent	yes
uni.c2.name	nb	absent	yes
uni.c2.name	sv	absent	yes
uni.c2.name	fi	absent	yes
uni.c2.name	tr	absent	yes
uni.c2.name	hu	absent	yes
uni.c2.name	sa	absent	yes
uni.c3.name	en	absent	yes
uni.c3.name	ru	absent	yes
uni.c3.name	lv	absent	yes
uni.c3.name	th	absent	yes
uni.c3.name	gd	absent	yes
uni.c3.name	tt	absent	yes
uni.c3.name	uk	absent	yes
uni.c3.name	cs	absent	yes
uni.c3.name	zh	absent	yes
uni.c3.name	ko	absent	yes
uni.c3.name	ar	absent	yes
uni.c3.name	nl-be	absent	yes
uni.c3.name	es	absent	yes
uni.c3.name	nl	absent	yes
uni.c3.name	de	absent	yes
uni.c3.name	fr	absent	yes
uni.c3.name	he	absent	yes
uni.c3.name	hi	absent	yes
uni.c3.name	bn	absent	yes
uni.c3.name	fa	absent	yes
uni.c3.name	ur	absent	yes
uni.c3.name	ja	absent	yes
uni.c3.name	da	absent	yes
uni.c3.name	nb	absent	yes
uni.c3.name	sv	absent	yes
uni.c3.name	fi	absent	yes
uni.c3.name	tr	absent	yes
uni.c3.name	hu	absent	yes
uni.c3.name	sa	absent	yes
uni.c4.name	en	absent	yes
uni.c4.name	ru	absent	yes
uni.c4.name	lv	absent	yes
uni.c4.name	th	absent	yes
uni.c4.name	gd	absent	yes
uni.c4.name	tt	absent	yes
uni.c4.name	uk	absent	yes
uni.c4.name	cs	absent	yes
uni.c4.name	zh	absent	yes
uni.c4.name	ko	absent	yes
uni.c4.name	ar	absent	yes
uni.c4.name	nl-be	absent	yes
uni.c4.name	es	absent	yes
uni.c4.name	nl	absent	yes
uni.c4.name	de	absent	yes
uni.c4.name	fr	absent	yes
uni.c4.name	he	absent	yes
uni.c4.name	hi	absent	yes
uni.c4.name	bn	absent	yes
uni.c4.name	fa	absent	yes
uni.c4.name	ur	absent	yes
uni.c4.name	ja	absent	yes
uni.c4.name	da	absent	yes
uni.c4.name	nb	absent	yes
uni.c4.name	sv	absent	yes
uni.c4.name	fi	absent	yes
uni.c4.name	tr	absent	yes
uni.c4.name	hu	absent	yes
uni.c4.name	sa	absent	yes
uni.c5.name	en	absent	yes
uni.c5.name	ru	absent	yes
uni.c5.name	lv	absent	yes
uni.c5.name	th	absent	yes
uni.c5.name	gd	absent	yes
uni.c5.name	tt	absent	yes
uni.c5.name	uk	absent	yes
uni.c5.name	cs	absent	yes
uni.c5.name	zh	absent	yes
uni.c5.name	ko	absent	yes
uni.c5.name	ar	absent	yes
uni.c5.name	nl-be	absent	yes
uni.c5.name	es	absent	yes
uni.c5.name	nl	absent	yes
uni.c5.name	de	absent	yes
uni.c5.name	fr	absent	yes
uni.c5.name	he	absent	yes
uni.c5.name	hi	absent	yes
uni.c5.name	bn	absent	yes
uni.c5.name	fa	absent	yes
uni.c5.name	ur	absent	yes
uni.c5.name	ja	absent	yes
uni.c5.name	da	absent	yes
uni.c5.name	nb	absent	yes
uni.c5.name	sv	absent	yes
uni.c5.name	fi	absent	yes
uni.c5.name	tr	absent	yes
uni.c5.name	hu	absent	yes
uni.c5.name	sa	absent	yes
uni.c6.name	en	absent	yes
uni.c6.name	ru	absent	yes
uni.c6.name	lv	absent	yes
uni.c6.name	th	absent	yes
uni.c6.name	gd	absent	yes
uni.c6.name	tt	absent	yes
uni.c6.name	uk	absent	yes
uni.c6.name	cs	absent	yes
uni.c6.name	zh	absent	yes
uni.c6.name	ko	absent	yes
uni.c6.name	ar	absent	yes
uni.c6.name	nl-be	absent	yes
uni.c6.name	es	absent	yes
uni.c6.name	nl	absent	yes
uni.c6.name	de	absent	yes
uni.c6.name	fr	absent	yes
uni.c6.name	he	absent	yes
uni.c6.name	hi	absent	yes
uni.c6.name	bn	absent	yes
uni.c6.name	fa	absent	yes
uni.c6.name	ur	absent	yes
uni.c6.name	ja	absent	yes
uni.c6.name	da	absent	yes
uni.c6.name	nb	absent	yes
uni.c6.name	sv	absent	yes
uni.c6.name	fi	absent	yes
uni.c6.name	tr	absent	yes
uni.c6.name	hu	absent	yes
uni.c6.name	sa	absent	yes
uni.c7.name	en	absent	yes
uni.c7.name	ru	absent	yes
uni.c7.name	lv	absent	yes
uni.c7.name	th	absent	yes
uni.c7.name	gd	absent	yes
uni.c7.name	tt	absent	yes
uni.c7.name	uk	absent	yes
uni.c7.name	cs	absent	yes
uni.c7.name	zh	absent	yes
uni.c7.name	ko	absent	yes
uni.c7.name	ar	absent	yes
uni.c7.name	nl-be	absent	yes
uni.c7.name	es	absent	yes
uni.c7.name	nl	absent	yes
uni.c7.name	de	absent	yes
uni.c7.name	fr	absent	yes
uni.c7.name	he	absent	yes
uni.c7.name	hi	absent	yes
uni.c7.name	bn	absent	yes
uni.c7.name	fa	absent	yes
uni.c7.name	ur	absent	yes
uni.c7.name	ja	absent	yes
uni.c7.name	da	absent	yes
uni.c7.name	nb	absent	yes
uni.c7.name	sv	absent	yes
uni.c7.name	fi	absent	yes
uni.c7.name	tr	absent	yes
uni.c7.name	hu	absent	yes
uni.c7.name	sa	absent	yes
uni.c1.act.h	en	absent	yes
uni.c1.act.h	ru	absent	yes
uni.c1.act.h	lv	absent	yes
uni.c1.act.h	th	absent	yes
uni.c1.act.h	gd	absent	yes
uni.c1.act.h	tt	absent	yes
uni.c1.act.h	uk	absent	yes
uni.c1.act.h	cs	absent	yes
uni.c1.act.h	zh	absent	yes
uni.c1.act.h	ko	absent	yes
uni.c1.act.h	ar	absent	yes
uni.c1.act.h	nl-be	absent	yes
uni.c1.act.h	es	absent	yes
uni.c1.act.h	nl	absent	yes
uni.c1.act.h	de	absent	yes
uni.c1.act.h	fr	absent	yes
uni.c1.act.h	he	absent	yes
uni.c1.act.h	hi	absent	yes
uni.c1.act.h	bn	absent	yes
uni.c1.act.h	fa	absent	yes
uni.c1.act.h	ur	absent	yes
uni.c1.act.h	ja	absent	yes
uni.c1.act.h	da	absent	yes
uni.c1.act.h	nb	absent	yes
uni.c1.act.h	sv	absent	yes
uni.c1.act.h	fi	absent	yes
uni.c1.act.h	tr	absent	yes
uni.c1.act.h	hu	absent	yes
uni.c1.act.h	sa	absent	yes
uni.c2.act.h	en	absent	yes
uni.c2.act.h	ru	absent	yes
uni.c2.act.h	lv	absent	yes
uni.c2.act.h	th	absent	yes
uni.c2.act.h	gd	absent	yes
uni.c2.act.h	tt	absent	yes
uni.c2.act.h	uk	absent	yes
uni.c2.act.h	cs	absent	yes
uni.c2.act.h	zh	absent	yes
uni.c2.act.h	ko	absent	yes
uni.c2.act.h	ar	absent	yes
uni.c2.act.h	nl-be	absent	yes
uni.c2.act.h	es	absent	yes
uni.c2.act.h	nl	absent	yes
uni.c2.act.h	de	absent	yes
uni.c2.act.h	fr	absent	yes
uni.c2.act.h	he	absent	yes
uni.c2.act.h	hi	absent	yes
uni.c2.act.h	bn	absent	yes
uni.c2.act.h	fa	absent	yes
uni.c2.act.h	ur	absent	yes
uni.c2.act.h	ja	absent	yes
uni.c2.act.h	da	absent	yes
uni.c2.act.h	nb	absent	yes
uni.c2.act.h	sv	absent	yes
uni.c2.act.h	fi	absent	yes
uni.c2.act.h	tr	absent	yes
uni.c2.act.h	hu	absent	yes
uni.c2.act.h	sa	absent	yes
uni.c3.act.h	en	absent	yes
uni.c3.act.h	ru	absent	yes
uni.c3.act.h	lv	absent	yes
uni.c3.act.h	th	absent	yes
uni.c3.act.h	gd	absent	yes
uni.c3.act.h	tt	absent	yes
uni.c3.act.h	uk	absent	yes
uni.c3.act.h	cs	absent	yes
uni.c3.act.h	zh	absent	yes
uni.c3.act.h	ko	absent	yes
uni.c3.act.h	ar	absent	yes
uni.c3.act.h	nl-be	absent	yes
uni.c3.act.h	es	absent	yes
uni.c3.act.h	nl	absent	yes
uni.c3.act.h	de	absent	yes
uni.c3.act.h	fr	absent	yes
uni.c3.act.h	he	absent	yes
uni.c3.act.h	hi	absent	yes
uni.c3.act.h	bn	absent	yes
uni.c3.act.h	fa	absent	yes
uni.c3.act.h	ur	absent	yes
uni.c3.act.h	ja	absent	yes
uni.c3.act.h	da	absent	yes
uni.c3.act.h	nb	absent	yes
uni.c3.act.h	sv	absent	yes
uni.c3.act.h	fi	absent	yes
uni.c3.act.h	tr	absent	yes
uni.c3.act.h	hu	absent	yes
uni.c3.act.h	sa	absent	yes
uni.c4.act.h	en	absent	yes
uni.c4.act.h	ru	absent	yes
uni.c4.act.h	lv	absent	yes
uni.c4.act.h	th	absent	yes
uni.c4.act.h	gd	absent	yes
uni.c4.act.h	tt	absent	yes
uni.c4.act.h	uk	absent	yes
uni.c4.act.h	cs	absent	yes
uni.c4.act.h	zh	absent	yes
uni.c4.act.h	ko	absent	yes
uni.c4.act.h	ar	absent	yes
uni.c4.act.h	nl-be	absent	yes
uni.c4.act.h	es	absent	yes
uni.c4.act.h	nl	absent	yes
uni.c4.act.h	de	absent	yes
uni.c4.act.h	fr	absent	yes
uni.c4.act.h	he	absent	yes
uni.c4.act.h	hi	absent	yes
uni.c4.act.h	bn	absent	yes
uni.c4.act.h	fa	absent	yes
uni.c4.act.h	ur	absent	yes
uni.c4.act.h	ja	absent	yes
uni.c4.act.h	da	absent	yes
uni.c4.act.h	nb	absent	yes
uni.c4.act.h	sv	absent	yes
uni.c4.act.h	fi	absent	yes
uni.c4.act.h	tr	absent	yes
uni.c4.act.h	hu	absent	yes
uni.c4.act.h	sa	absent	yes
uni.c5.act.h	en	absent	yes
uni.c5.act.h	ru	absent	yes
uni.c5.act.h	lv	absent	yes
uni.c5.act.h	th	absent	yes
uni.c5.act.h	gd	absent	yes
uni.c5.act.h	tt	absent	yes
uni.c5.act.h	uk	absent	yes
uni.c5.act.h	cs	absent	yes
uni.c5.act.h	zh	absent	yes
uni.c5.act.h	ko	absent	yes
uni.c5.act.h	ar	absent	yes
uni.c5.act.h	nl-be	absent	yes
uni.c5.act.h	es	absent	yes
uni.c5.act.h	nl	absent	yes
uni.c5.act.h	de	absent	yes
uni.c5.act.h	fr	absent	yes
uni.c5.act.h	he	absent	yes
uni.c5.act.h	hi	absent	yes
uni.c5.act.h	bn	absent	yes
uni.c5.act.h	fa	absent	yes
uni.c5.act.h	ur	absent	yes
uni.c5.act.h	ja	absent	yes
uni.c5.act.h	da	absent	yes
uni.c5.act.h	nb	absent	yes
uni.c5.act.h	sv	absent	yes
uni.c5.act.h	fi	absent	yes
uni.c5.act.h	tr	absent	yes
uni.c5.act.h	hu	absent	yes
uni.c5.act.h	sa	absent	yes
uni.c6.act.h	en	absent	yes
uni.c6.act.h	ru	absent	yes
uni.c6.act.h	lv	absent	yes
uni.c6.act.h	th	absent	yes
uni.c6.act.h	gd	absent	yes
uni.c6.act.h	tt	absent	yes
uni.c6.act.h	uk	absent	yes
uni.c6.act.h	cs	absent	yes
uni.c6.act.h	zh	absent	yes
uni.c6.act.h	ko	absent	yes
uni.c6.act.h	ar	absent	yes
uni.c6.act.h	nl-be	absent	yes
uni.c6.act.h	es	absent	yes
uni.c6.act.h	nl	absent	yes
uni.c6.act.h	de	absent	yes
uni.c6.act.h	fr	absent	yes
uni.c6.act.h	he	absent	yes
uni.c6.act.h	hi	absent	yes
uni.c6.act.h	bn	absent	yes
uni.c6.act.h	fa	absent	yes
uni.c6.act.h	ur	absent	yes
uni.c6.act.h	ja	absent	yes
uni.c6.act.h	da	absent	yes
uni.c6.act.h	nb	absent	yes
uni.c6.act.h	sv	absent	yes
uni.c6.act.h	fi	absent	yes
uni.c6.act.h	tr	absent	yes
uni.c6.act.h	hu	absent	yes
uni.c6.act.h	sa	absent	yes
uni.c7.act.h	en	absent	yes
uni.c7.act.h	ru	absent	yes
uni.c7.act.h	lv	absent	yes
uni.c7.act.h	th	absent	yes
uni.c7.act.h	gd	absent	yes
uni.c7.act.h	tt	absent	yes
uni.c7.act.h	uk	absent	yes
uni.c7.act.h	cs	absent	yes
uni.c7.act.h	zh	absent	yes
uni.c7.act.h	ko	absent	yes
uni.c7.act.h	ar	absent	yes
uni.c7.act.h	nl-be	absent	yes
uni.c7.act.h	es	absent	yes
uni.c7.act.h	nl	absent	yes
uni.c7.act.h	de	absent	yes
uni.c7.act.h	fr	absent	yes
uni.c7.act.h	he	absent	yes
uni.c7.act.h	hi	absent	yes
uni.c7.act.h	bn	absent	yes
uni.c7.act.h	fa	absent	yes
uni.c7.act.h	ur	absent	yes
uni.c7.act.h	ja	absent	yes
uni.c7.act.h	da	absent	yes
uni.c7.act.h	nb	absent	yes
uni.c7.act.h	sv	absent	yes
uni.c7.act.h	fi	absent	yes
uni.c7.act.h	tr	absent	yes
uni.c7.act.h	hu	absent	yes
uni.c7.act.h	sa	absent	yes
uni.grad.bee	en	absent	yes
uni.grad.bee	ru	absent	yes
uni.grad.bee	lv	absent	yes
uni.grad.bee	th	absent	yes
uni.grad.bee	gd	absent	yes
uni.grad.bee	tt	absent	yes
uni.grad.bee	uk	absent	yes
uni.grad.bee	cs	absent	yes
uni.grad.bee	zh	absent	yes
uni.grad.bee	ko	absent	yes
uni.grad.bee	ar	absent	yes
uni.grad.bee	nl-be	absent	yes
uni.grad.bee	es	absent	yes
uni.grad.bee	nl	absent	yes
uni.grad.bee	de	absent	yes
uni.grad.bee	fr	absent	yes
uni.grad.bee	he	absent	yes
uni.grad.bee	hi	absent	yes
uni.grad.bee	bn	absent	yes
uni.grad.bee	fa	absent	yes
uni.grad.bee	ur	absent	yes
uni.grad.bee	ja	absent	yes
uni.grad.bee	da	absent	yes
uni.grad.bee	nb	absent	yes
uni.grad.bee	sv	absent	yes
uni.grad.bee	fi	absent	yes
uni.grad.bee	tr	absent	yes
uni.grad.bee	hu	absent	yes
uni.grad.bee	sa	absent	yes
pl.voice.pick	en	absent	yes
pl.voice.pick	ru	absent	yes
pl.voice.pick	lv	absent	yes
pl.voice.pick	th	absent	yes
pl.voice.pick	gd	absent	yes
pl.voice.pick	tt	absent	yes
pl.voice.pick	uk	absent	yes
pl.voice.pick	cs	absent	yes
pl.voice.pick	zh	absent	yes
pl.voice.pick	ko	absent	yes
pl.voice.pick	ar	absent	yes
pl.voice.pick	nl-be	absent	yes
pl.voice.pick	es	absent	yes
pl.voice.pick	nl	absent	yes
pl.voice.pick	de	absent	yes
pl.voice.pick	fr	absent	yes
pl.voice.pick	he	absent	yes
pl.voice.pick	hi	absent	yes
pl.voice.pick	bn	absent	yes
pl.voice.pick	fa	absent	yes
pl.voice.pick	ur	absent	yes
pl.voice.pick	ja	absent	yes
pl.voice.pick	da	absent	yes
pl.voice.pick	nb	absent	yes
pl.voice.pick	sv	absent	yes
pl.voice.pick	fi	absent	yes
pl.voice.pick	tr	absent	yes
pl.voice.pick	hu	absent	yes
pl.voice.pick	sa	absent	yes
pl.voice.salam	en	absent	yes
pl.voice.salam	ru	absent	yes
pl.voice.salam	lv	absent	yes
pl.voice.salam	th	absent	yes
pl.voice.salam	gd	absent	yes
pl.voice.salam	tt	absent	yes
pl.voice.salam	uk	absent	yes
pl.voice.salam	cs	absent	yes
pl.voice.salam	zh	absent	yes
pl.voice.salam	ko	absent	yes
pl.voice.salam	ar	absent	yes
pl.voice.salam	nl-be	absent	yes
pl.voice.salam	es	absent	yes
pl.voice.salam	nl	absent	yes
pl.voice.salam	de	absent	yes
pl.voice.salam	fr	absent	yes
pl.voice.salam	he	absent	yes
pl.voice.salam	hi	absent	yes
pl.voice.salam	bn	absent	yes
pl.voice.salam	fa	absent	yes
pl.voice.salam	ur	absent	yes
pl.voice.salam	ja	absent	yes
pl.voice.salam	da	absent	yes
pl.voice.salam	nb	absent	yes
pl.voice.salam	sv	absent	yes
pl.voice.salam	fi	absent	yes
pl.voice.salam	tr	absent	yes
pl.voice.salam	hu	absent	yes
pl.voice.salam	sa	absent	yes
pl.expand	en	absent	yes
pl.expand	ru	absent	yes
pl.expand	lv	absent	yes
pl.expand	th	absent	yes
pl.expand	gd	absent	yes
pl.expand	tt	absent	yes
pl.expand	uk	absent	yes
pl.expand	cs	absent	yes
pl.expand	zh	absent	yes
pl.expand	ko	absent	yes
pl.expand	ar	absent	yes
pl.expand	nl-be	absent	yes
pl.expand	es	absent	yes
pl.expand	nl	absent	yes
pl.expand	de	absent	yes
pl.expand	fr	absent	yes
pl.expand	he	absent	yes
pl.expand	hi	absent	yes
pl.expand	bn	absent	yes
pl.expand	fa	absent	yes
pl.expand	ur	absent	yes
pl.expand	ja	absent	yes
pl.expand	da	absent	yes
pl.expand	nb	absent	yes
pl.expand	sv	absent	yes
pl.expand	fi	absent	yes
pl.expand	tr	absent	yes
pl.expand	hu	absent	yes
pl.expand	sa	absent	yes
pl.floor	en	absent	yes
pl.floor	ru	absent	yes
pl.floor	lv	absent	yes
pl.floor	th	absent	yes
pl.floor	gd	absent	yes
pl.floor	tt	absent	yes
pl.floor	uk	absent	yes
pl.floor	cs	absent	yes
pl.floor	zh	absent	yes
pl.floor	ko	absent	yes
pl.floor	ar	absent	yes
pl.floor	nl-be	absent	yes
pl.floor	es	absent	yes
pl.floor	nl	absent	yes
pl.floor	de	absent	yes
pl.floor	fr	absent	yes
pl.floor	he	absent	yes
pl.floor	hi	absent	yes
pl.floor	bn	absent	yes
pl.floor	fa	absent	yes
pl.floor	ur	absent	yes
pl.floor	ja	absent	yes
pl.floor	da	absent	yes
pl.floor	nb	absent	yes
pl.floor	sv	absent	yes
pl.floor	fi	absent	yes
pl.floor	tr	absent	yes
pl.floor	hu	absent	yes
pl.floor	sa	absent	yes
pl.lede	en	absent	yes
pl.lede	ru	absent	yes
pl.lede	lv	absent	yes
pl.lede	th	absent	yes
pl.lede	gd	absent	yes
pl.lede	tt	absent	yes
pl.lede	uk	absent	yes
pl.lede	cs	absent	yes
pl.lede	zh	absent	yes
pl.lede	ko	absent	yes
pl.lede	ar	absent	yes
pl.lede	nl-be	absent	yes
pl.lede	es	absent	yes
pl.lede	nl	absent	yes
pl.lede	de	absent	yes
pl.lede	fr	absent	yes
pl.lede	he	absent	yes
pl.lede	hi	absent	yes
pl.lede	bn	absent	yes
pl.lede	fa	absent	yes
pl.lede	ur	absent	yes
pl.lede	ja	absent	yes
pl.lede	da	absent	yes
pl.lede	nb	absent	yes
pl.lede	sv	absent	yes
pl.lede	fi	absent	yes
pl.lede	tr	absent	yes
pl.lede	hu	absent	yes
pl.lede	sa	absent	yes
d.plur.hint	en	absent	yes
d.plur.hint	ru	absent	yes
d.plur.hint	lv	absent	yes
d.plur.hint	th	absent	yes
d.plur.hint	gd	absent	yes
d.plur.hint	tt	absent	yes
d.plur.hint	uk	absent	yes
d.plur.hint	cs	absent	yes
d.plur.hint	zh	absent	yes
d.plur.hint	ko	absent	yes
d.plur.hint	ar	absent	yes
d.plur.hint	nl-be	absent	yes
d.plur.hint	es	absent	yes
d.plur.hint	nl	absent	yes
d.plur.hint	de	absent	yes
d.plur.hint	fr	absent	yes
d.plur.hint	he	absent	yes
d.plur.hint	hi	absent	yes
d.plur.hint	bn	absent	yes
d.plur.hint	fa	absent	yes
d.plur.hint	ur	absent	yes
d.plur.hint	ja	absent	yes
d.plur.hint	da	absent	yes
d.plur.hint	nb	absent	yes
d.plur.hint	sv	absent	yes
d.plur.hint	fi	absent	yes
d.plur.hint	tr	absent	yes
d.plur.hint	hu	absent	yes
d.plur.hint	sa	absent	yes
pl.peace	en	absent	yes
pl.peace	ru	absent	yes
pl.peace	lv	absent	yes
pl.peace	th	absent	yes
pl.peace	gd	absent	yes
pl.peace	tt	absent	yes
pl.peace	uk	absent	yes
pl.peace	cs	absent	yes
pl.peace	zh	absent	yes
pl.peace	ko	absent	yes
pl.peace	ar	absent	yes
pl.peace	nl-be	absent	yes
pl.peace	es	absent	yes
pl.peace	nl	absent	yes
pl.peace	de	absent	yes
pl.peace	fr	absent	yes
pl.peace	he	absent	yes
pl.peace	hi	absent	yes
pl.peace	bn	absent	yes
pl.peace	fa	absent	yes
pl.peace	ur	absent	yes
pl.peace	ja	absent	yes
pl.peace	da	absent	yes
pl.peace	nb	absent	yes
pl.peace	sv	absent	yes
pl.peace	fi	absent	yes
pl.peace	tr	absent	yes
pl.peace	hu	absent	yes
pl.peace	sa	absent	yes
pl.peace.gloss	en	absent	yes
pl.peace.gloss	ru	absent	yes
pl.peace.gloss	lv	absent	yes
pl.peace.gloss	th	absent	yes
pl.peace.gloss	gd	absent	yes
pl.peace.gloss	tt	absent	yes
pl.peace.gloss	uk	absent	yes
pl.peace.gloss	cs	absent	yes
pl.peace.gloss	zh	absent	yes
pl.peace.gloss	ko	absent	yes
pl.peace.gloss	ar	absent	yes
pl.peace.gloss	nl-be	absent	yes
pl.peace.gloss	es	absent	yes
pl.peace.gloss	nl	absent	yes
pl.peace.gloss	de	absent	yes
pl.peace.gloss	fr	absent	yes
pl.peace.gloss	he	absent	yes
pl.peace.gloss	hi	absent	yes
pl.peace.gloss	bn	absent	yes
pl.peace.gloss	fa	absent	yes
pl.peace.gloss	ur	absent	yes
pl.peace.gloss	ja	absent	yes
pl.peace.gloss	da	absent	yes
pl.peace.gloss	nb	absent	yes
pl.peace.gloss	sv	absent	yes
pl.peace.gloss	fi	absent	yes
pl.peace.gloss	tr	absent	yes
pl.peace.gloss	hu	absent	yes
pl.peace.gloss	sa	absent	yes
pl.note.peace	en	absent	yes
pl.note.peace	ru	absent	yes
pl.note.peace	lv	absent	yes
pl.note.peace	th	absent	yes
pl.note.peace	gd	absent	yes
pl.note.peace	tt	absent	yes
pl.note.peace	uk	absent	yes
pl.note.peace	cs	absent	yes
pl.note.peace	zh	absent	yes
pl.note.peace	ko	absent	yes
pl.note.peace	ar	absent	yes
pl.note.peace	nl-be	absent	yes
pl.note.peace	es	absent	yes
pl.note.peace	nl	absent	yes
pl.note.peace	de	absent	yes
pl.note.peace	fr	absent	yes
pl.note.peace	he	absent	yes
pl.note.peace	hi	absent	yes
pl.note.peace	bn	absent	yes
pl.note.peace	fa	absent	yes
pl.note.peace	ur	absent	yes
pl.note.peace	ja	absent	yes
pl.note.peace	da	absent	yes
pl.note.peace	nb	absent	yes
pl.note.peace	sv	absent	yes
pl.note.peace	fi	absent	yes
pl.note.peace	tr	absent	yes
pl.note.peace	hu	absent	yes
pl.note.peace	sa	absent	yes
pl.love	en	absent	yes
pl.love	ru	absent	yes
pl.love	lv	absent	yes
pl.love	th	absent	yes
pl.love	gd	absent	yes
pl.love	tt	absent	yes
pl.love	uk	absent	yes
pl.love	cs	absent	yes
pl.love	zh	absent	yes
pl.love	ko	absent	yes
pl.love	ar	absent	yes
pl.love	nl-be	absent	yes
pl.love	es	absent	yes
pl.love	nl	absent	yes
pl.love	de	absent	yes
pl.love	fr	absent	yes
pl.love	he	absent	yes
pl.love	hi	absent	yes
pl.love	bn	absent	yes
pl.love	fa	absent	yes
pl.love	ur	absent	yes
pl.love	ja	absent	yes
pl.love	da	absent	yes
pl.love	nb	absent	yes
pl.love	sv	absent	yes
pl.love	fi	absent	yes
pl.love	tr	absent	yes
pl.love	hu	absent	yes
pl.love	sa	absent	yes
pl.love.gloss	en	absent	yes
pl.love.gloss	ru	absent	yes
pl.love.gloss	lv	absent	yes
pl.love.gloss	th	absent	yes
pl.love.gloss	gd	absent	yes
pl.love.gloss	tt	absent	yes
pl.love.gloss	uk	absent	yes
pl.love.gloss	cs	absent	yes
pl.love.gloss	zh	absent	yes
pl.love.gloss	ko	absent	yes
pl.love.gloss	ar	absent	yes
pl.love.gloss	nl-be	absent	yes
pl.love.gloss	es	absent	yes
pl.love.gloss	nl	absent	yes
pl.love.gloss	de	absent	yes
pl.love.gloss	fr	absent	yes
pl.love.gloss	he	absent	yes
pl.love.gloss	hi	absent	yes
pl.love.gloss	bn	absent	yes
pl.love.gloss	fa	absent	yes
pl.love.gloss	ur	absent	yes
pl.love.gloss	ja	absent	yes
pl.love.gloss	da	absent	yes
pl.love.gloss	nb	absent	yes
pl.love.gloss	sv	absent	yes
pl.love.gloss	fi	absent	yes
pl.love.gloss	tr	absent	yes
pl.love.gloss	hu	absent	yes
pl.love.gloss	sa	absent	yes
pl.note.love	en	absent	yes
pl.note.love	ru	absent	yes
pl.note.love	lv	absent	yes
pl.note.love	th	absent	yes
pl.note.love	gd	absent	yes
pl.note.love	tt	absent	yes
pl.note.love	uk	absent	yes
pl.note.love	cs	absent	yes
pl.note.love	zh	absent	yes
pl.note.love	ko	absent	yes
pl.note.love	ar	absent	yes
pl.note.love	nl-be	absent	yes
pl.note.love	es	absent	yes
pl.note.love	nl	absent	yes
pl.note.love	de	absent	yes
pl.note.love	fr	absent	yes
pl.note.love	he	absent	yes
pl.note.love	hi	absent	yes
pl.note.love	bn	absent	yes
pl.note.love	fa	absent	yes
pl.note.love	ur	absent	yes
pl.note.love	ja	absent	yes
pl.note.love	da	absent	yes
pl.note.love	nb	absent	yes
pl.note.love	sv	absent	yes
pl.note.love	fi	absent	yes
pl.note.love	tr	absent	yes
pl.note.love	hu	absent	yes
pl.note.love	sa	absent	yes
pl.unity	en	absent	yes
pl.unity	ru	absent	yes
pl.unity	lv	absent	yes
pl.unity	th	absent	yes
pl.unity	gd	absent	yes
pl.unity	tt	absent	yes
pl.unity	uk	absent	yes
pl.unity	cs	absent	yes
pl.unity	zh	absent	yes
pl.unity	ko	absent	yes
pl.unity	ar	absent	yes
pl.unity	nl-be	absent	yes
pl.unity	es	absent	yes
pl.unity	nl	absent	yes
pl.unity	de	absent	yes
pl.unity	fr	absent	yes
pl.unity	he	absent	yes
pl.unity	hi	absent	yes
pl.unity	bn	absent	yes
pl.unity	fa	absent	yes
pl.unity	ur	absent	yes
pl.unity	ja	absent	yes
pl.unity	da	absent	yes
pl.unity	nb	absent	yes
pl.unity	sv	absent	yes
pl.unity	fi	absent	yes
pl.unity	tr	absent	yes
pl.unity	hu	absent	yes
pl.unity	sa	absent	yes
pl.unity.gloss	en	absent	yes
pl.unity.gloss	ru	absent	yes
pl.unity.gloss	lv	absent	yes
pl.unity.gloss	th	absent	yes
pl.unity.gloss	gd	absent	yes
pl.unity.gloss	tt	absent	yes
pl.unity.gloss	uk	absent	yes
pl.unity.gloss	cs	absent	yes
pl.unity.gloss	zh	absent	yes
pl.unity.gloss	ko	absent	yes
pl.unity.gloss	ar	absent	yes
pl.unity.gloss	nl-be	absent	yes
pl.unity.gloss	es	absent	yes
pl.unity.gloss	nl	absent	yes
pl.unity.gloss	de	absent	yes
pl.unity.gloss	fr	absent	yes
pl.unity.gloss	he	absent	yes
pl.unity.gloss	hi	absent	yes
pl.unity.gloss	bn	absent	yes
pl.unity.gloss	fa	absent	yes
pl.unity.gloss	ur	absent	yes
pl.unity.gloss	ja	absent	yes
pl.unity.gloss	da	absent	yes
pl.unity.gloss	nb	absent	yes
pl.unity.gloss	sv	absent	yes
pl.unity.gloss	fi	absent	yes
pl.unity.gloss	tr	absent	yes
pl.unity.gloss	hu	absent	yes
pl.unity.gloss	sa	absent	yes
pl.note.unity	en	absent	yes
pl.note.unity	ru	absent	yes
pl.note.unity	lv	absent	yes
pl.note.unity	th	absent	yes
pl.note.unity	gd	absent	yes
pl.note.unity	tt	absent	yes
pl.note.unity	uk	absent	yes
pl.note.unity	cs	absent	yes
pl.note.unity	zh	absent	yes
pl.note.unity	ko	absent	yes
pl.note.unity	ar	absent	yes
pl.note.unity	nl-be	absent	yes
pl.note.unity	es	absent	yes
pl.note.unity	nl	absent	yes
pl.note.unity	de	absent	yes
pl.note.unity	fr	absent	yes
pl.note.unity	he	absent	yes
pl.note.unity	hi	absent	yes
pl.note.unity	bn	absent	yes
pl.note.unity	fa	absent	yes
pl.note.unity	ur	absent	yes
pl.note.unity	ja	absent	yes
pl.note.unity	da	absent	yes
pl.note.unity	nb	absent	yes
pl.note.unity	sv	absent	yes
pl.note.unity	fi	absent	yes
pl.note.unity	tr	absent	yes
pl.note.unity	hu	absent	yes
pl.note.unity	sa	absent	yes
pl.respect	en	absent	yes
pl.respect	ru	absent	yes
pl.respect	lv	absent	yes
pl.respect	th	absent	yes
pl.respect	gd	absent	yes
pl.respect	tt	absent	yes
pl.respect	uk	absent	yes
pl.respect	cs	absent	yes
pl.respect	zh	absent	yes
pl.respect	ko	absent	yes
pl.respect	ar	absent	yes
pl.respect	nl-be	absent	yes
pl.respect	es	absent	yes
pl.respect	nl	absent	yes
pl.respect	de	absent	yes
pl.respect	fr	absent	yes
pl.respect	he	absent	yes
pl.respect	hi	absent	yes
pl.respect	bn	absent	yes
pl.respect	fa	absent	yes
pl.respect	ur	absent	yes
pl.respect	ja	absent	yes
pl.respect	da	absent	yes
pl.respect	nb	absent	yes
pl.respect	sv	absent	yes
pl.respect	fi	absent	yes
pl.respect	tr	absent	yes
pl.respect	hu	absent	yes
pl.respect	sa	absent	yes
pl.respect.gloss	en	absent	yes
pl.respect.gloss	ru	absent	yes
pl.respect.gloss	lv	absent	yes
pl.respect.gloss	th	absent	yes
pl.respect.gloss	gd	absent	yes
pl.respect.gloss	tt	absent	yes
pl.respect.gloss	uk	absent	yes
pl.respect.gloss	cs	absent	yes
pl.respect.gloss	zh	absent	yes
pl.respect.gloss	ko	absent	yes
pl.respect.gloss	ar	absent	yes
pl.respect.gloss	nl-be	absent	yes
pl.respect.gloss	es	absent	yes
pl.respect.gloss	nl	absent	yes
pl.respect.gloss	de	absent	yes
pl.respect.gloss	fr	absent	yes
pl.respect.gloss	he	absent	yes
pl.respect.gloss	hi	absent	yes
pl.respect.gloss	bn	absent	yes
pl.respect.gloss	fa	absent	yes
pl.respect.gloss	ur	absent	yes
pl.respect.gloss	ja	absent	yes
pl.respect.gloss	da	absent	yes
pl.respect.gloss	nb	absent	yes
pl.respect.gloss	sv	absent	yes
pl.respect.gloss	fi	absent	yes
pl.respect.gloss	tr	absent	yes
pl.respect.gloss	hu	absent	yes
pl.respect.gloss	sa	absent	yes
pl.note.respect	en	absent	yes
pl.note.respect	ru	absent	yes
pl.note.respect	lv	absent	yes
pl.note.respect	th	absent	yes
pl.note.respect	gd	absent	yes
pl.note.respect	tt	absent	yes
pl.note.respect	uk	absent	yes
pl.note.respect	cs	absent	yes
pl.note.respect	zh	absent	yes
pl.note.respect	ko	absent	yes
pl.note.respect	ar	absent	yes
pl.note.respect	nl-be	absent	yes
pl.note.respect	es	absent	yes
pl.note.respect	nl	absent	yes
pl.note.respect	de	absent	yes
pl.note.respect	fr	absent	yes
pl.note.respect	he	absent	yes
pl.note.respect	hi	absent	yes
pl.note.respect	bn	absent	yes
pl.note.respect	fa	absent	yes
pl.note.respect	ur	absent	yes
pl.note.respect	ja	absent	yes
pl.note.respect	da	absent	yes
pl.note.respect	nb	absent	yes
pl.note.respect	sv	absent	yes
pl.note.respect	fi	absent	yes
pl.note.respect	tr	absent	yes
pl.note.respect	hu	absent	yes
pl.note.respect	sa	absent	yes
d.plur.roses.h	en	absent	yes
d.plur.roses.h	ru	absent	yes
d.plur.roses.h	lv	absent	yes
d.plur.roses.h	th	absent	yes
d.plur.roses.h	gd	absent	yes
d.plur.roses.h	tt	absent	yes
d.plur.roses.h	uk	absent	yes
d.plur.roses.h	cs	absent	yes
d.plur.roses.h	zh	absent	yes
d.plur.roses.h	ko	absent	yes
d.plur.roses.h	ar	absent	yes
d.plur.roses.h	nl-be	absent	yes
d.plur.roses.h	es	absent	yes
d.plur.roses.h	nl	absent	yes
d.plur.roses.h	de	absent	yes
d.plur.roses.h	fr	absent	yes
d.plur.roses.h	he	absent	yes
d.plur.roses.h	hi	absent	yes
d.plur.roses.h	bn	absent	yes
d.plur.roses.h	fa	absent	yes
d.plur.roses.h	ur	absent	yes
d.plur.roses.h	ja	absent	yes
d.plur.roses.h	da	absent	yes
d.plur.roses.h	nb	absent	yes
d.plur.roses.h	sv	absent	yes
d.plur.roses.h	fi	absent	yes
d.plur.roses.h	tr	absent	yes
d.plur.roses.h	hu	absent	yes
d.plur.roses.h	sa	absent	yes
d.plur.roses.why	en	absent	yes
d.plur.roses.why	ru	absent	yes
d.plur.roses.why	lv	absent	yes
d.plur.roses.why	th	absent	yes
d.plur.roses.why	gd	absent	yes
d.plur.roses.why	tt	absent	yes
d.plur.roses.why	uk	absent	yes
d.plur.roses.why	cs	absent	yes
d.plur.roses.why	zh	absent	yes
d.plur.roses.why	ko	absent	yes
d.plur.roses.why	ar	absent	yes
d.plur.roses.why	nl-be	absent	yes
d.plur.roses.why	es	absent	yes
d.plur.roses.why	nl	absent	yes
d.plur.roses.why	de	absent	yes
d.plur.roses.why	fr	absent	yes
d.plur.roses.why	he	absent	yes
d.plur.roses.why	hi	absent	yes
d.plur.roses.why	bn	absent	yes
d.plur.roses.why	fa	absent	yes
d.plur.roses.why	ur	absent	yes
d.plur.roses.why	ja	absent	yes
d.plur.roses.why	da	absent	yes
d.plur.roses.why	nb	absent	yes
d.plur.roses.why	sv	absent	yes
d.plur.roses.why	fi	absent	yes
d.plur.roses.why	tr	absent	yes
d.plur.roses.why	hu	absent	yes
d.plur.roses.why	sa	absent	yes
d.plur.roses.oddlaw	en	absent	yes
d.plur.roses.oddlaw	ru	absent	yes
d.plur.roses.oddlaw	lv	absent	yes
d.plur.roses.oddlaw	th	absent	yes
d.plur.roses.oddlaw	gd	absent	yes
d.plur.roses.oddlaw	tt	absent	yes
d.plur.roses.oddlaw	uk	absent	yes
d.plur.roses.oddlaw	cs	absent	yes
d.plur.roses.oddlaw	zh	absent	yes
d.plur.roses.oddlaw	ko	absent	yes
d.plur.roses.oddlaw	ar	absent	yes
d.plur.roses.oddlaw	nl-be	absent	yes
d.plur.roses.oddlaw	es	absent	yes
d.plur.roses.oddlaw	nl	absent	yes
d.plur.roses.oddlaw	de	absent	yes
d.plur.roses.oddlaw	fr	absent	yes
d.plur.roses.oddlaw	he	absent	yes
d.plur.roses.oddlaw	hi	absent	yes
d.plur.roses.oddlaw	bn	absent	yes
d.plur.roses.oddlaw	fa	absent	yes
d.plur.roses.oddlaw	ur	absent	yes
d.plur.roses.oddlaw	ja	absent	yes
d.plur.roses.oddlaw	da	absent	yes
d.plur.roses.oddlaw	nb	absent	yes
d.plur.roses.oddlaw	sv	absent	yes
d.plur.roses.oddlaw	fi	absent	yes
d.plur.roses.oddlaw	tr	absent	yes
d.plur.roses.oddlaw	hu	absent	yes
d.plur.roses.oddlaw	sa	absent	yes
pl.roses.3	en	absent	yes
pl.roses.3	ru	absent	yes
pl.roses.3	lv	absent	yes
pl.roses.3	th	absent	yes
pl.roses.3	gd	absent	yes
pl.roses.3	tt	absent	yes
pl.roses.3	uk	absent	yes
pl.roses.3	cs	absent	yes
pl.roses.3	zh	absent	yes
pl.roses.3	ko	absent	yes
pl.roses.3	ar	absent	yes
pl.roses.3	nl-be	absent	yes
pl.roses.3	es	absent	yes
pl.roses.3	nl	absent	yes
pl.roses.3	de	absent	yes
pl.roses.3	fr	absent	yes
pl.roses.3	he	absent	yes
pl.roses.3	hi	absent	yes
pl.roses.3	bn	absent	yes
pl.roses.3	fa	absent	yes
pl.roses.3	ur	absent	yes
pl.roses.3	ja	absent	yes
pl.roses.3	da	absent	yes
pl.roses.3	nb	absent	yes
pl.roses.3	sv	absent	yes
pl.roses.3	fi	absent	yes
pl.roses.3	tr	absent	yes
pl.roses.3	hu	absent	yes
pl.roses.3	sa	absent	yes
pl.roses.5	en	absent	yes
pl.roses.5	ru	absent	yes
pl.roses.5	lv	absent	yes
pl.roses.5	th	absent	yes
pl.roses.5	gd	absent	yes
pl.roses.5	tt	absent	yes
pl.roses.5	uk	absent	yes
pl.roses.5	cs	absent	yes
pl.roses.5	zh	absent	yes
pl.roses.5	ko	absent	yes
pl.roses.5	ar	absent	yes
pl.roses.5	nl-be	absent	yes
pl.roses.5	es	absent	yes
pl.roses.5	nl	absent	yes
pl.roses.5	de	absent	yes
pl.roses.5	fr	absent	yes
pl.roses.5	he	absent	yes
pl.roses.5	hi	absent	yes
pl.roses.5	bn	absent	yes
pl.roses.5	fa	absent	yes
pl.roses.5	ur	absent	yes
pl.roses.5	ja	absent	yes
pl.roses.5	da	absent	yes
pl.roses.5	nb	absent	yes
pl.roses.5	sv	absent	yes
pl.roses.5	fi	absent	yes
pl.roses.5	tr	absent	yes
pl.roses.5	hu	absent	yes
pl.roses.5	sa	absent	yes
pl.roses.7	en	absent	yes
pl.roses.7	ru	absent	yes
pl.roses.7	lv	absent	yes
pl.roses.7	th	absent	yes
pl.roses.7	gd	absent	yes
pl.roses.7	tt	absent	yes
pl.roses.7	uk	absent	yes
pl.roses.7	cs	absent	yes
pl.roses.7	zh	absent	yes
pl.roses.7	ko	absent	yes
pl.roses.7	ar	absent	yes
pl.roses.7	nl-be	absent	yes
pl.roses.7	es	absent	yes
pl.roses.7	nl	absent	yes
pl.roses.7	de	absent	yes
pl.roses.7	fr	absent	yes
pl.roses.7	he	absent	yes
pl.roses.7	hi	absent	yes
pl.roses.7	bn	absent	yes
pl.roses.7	fa	absent	yes
pl.roses.7	ur	absent	yes
pl.roses.7	ja	absent	yes
pl.roses.7	da	absent	yes
pl.roses.7	nb	absent	yes
pl.roses.7	sv	absent	yes
pl.roses.7	fi	absent	yes
pl.roses.7	tr	absent	yes
pl.roses.7	hu	absent	yes
pl.roses.7	sa	absent	yes
pl.roses.11	en	absent	yes
pl.roses.11	ru	absent	yes
pl.roses.11	lv	absent	yes
pl.roses.11	th	absent	yes
pl.roses.11	gd	absent	yes
pl.roses.11	tt	absent	yes
pl.roses.11	uk	absent	yes
pl.roses.11	cs	absent	yes
pl.roses.11	zh	absent	yes
pl.roses.11	ko	absent	yes
pl.roses.11	ar	absent	yes
pl.roses.11	nl-be	absent	yes
pl.roses.11	es	absent	yes
pl.roses.11	nl	absent	yes
pl.roses.11	de	absent	yes
pl.roses.11	fr	absent	yes
pl.roses.11	he	absent	yes
pl.roses.11	hi	absent	yes
pl.roses.11	bn	absent	yes
pl.roses.11	fa	absent	yes
pl.roses.11	ur	absent	yes
pl.roses.11	ja	absent	yes
pl.roses.11	da	absent	yes
pl.roses.11	nb	absent	yes
pl.roses.11	sv	absent	yes
pl.roses.11	fi	absent	yes
pl.roses.11	tr	absent	yes
pl.roses.11	hu	absent	yes
pl.roses.11	sa	absent	yes
d.plur.roses.cut	en	absent	yes
d.plur.roses.cut	ru	absent	yes
d.plur.roses.cut	lv	absent	yes
d.plur.roses.cut	th	absent	yes
d.plur.roses.cut	gd	absent	yes
d.plur.roses.cut	tt	absent	yes
d.plur.roses.cut	uk	absent	yes
d.plur.roses.cut	cs	absent	yes
d.plur.roses.cut	zh	absent	yes
d.plur.roses.cut	ko	absent	yes
d.plur.roses.cut	ar	absent	yes
d.plur.roses.cut	nl-be	absent	yes
d.plur.roses.cut	es	absent	yes
d.plur.roses.cut	nl	absent	yes
d.plur.roses.cut	de	absent	yes
d.plur.roses.cut	fr	absent	yes
d.plur.roses.cut	he	absent	yes
d.plur.roses.cut	hi	absent	yes
d.plur.roses.cut	bn	absent	yes
d.plur.roses.cut	fa	absent	yes
d.plur.roses.cut	ur	absent	yes
d.plur.roses.cut	ja	absent	yes
d.plur.roses.cut	da	absent	yes
d.plur.roses.cut	nb	absent	yes
d.plur.roses.cut	sv	absent	yes
d.plur.roses.cut	fi	absent	yes
d.plur.roses.cut	tr	absent	yes
d.plur.roses.cut	hu	absent	yes
d.plur.roses.cut	sa	absent	yes
pl.qrtree	en	absent	yes
pl.qrtree	ru	absent	yes
pl.qrtree	lv	absent	yes
pl.qrtree	th	absent	yes
pl.qrtree	gd	absent	yes
pl.qrtree	tt	absent	yes
pl.qrtree	uk	absent	yes
pl.qrtree	cs	absent	yes
pl.qrtree	zh	absent	yes
pl.qrtree	ko	absent	yes
pl.qrtree	ar	absent	yes
pl.qrtree	nl-be	absent	yes
pl.qrtree	es	absent	yes
pl.qrtree	nl	absent	yes
pl.qrtree	de	absent	yes
pl.qrtree	fr	absent	yes
pl.qrtree	he	absent	yes
pl.qrtree	hi	absent	yes
pl.qrtree	bn	absent	yes
pl.qrtree	fa	absent	yes
pl.qrtree	ur	absent	yes
pl.qrtree	ja	absent	yes
pl.qrtree	da	absent	yes
pl.qrtree	nb	absent	yes
pl.qrtree	sv	absent	yes
pl.qrtree	fi	absent	yes
pl.qrtree	tr	absent	yes
pl.qrtree	hu	absent	yes
pl.qrtree	sa	absent	yes
d.plur.roses.museum	en	absent	yes
d.plur.roses.museum	ru	absent	yes
d.plur.roses.museum	lv	absent	yes
d.plur.roses.museum	th	absent	yes
d.plur.roses.museum	gd	absent	yes
d.plur.roses.museum	tt	absent	yes
d.plur.roses.museum	uk	absent	yes
d.plur.roses.museum	cs	absent	yes
d.plur.roses.museum	zh	absent	yes
d.plur.roses.museum	ko	absent	yes
d.plur.roses.museum	ar	absent	yes
d.plur.roses.museum	nl-be	absent	yes
d.plur.roses.museum	es	absent	yes
d.plur.roses.museum	nl	absent	yes
d.plur.roses.museum	de	absent	yes
d.plur.roses.museum	fr	absent	yes
d.plur.roses.museum	he	absent	yes
d.plur.roses.museum	hi	absent	yes
d.plur.roses.museum	bn	absent	yes
d.plur.roses.museum	fa	absent	yes
d.plur.roses.museum	ur	absent	yes
d.plur.roses.museum	ja	absent	yes
d.plur.roses.museum	da	absent	yes
d.plur.roses.museum	nb	absent	yes
d.plur.roses.museum	sv	absent	yes
d.plur.roses.museum	fi	absent	yes
d.plur.roses.museum	tr	absent	yes
d.plur.roses.museum	hu	absent	yes
d.plur.roses.museum	sa	absent	yes
d.plur.talk.h	en	absent	yes
d.plur.talk.h	ru	absent	yes
d.plur.talk.h	lv	absent	yes
d.plur.talk.h	th	absent	yes
d.plur.talk.h	gd	absent	yes
d.plur.talk.h	tt	absent	yes
d.plur.talk.h	uk	absent	yes
d.plur.talk.h	cs	absent	yes
d.plur.talk.h	zh	absent	yes
d.plur.talk.h	ko	absent	yes
d.plur.talk.h	ar	absent	yes
d.plur.talk.h	nl-be	absent	yes
d.plur.talk.h	es	absent	yes
d.plur.talk.h	nl	absent	yes
d.plur.talk.h	de	absent	yes
d.plur.talk.h	fr	absent	yes
d.plur.talk.h	he	absent	yes
d.plur.talk.h	hi	absent	yes
d.plur.talk.h	bn	absent	yes
d.plur.talk.h	fa	absent	yes
d.plur.talk.h	ur	absent	yes
d.plur.talk.h	ja	absent	yes
d.plur.talk.h	da	absent	yes
d.plur.talk.h	nb	absent	yes
d.plur.talk.h	sv	absent	yes
d.plur.talk.h	fi	absent	yes
d.plur.talk.h	tr	absent	yes
d.plur.talk.h	hu	absent	yes
d.plur.talk.h	sa	absent	yes
d.plur.talk.who	en	absent	yes
d.plur.talk.who	ru	absent	yes
d.plur.talk.who	lv	absent	yes
d.plur.talk.who	th	absent	yes
d.plur.talk.who	gd	absent	yes
d.plur.talk.who	tt	absent	yes
d.plur.talk.who	uk	absent	yes
d.plur.talk.who	cs	absent	yes
d.plur.talk.who	zh	absent	yes
d.plur.talk.who	ko	absent	yes
d.plur.talk.who	ar	absent	yes
d.plur.talk.who	nl-be	absent	yes
d.plur.talk.who	es	absent	yes
d.plur.talk.who	nl	absent	yes
d.plur.talk.who	de	absent	yes
d.plur.talk.who	fr	absent	yes
d.plur.talk.who	he	absent	yes
d.plur.talk.who	hi	absent	yes
d.plur.talk.who	bn	absent	yes
d.plur.talk.who	fa	absent	yes
d.plur.talk.who	ur	absent	yes
d.plur.talk.who	ja	absent	yes
d.plur.talk.who	da	absent	yes
d.plur.talk.who	nb	absent	yes
d.plur.talk.who	sv	absent	yes
d.plur.talk.who	fi	absent	yes
d.plur.talk.who	tr	absent	yes
d.plur.talk.who	hu	absent	yes
d.plur.talk.who	sa	absent	yes
d.plur.talk.sub	en	absent	yes
d.plur.talk.sub	ru	absent	yes
d.plur.talk.sub	lv	absent	yes
d.plur.talk.sub	th	absent	yes
d.plur.talk.sub	gd	absent	yes
d.plur.talk.sub	tt	absent	yes
d.plur.talk.sub	uk	absent	yes
d.plur.talk.sub	cs	absent	yes
d.plur.talk.sub	zh	absent	yes
d.plur.talk.sub	ko	absent	yes
d.plur.talk.sub	ar	absent	yes
d.plur.talk.sub	nl-be	absent	yes
d.plur.talk.sub	es	absent	yes
d.plur.talk.sub	nl	absent	yes
d.plur.talk.sub	de	absent	yes
d.plur.talk.sub	fr	absent	yes
d.plur.talk.sub	he	absent	yes
d.plur.talk.sub	hi	absent	yes
d.plur.talk.sub	bn	absent	yes
d.plur.talk.sub	fa	absent	yes
d.plur.talk.sub	ur	absent	yes
d.plur.talk.sub	ja	absent	yes
d.plur.talk.sub	da	absent	yes
d.plur.talk.sub	nb	absent	yes
d.plur.talk.sub	sv	absent	yes
d.plur.talk.sub	fi	absent	yes
d.plur.talk.sub	tr	absent	yes
d.plur.talk.sub	hu	absent	yes
d.plur.talk.sub	sa	absent	yes
d.plur.talk.yours	en	absent	yes
d.plur.talk.yours	ru	absent	yes
d.plur.talk.yours	lv	absent	yes
d.plur.talk.yours	th	absent	yes
d.plur.talk.yours	gd	absent	yes
d.plur.talk.yours	tt	absent	yes
d.plur.talk.yours	uk	absent	yes
d.plur.talk.yours	cs	absent	yes
d.plur.talk.yours	zh	absent	yes
d.plur.talk.yours	ko	absent	yes
d.plur.talk.yours	ar	absent	yes
d.plur.talk.yours	nl-be	absent	yes
d.plur.talk.yours	es	absent	yes
d.plur.talk.yours	nl	absent	yes
d.plur.talk.yours	de	absent	yes
d.plur.talk.yours	fr	absent	yes
d.plur.talk.yours	he	absent	yes
d.plur.talk.yours	hi	absent	yes
d.plur.talk.yours	bn	absent	yes
d.plur.talk.yours	fa	absent	yes
d.plur.talk.yours	ur	absent	yes
d.plur.talk.yours	ja	absent	yes
d.plur.talk.yours	da	absent	yes
d.plur.talk.yours	nb	absent	yes
d.plur.talk.yours	sv	absent	yes
d.plur.talk.yours	fi	absent	yes
d.plur.talk.yours	tr	absent	yes
d.plur.talk.yours	hu	absent	yes
d.plur.talk.yours	sa	absent	yes
d.plur.talk.learning	en	absent	yes
d.plur.talk.learning	ru	absent	yes
d.plur.talk.learning	lv	absent	yes
d.plur.talk.learning	th	absent	yes
d.plur.talk.learning	gd	absent	yes
d.plur.talk.learning	tt	absent	yes
d.plur.talk.learning	uk	absent	yes
d.plur.talk.learning	cs	absent	yes
d.plur.talk.learning	zh	absent	yes
d.plur.talk.learning	ko	absent	yes
d.plur.talk.learning	ar	absent	yes
d.plur.talk.learning	nl-be	absent	yes
d.plur.talk.learning	es	absent	yes
d.plur.talk.learning	nl	absent	yes
d.plur.talk.learning	de	absent	yes
d.plur.talk.learning	fr	absent	yes
d.plur.talk.learning	he	absent	yes
d.plur.talk.learning	hi	absent	yes
d.plur.talk.learning	bn	absent	yes
d.plur.talk.learning	fa	absent	yes
d.plur.talk.learning	ur	absent	yes
d.plur.talk.learning	ja	absent	yes
d.plur.talk.learning	da	absent	yes
d.plur.talk.learning	nb	absent	yes
d.plur.talk.learning	sv	absent	yes
d.plur.talk.learning	fi	absent	yes
d.plur.talk.learning	tr	absent	yes
d.plur.talk.learning	hu	absent	yes
d.plur.talk.learning	sa	absent	yes
pl.seed.peace	en	absent	yes
pl.seed.peace	ru	absent	yes
pl.seed.peace	lv	absent	yes
pl.seed.peace	th	absent	yes
pl.seed.peace	gd	absent	yes
pl.seed.peace	tt	absent	yes
pl.seed.peace	uk	absent	yes
pl.seed.peace	cs	absent	yes
pl.seed.peace	zh	absent	yes
pl.seed.peace	ko	absent	yes
pl.seed.peace	ar	absent	yes
pl.seed.peace	nl-be	absent	yes
pl.seed.peace	es	absent	yes
pl.seed.peace	nl	absent	yes
pl.seed.peace	de	absent	yes
pl.seed.peace	fr	absent	yes
pl.seed.peace	he	absent	yes
pl.seed.peace	hi	absent	yes
pl.seed.peace	bn	absent	yes
pl.seed.peace	fa	absent	yes
pl.seed.peace	ur	absent	yes
pl.seed.peace	ja	absent	yes
pl.seed.peace	da	absent	yes
pl.seed.peace	nb	absent	yes
pl.seed.peace	sv	absent	yes
pl.seed.peace	fi	absent	yes
pl.seed.peace	tr	absent	yes
pl.seed.peace	hu	absent	yes
pl.seed.peace	sa	absent	yes
pl.seed.love	en	absent	yes
pl.seed.love	ru	absent	yes
pl.seed.love	lv	absent	yes
pl.seed.love	th	absent	yes
pl.seed.love	gd	absent	yes
pl.seed.love	tt	absent	yes
pl.seed.love	uk	absent	yes
pl.seed.love	cs	absent	yes
pl.seed.love	zh	absent	yes
pl.seed.love	ko	absent	yes
pl.seed.love	ar	absent	yes
pl.seed.love	nl-be	absent	yes
pl.seed.love	es	absent	yes
pl.seed.love	nl	absent	yes
pl.seed.love	de	absent	yes
pl.seed.love	fr	absent	yes
pl.seed.love	he	absent	yes
pl.seed.love	hi	absent	yes
pl.seed.love	bn	absent	yes
pl.seed.love	fa	absent	yes
pl.seed.love	ur	absent	yes
pl.seed.love	ja	absent	yes
pl.seed.love	da	absent	yes
pl.seed.love	nb	absent	yes
pl.seed.love	sv	absent	yes
pl.seed.love	fi	absent	yes
pl.seed.love	tr	absent	yes
pl.seed.love	hu	absent	yes
pl.seed.love	sa	absent	yes
pl.seed.come	en	absent	yes
pl.seed.come	ru	absent	yes
pl.seed.come	lv	absent	yes
pl.seed.come	th	absent	yes
pl.seed.come	gd	absent	yes
pl.seed.come	tt	absent	yes
pl.seed.come	uk	absent	yes
pl.seed.come	cs	absent	yes
pl.seed.come	zh	absent	yes
pl.seed.come	ko	absent	yes
pl.seed.come	ar	absent	yes
pl.seed.come	nl-be	absent	yes
pl.seed.come	es	absent	yes
pl.seed.come	nl	absent	yes
pl.seed.come	de	absent	yes
pl.seed.come	fr	absent	yes
pl.seed.come	he	absent	yes
pl.seed.come	hi	absent	yes
pl.seed.come	bn	absent	yes
pl.seed.come	fa	absent	yes
pl.seed.come	ur	absent	yes
pl.seed.come	ja	absent	yes
pl.seed.come	da	absent	yes
pl.seed.come	nb	absent	yes
pl.seed.come	sv	absent	yes
pl.seed.come	fi	absent	yes
pl.seed.come	tr	absent	yes
pl.seed.come	hu	absent	yes
pl.seed.come	sa	absent	yes
pl.seed.greet	en	absent	yes
pl.seed.greet	ru	absent	yes
pl.seed.greet	lv	absent	yes
pl.seed.greet	th	absent	yes
pl.seed.greet	gd	absent	yes
pl.seed.greet	tt	absent	yes
pl.seed.greet	uk	absent	yes
pl.seed.greet	cs	absent	yes
pl.seed.greet	zh	absent	yes
pl.seed.greet	ko	absent	yes
pl.seed.greet	ar	absent	yes
pl.seed.greet	nl-be	absent	yes
pl.seed.greet	es	absent	yes
pl.seed.greet	nl	absent	yes
pl.seed.greet	de	absent	yes
pl.seed.greet	fr	absent	yes
pl.seed.greet	he	absent	yes
pl.seed.greet	hi	absent	yes
pl.seed.greet	bn	absent	yes
pl.seed.greet	fa	absent	yes
pl.seed.greet	ur	absent	yes
pl.seed.greet	ja	absent	yes
pl.seed.greet	da	absent	yes
pl.seed.greet	nb	absent	yes
pl.seed.greet	sv	absent	yes
pl.seed.greet	fi	absent	yes
pl.seed.greet	tr	absent	yes
pl.seed.greet	hu	absent	yes
pl.seed.greet	sa	absent	yes
d.plur.talk.send	en	absent	yes
d.plur.talk.send	ru	absent	yes
d.plur.talk.send	lv	absent	yes
d.plur.talk.send	th	absent	yes
d.plur.talk.send	gd	absent	yes
d.plur.talk.send	tt	absent	yes
d.plur.talk.send	uk	absent	yes
d.plur.talk.send	cs	absent	yes
d.plur.talk.send	zh	absent	yes
d.plur.talk.send	ko	absent	yes
d.plur.talk.send	ar	absent	yes
d.plur.talk.send	nl-be	absent	yes
d.plur.talk.send	es	absent	yes
d.plur.talk.send	nl	absent	yes
d.plur.talk.send	de	absent	yes
d.plur.talk.send	fr	absent	yes
d.plur.talk.send	he	absent	yes
d.plur.talk.send	hi	absent	yes
d.plur.talk.send	bn	absent	yes
d.plur.talk.send	fa	absent	yes
d.plur.talk.send	ur	absent	yes
d.plur.talk.send	ja	absent	yes
d.plur.talk.send	da	absent	yes
d.plur.talk.send	nb	absent	yes
d.plur.talk.send	sv	absent	yes
d.plur.talk.send	fi	absent	yes
d.plur.talk.send	tr	absent	yes
d.plur.talk.send	hu	absent	yes
d.plur.talk.send	sa	absent	yes
d.plur.stone.h	en	absent	yes
d.plur.stone.h	ru	absent	yes
d.plur.stone.h	lv	absent	yes
d.plur.stone.h	th	absent	yes
d.plur.stone.h	gd	absent	yes
d.plur.stone.h	tt	absent	yes
d.plur.stone.h	uk	absent	yes
d.plur.stone.h	cs	absent	yes
d.plur.stone.h	zh	absent	yes
d.plur.stone.h	ko	absent	yes
d.plur.stone.h	ar	absent	yes
d.plur.stone.h	nl-be	absent	yes
d.plur.stone.h	es	absent	yes
d.plur.stone.h	nl	absent	yes
d.plur.stone.h	de	absent	yes
d.plur.stone.h	fr	absent	yes
d.plur.stone.h	he	absent	yes
d.plur.stone.h	hi	absent	yes
d.plur.stone.h	bn	absent	yes
d.plur.stone.h	fa	absent	yes
d.plur.stone.h	ur	absent	yes
d.plur.stone.h	ja	absent	yes
d.plur.stone.h	da	absent	yes
d.plur.stone.h	nb	absent	yes
d.plur.stone.h	sv	absent	yes
d.plur.stone.h	fi	absent	yes
d.plur.stone.h	tr	absent	yes
d.plur.stone.h	hu	absent	yes
d.plur.stone.h	sa	absent	yes
d.plur.stone.sub	en	absent	yes
d.plur.stone.sub	ru	absent	yes
d.plur.stone.sub	lv	absent	yes
d.plur.stone.sub	th	absent	yes
d.plur.stone.sub	gd	absent	yes
d.plur.stone.sub	tt	absent	yes
d.plur.stone.sub	uk	absent	yes
d.plur.stone.sub	cs	absent	yes
d.plur.stone.sub	zh	absent	yes
d.plur.stone.sub	ko	absent	yes
d.plur.stone.sub	ar	absent	yes
d.plur.stone.sub	nl-be	absent	yes
d.plur.stone.sub	es	absent	yes
d.plur.stone.sub	nl	absent	yes
d.plur.stone.sub	de	absent	yes
d.plur.stone.sub	fr	absent	yes
d.plur.stone.sub	he	absent	yes
d.plur.stone.sub	hi	absent	yes
d.plur.stone.sub	bn	absent	yes
d.plur.stone.sub	fa	absent	yes
d.plur.stone.sub	ur	absent	yes
d.plur.stone.sub	ja	absent	yes
d.plur.stone.sub	da	absent	yes
d.plur.stone.sub	nb	absent	yes
d.plur.stone.sub	sv	absent	yes
d.plur.stone.sub	fi	absent	yes
d.plur.stone.sub	tr	absent	yes
d.plur.stone.sub	hu	absent	yes
d.plur.stone.sub	sa	absent	yes
pl.pillar.peace	en	absent	yes
pl.pillar.peace	ru	absent	yes
pl.pillar.peace	lv	absent	yes
pl.pillar.peace	th	absent	yes
pl.pillar.peace	gd	absent	yes
pl.pillar.peace	tt	absent	yes
pl.pillar.peace	uk	absent	yes
pl.pillar.peace	cs	absent	yes
pl.pillar.peace	zh	absent	yes
pl.pillar.peace	ko	absent	yes
pl.pillar.peace	ar	absent	yes
pl.pillar.peace	nl-be	absent	yes
pl.pillar.peace	es	absent	yes
pl.pillar.peace	nl	absent	yes
pl.pillar.peace	de	absent	yes
pl.pillar.peace	fr	absent	yes
pl.pillar.peace	he	absent	yes
pl.pillar.peace	hi	absent	yes
pl.pillar.peace	bn	absent	yes
pl.pillar.peace	fa	absent	yes
pl.pillar.peace	ur	absent	yes
pl.pillar.peace	ja	absent	yes
pl.pillar.peace	da	absent	yes
pl.pillar.peace	nb	absent	yes
pl.pillar.peace	sv	absent	yes
pl.pillar.peace	fi	absent	yes
pl.pillar.peace	tr	absent	yes
pl.pillar.peace	hu	absent	yes
pl.pillar.peace	sa	absent	yes
d.plur.stone.peace	en	absent	yes
d.plur.stone.peace	ru	absent	yes
d.plur.stone.peace	lv	absent	yes
d.plur.stone.peace	th	absent	yes
d.plur.stone.peace	gd	absent	yes
d.plur.stone.peace	tt	absent	yes
d.plur.stone.peace	uk	absent	yes
d.plur.stone.peace	cs	absent	yes
d.plur.stone.peace	zh	absent	yes
d.plur.stone.peace	ko	absent	yes
d.plur.stone.peace	ar	absent	yes
d.plur.stone.peace	nl-be	absent	yes
d.plur.stone.peace	es	absent	yes
d.plur.stone.peace	nl	absent	yes
d.plur.stone.peace	de	absent	yes
d.plur.stone.peace	fr	absent	yes
d.plur.stone.peace	he	absent	yes
d.plur.stone.peace	hi	absent	yes
d.plur.stone.peace	bn	absent	yes
d.plur.stone.peace	fa	absent	yes
d.plur.stone.peace	ur	absent	yes
d.plur.stone.peace	ja	absent	yes
d.plur.stone.peace	da	absent	yes
d.plur.stone.peace	nb	absent	yes
d.plur.stone.peace	sv	absent	yes
d.plur.stone.peace	fi	absent	yes
d.plur.stone.peace	tr	absent	yes
d.plur.stone.peace	hu	absent	yes
d.plur.stone.peace	sa	absent	yes
pl.pillar.love	en	absent	yes
pl.pillar.love	ru	absent	yes
pl.pillar.love	lv	absent	yes
pl.pillar.love	th	absent	yes
pl.pillar.love	gd	absent	yes
pl.pillar.love	tt	absent	yes
pl.pillar.love	uk	absent	yes
pl.pillar.love	cs	absent	yes
pl.pillar.love	zh	absent	yes
pl.pillar.love	ko	absent	yes
pl.pillar.love	ar	absent	yes
pl.pillar.love	nl-be	absent	yes
pl.pillar.love	es	absent	yes
pl.pillar.love	nl	absent	yes
pl.pillar.love	de	absent	yes
pl.pillar.love	fr	absent	yes
pl.pillar.love	he	absent	yes
pl.pillar.love	hi	absent	yes
pl.pillar.love	bn	absent	yes
pl.pillar.love	fa	absent	yes
pl.pillar.love	ur	absent	yes
pl.pillar.love	ja	absent	yes
pl.pillar.love	da	absent	yes
pl.pillar.love	nb	absent	yes
pl.pillar.love	sv	absent	yes
pl.pillar.love	fi	absent	yes
pl.pillar.love	tr	absent	yes
pl.pillar.love	hu	absent	yes
pl.pillar.love	sa	absent	yes
d.plur.stone.love	en	absent	yes
d.plur.stone.love	ru	absent	yes
d.plur.stone.love	lv	absent	yes
d.plur.stone.love	th	absent	yes
d.plur.stone.love	gd	absent	yes
d.plur.stone.love	tt	absent	yes
d.plur.stone.love	uk	absent	yes
d.plur.stone.love	cs	absent	yes
d.plur.stone.love	zh	absent	yes
d.plur.stone.love	ko	absent	yes
d.plur.stone.love	ar	absent	yes
d.plur.stone.love	nl-be	absent	yes
d.plur.stone.love	es	absent	yes
d.plur.stone.love	nl	absent	yes
d.plur.stone.love	de	absent	yes
d.plur.stone.love	fr	absent	yes
d.plur.stone.love	he	absent	yes
d.plur.stone.love	hi	absent	yes
d.plur.stone.love	bn	absent	yes
d.plur.stone.love	fa	absent	yes
d.plur.stone.love	ur	absent	yes
d.plur.stone.love	ja	absent	yes
d.plur.stone.love	da	absent	yes
d.plur.stone.love	nb	absent	yes
d.plur.stone.love	sv	absent	yes
d.plur.stone.love	fi	absent	yes
d.plur.stone.love	tr	absent	yes
d.plur.stone.love	hu	absent	yes
d.plur.stone.love	sa	absent	yes
pl.pillar.unity	en	absent	yes
pl.pillar.unity	ru	absent	yes
pl.pillar.unity	lv	absent	yes
pl.pillar.unity	th	absent	yes
pl.pillar.unity	gd	absent	yes
pl.pillar.unity	tt	absent	yes
pl.pillar.unity	uk	absent	yes
pl.pillar.unity	cs	absent	yes
pl.pillar.unity	zh	absent	yes
pl.pillar.unity	ko	absent	yes
pl.pillar.unity	ar	absent	yes
pl.pillar.unity	nl-be	absent	yes
pl.pillar.unity	es	absent	yes
pl.pillar.unity	nl	absent	yes
pl.pillar.unity	de	absent	yes
pl.pillar.unity	fr	absent	yes
pl.pillar.unity	he	absent	yes
pl.pillar.unity	hi	absent	yes
pl.pillar.unity	bn	absent	yes
pl.pillar.unity	fa	absent	yes
pl.pillar.unity	ur	absent	yes
pl.pillar.unity	ja	absent	yes
pl.pillar.unity	da	absent	yes
pl.pillar.unity	nb	absent	yes
pl.pillar.unity	sv	absent	yes
pl.pillar.unity	fi	absent	yes
pl.pillar.unity	tr	absent	yes
pl.pillar.unity	hu	absent	yes
pl.pillar.unity	sa	absent	yes
d.plur.stone.unity	en	absent	yes
d.plur.stone.unity	ru	absent	yes
d.plur.stone.unity	lv	absent	yes
d.plur.stone.unity	th	absent	yes
d.plur.stone.unity	gd	absent	yes
d.plur.stone.unity	tt	absent	yes
d.plur.stone.unity	uk	absent	yes
d.plur.stone.unity	cs	absent	yes
d.plur.stone.unity	zh	absent	yes
d.plur.stone.unity	ko	absent	yes
d.plur.stone.unity	ar	absent	yes
d.plur.stone.unity	nl-be	absent	yes
d.plur.stone.unity	es	absent	yes
d.plur.stone.unity	nl	absent	yes
d.plur.stone.unity	de	absent	yes
d.plur.stone.unity	fr	absent	yes
d.plur.stone.unity	he	absent	yes
d.plur.stone.unity	hi	absent	yes
d.plur.stone.unity	bn	absent	yes
d.plur.stone.unity	fa	absent	yes
d.plur.stone.unity	ur	absent	yes
d.plur.stone.unity	ja	absent	yes
d.plur.stone.unity	da	absent	yes
d.plur.stone.unity	nb	absent	yes
d.plur.stone.unity	sv	absent	yes
d.plur.stone.unity	fi	absent	yes
d.plur.stone.unity	tr	absent	yes
d.plur.stone.unity	hu	absent	yes
d.plur.stone.unity	sa	absent	yes
pl.pillar.respect	en	absent	yes
pl.pillar.respect	ru	absent	yes
pl.pillar.respect	lv	absent	yes
pl.pillar.respect	th	absent	yes
pl.pillar.respect	gd	absent	yes
pl.pillar.respect	tt	absent	yes
pl.pillar.respect	uk	absent	yes
pl.pillar.respect	cs	absent	yes
pl.pillar.respect	zh	absent	yes
pl.pillar.respect	ko	absent	yes
pl.pillar.respect	ar	absent	yes
pl.pillar.respect	nl-be	absent	yes
pl.pillar.respect	es	absent	yes
pl.pillar.respect	nl	absent	yes
pl.pillar.respect	de	absent	yes
pl.pillar.respect	fr	absent	yes
pl.pillar.respect	he	absent	yes
pl.pillar.respect	hi	absent	yes
pl.pillar.respect	bn	absent	yes
pl.pillar.respect	fa	absent	yes
pl.pillar.respect	ur	absent	yes
pl.pillar.respect	ja	absent	yes
pl.pillar.respect	da	absent	yes
pl.pillar.respect	nb	absent	yes
pl.pillar.respect	sv	absent	yes
pl.pillar.respect	fi	absent	yes
pl.pillar.respect	tr	absent	yes
pl.pillar.respect	hu	absent	yes
pl.pillar.respect	sa	absent	yes
d.plur.stone.respect	en	absent	yes
d.plur.stone.respect	ru	absent	yes
d.plur.stone.respect	lv	absent	yes
d.plur.stone.respect	th	absent	yes
d.plur.stone.respect	gd	absent	yes
d.plur.stone.respect	tt	absent	yes
d.plur.stone.respect	uk	absent	yes
d.plur.stone.respect	cs	absent	yes
d.plur.stone.respect	zh	absent	yes
d.plur.stone.respect	ko	absent	yes
d.plur.stone.respect	ar	absent	yes
d.plur.stone.respect	nl-be	absent	yes
d.plur.stone.respect	es	absent	yes
d.plur.stone.respect	nl	absent	yes
d.plur.stone.respect	de	absent	yes
d.plur.stone.respect	fr	absent	yes
d.plur.stone.respect	he	absent	yes
d.plur.stone.respect	hi	absent	yes
d.plur.stone.respect	bn	absent	yes
d.plur.stone.respect	fa	absent	yes
d.plur.stone.respect	ur	absent	yes
d.plur.stone.respect	ja	absent	yes
d.plur.stone.respect	da	absent	yes
d.plur.stone.respect	nb	absent	yes
d.plur.stone.respect	sv	absent	yes
d.plur.stone.respect	fi	absent	yes
d.plur.stone.respect	tr	absent	yes
d.plur.stone.respect	hu	absent	yes
d.plur.stone.respect	sa	absent	yes
d.plur.stone.dock	en	absent	yes
d.plur.stone.dock	ru	absent	yes
d.plur.stone.dock	lv	absent	yes
d.plur.stone.dock	th	absent	yes
d.plur.stone.dock	gd	absent	yes
d.plur.stone.dock	tt	absent	yes
d.plur.stone.dock	uk	absent	yes
d.plur.stone.dock	cs	absent	yes
d.plur.stone.dock	zh	absent	yes
d.plur.stone.dock	ko	absent	yes
d.plur.stone.dock	ar	absent	yes
d.plur.stone.dock	nl-be	absent	yes
d.plur.stone.dock	es	absent	yes
d.plur.stone.dock	nl	absent	yes
d.plur.stone.dock	de	absent	yes
d.plur.stone.dock	fr	absent	yes
d.plur.stone.dock	he	absent	yes
d.plur.stone.dock	hi	absent	yes
d.plur.stone.dock	bn	absent	yes
d.plur.stone.dock	fa	absent	yes
d.plur.stone.dock	ur	absent	yes
d.plur.stone.dock	ja	absent	yes
d.plur.stone.dock	da	absent	yes
d.plur.stone.dock	nb	absent	yes
d.plur.stone.dock	sv	absent	yes
d.plur.stone.dock	fi	absent	yes
d.plur.stone.dock	tr	absent	yes
d.plur.stone.dock	hu	absent	yes
d.plur.stone.dock	sa	absent	yes
pl.foot	en	absent	yes
pl.foot	ru	absent	yes
pl.foot	lv	absent	yes
pl.foot	th	absent	yes
pl.foot	gd	absent	yes
pl.foot	tt	absent	yes
pl.foot	uk	absent	yes
pl.foot	cs	absent	yes
pl.foot	zh	absent	yes
pl.foot	ko	absent	yes
pl.foot	ar	absent	yes
pl.foot	nl-be	absent	yes
pl.foot	es	absent	yes
pl.foot	nl	absent	yes
pl.foot	de	absent	yes
pl.foot	fr	absent	yes
pl.foot	he	absent	yes
pl.foot	hi	absent	yes
pl.foot	bn	absent	yes
pl.foot	fa	absent	yes
pl.foot	ur	absent	yes
pl.foot	ja	absent	yes
pl.foot	da	absent	yes
pl.foot	nb	absent	yes
pl.foot	sv	absent	yes
pl.foot	fi	absent	yes
pl.foot	tr	absent	yes
pl.foot	hu	absent	yes
pl.foot	sa	absent	yes
pl.foot.m	en	absent	yes
pl.foot.m	ru	absent	yes
pl.foot.m	lv	absent	yes
pl.foot.m	th	absent	yes
pl.foot.m	gd	absent	yes
pl.foot.m	tt	absent	yes
pl.foot.m	uk	absent	yes
pl.foot.m	cs	absent	yes
pl.foot.m	zh	absent	yes
pl.foot.m	ko	absent	yes
pl.foot.m	ar	absent	yes
pl.foot.m	nl-be	absent	yes
pl.foot.m	es	absent	yes
pl.foot.m	nl	absent	yes
pl.foot.m	de	absent	yes
pl.foot.m	fr	absent	yes
pl.foot.m	he	absent	yes
pl.foot.m	hi	absent	yes
pl.foot.m	bn	absent	yes
pl.foot.m	fa	absent	yes
pl.foot.m	ur	absent	yes
pl.foot.m	ja	absent	yes
pl.foot.m	da	absent	yes
pl.foot.m	nb	absent	yes
pl.foot.m	sv	absent	yes
pl.foot.m	fi	absent	yes
pl.foot.m	tr	absent	yes
pl.foot.m	hu	absent	yes
pl.foot.m	sa	absent	yes
bst.h1	en	absent	yes
bst.h1	ru	absent	yes
bst.h1	lv	absent	yes
bst.h1	th	absent	yes
bst.h1	gd	absent	yes
bst.h1	tt	absent	yes
bst.h1	uk	absent	yes
bst.h1	cs	absent	yes
bst.h1	zh	absent	yes
bst.h1	ko	absent	yes
bst.h1	ar	absent	yes
bst.h1	nl-be	absent	yes
bst.h1	es	absent	yes
bst.h1	nl	absent	yes
bst.h1	de	absent	yes
bst.h1	fr	absent	yes
bst.h1	he	absent	yes
bst.h1	hi	absent	yes
bst.h1	bn	absent	yes
bst.h1	fa	absent	yes
bst.h1	ur	absent	yes
bst.h1	ja	absent	yes
bst.h1	da	absent	yes
bst.h1	nb	absent	yes
bst.h1	sv	absent	yes
bst.h1	fi	absent	yes
bst.h1	tr	absent	yes
bst.h1	hu	absent	yes
bst.h1	sa	absent	yes
bst.quote	en	absent	yes
bst.quote	ru	absent	yes
bst.quote	lv	absent	yes
bst.quote	th	absent	yes
bst.quote	gd	absent	yes
bst.quote	tt	absent	yes
bst.quote	uk	absent	yes
bst.quote	cs	absent	yes
bst.quote	zh	absent	yes
bst.quote	ko	absent	yes
bst.quote	ar	absent	yes
bst.quote	nl-be	absent	yes
bst.quote	es	absent	yes
bst.quote	nl	absent	yes
bst.quote	de	absent	yes
bst.quote	fr	absent	yes
bst.quote	he	absent	yes
bst.quote	hi	absent	yes
bst.quote	bn	absent	yes
bst.quote	fa	absent	yes
bst.quote	ur	absent	yes
bst.quote	ja	absent	yes
bst.quote	da	absent	yes
bst.quote	nb	absent	yes
bst.quote	sv	absent	yes
bst.quote	fi	absent	yes
bst.quote	tr	absent	yes
bst.quote	hu	absent	yes
bst.quote	sa	absent	yes
bst.bee	en	absent	yes
bst.bee	ru	absent	yes
bst.bee	lv	absent	yes
bst.bee	th	absent	yes
bst.bee	gd	absent	yes
bst.bee	tt	absent	yes
bst.bee	uk	absent	yes
bst.bee	cs	absent	yes
bst.bee	zh	absent	yes
bst.bee	ko	absent	yes
bst.bee	ar	absent	yes
bst.bee	nl-be	absent	yes
bst.bee	es	absent	yes
bst.bee	nl	absent	yes
bst.bee	de	absent	yes
bst.bee	fr	absent	yes
bst.bee	he	absent	yes
bst.bee	hi	absent	yes
bst.bee	bn	absent	yes
bst.bee	fa	absent	yes
bst.bee	ur	absent	yes
bst.bee	ja	absent	yes
bst.bee	da	absent	yes
bst.bee	nb	absent	yes
bst.bee	sv	absent	yes
bst.bee	fi	absent	yes
bst.bee	tr	absent	yes
bst.bee	hu	absent	yes
bst.bee	sa	absent	yes
bst.rav	en	absent	yes
bst.rav	ru	absent	yes
bst.rav	lv	absent	yes
bst.rav	th	absent	yes
bst.rav	gd	absent	yes
bst.rav	tt	absent	yes
bst.rav	uk	absent	yes
bst.rav	cs	absent	yes
bst.rav	zh	absent	yes
bst.rav	ko	absent	yes
bst.rav	ar	absent	yes
bst.rav	nl-be	absent	yes
bst.rav	es	absent	yes
bst.rav	nl	absent	yes
bst.rav	de	absent	yes
bst.rav	fr	absent	yes
bst.rav	he	absent	yes
bst.rav	hi	absent	yes
bst.rav	bn	absent	yes
bst.rav	fa	absent	yes
bst.rav	ur	absent	yes
bst.rav	ja	absent	yes
bst.rav	da	absent	yes
bst.rav	nb	absent	yes
bst.rav	sv	absent	yes
bst.rav	fi	absent	yes
bst.rav	tr	absent	yes
bst.rav	hu	absent	yes
bst.rav	sa	absent	yes
bst.cy	en	absent	yes
bst.cy	ru	absent	yes
bst.cy	lv	absent	yes
bst.cy	th	absent	yes
bst.cy	gd	absent	yes
bst.cy	tt	absent	yes
bst.cy	uk	absent	yes
bst.cy	cs	absent	yes
bst.cy	zh	absent	yes
bst.cy	ko	absent	yes
bst.cy	ar	absent	yes
bst.cy	nl-be	absent	yes
bst.cy	es	absent	yes
bst.cy	nl	absent	yes
bst.cy	de	absent	yes
bst.cy	fr	absent	yes
bst.cy	he	absent	yes
bst.cy	hi	absent	yes
bst.cy	bn	absent	yes
bst.cy	fa	absent	yes
bst.cy	ur	absent	yes
bst.cy	ja	absent	yes
bst.cy	da	absent	yes
bst.cy	nb	absent	yes
bst.cy	sv	absent	yes
bst.cy	fi	absent	yes
bst.cy	tr	absent	yes
bst.cy	hu	absent	yes
bst.cy	sa	absent	yes
bst.h.set	en	absent	yes
bst.h.set	ru	absent	yes
bst.h.set	lv	absent	yes
bst.h.set	th	absent	yes
bst.h.set	gd	absent	yes
bst.h.set	tt	absent	yes
bst.h.set	uk	absent	yes
bst.h.set	cs	absent	yes
bst.h.set	zh	absent	yes
bst.h.set	ko	absent	yes
bst.h.set	ar	absent	yes
bst.h.set	nl-be	absent	yes
bst.h.set	es	absent	yes
bst.h.set	nl	absent	yes
bst.h.set	de	absent	yes
bst.h.set	fr	absent	yes
bst.h.set	he	absent	yes
bst.h.set	hi	absent	yes
bst.h.set	bn	absent	yes
bst.h.set	fa	absent	yes
bst.h.set	ur	absent	yes
bst.h.set	ja	absent	yes
bst.h.set	da	absent	yes
bst.h.set	nb	absent	yes
bst.h.set	sv	absent	yes
bst.h.set	fi	absent	yes
bst.h.set	tr	absent	yes
bst.h.set	hu	absent	yes
bst.h.set	sa	absent	yes
bst.source	en	absent	yes
bst.source	ru	absent	yes
bst.source	lv	absent	yes
bst.source	th	absent	yes
bst.source	gd	absent	yes
bst.source	tt	absent	yes
bst.source	uk	absent	yes
bst.source	cs	absent	yes
bst.source	zh	absent	yes
bst.source	ko	absent	yes
bst.source	ar	absent	yes
bst.source	nl-be	absent	yes
bst.source	es	absent	yes
bst.source	nl	absent	yes
bst.source	de	absent	yes
bst.source	fr	absent	yes
bst.source	he	absent	yes
bst.source	hi	absent	yes
bst.source	bn	absent	yes
bst.source	fa	absent	yes
bst.source	ur	absent	yes
bst.source	ja	absent	yes
bst.source	da	absent	yes
bst.source	nb	absent	yes
bst.source	sv	absent	yes
bst.source	fi	absent	yes
bst.source	tr	absent	yes
bst.source	hu	absent	yes
bst.source	sa	absent	yes
bst.empty	en	absent	yes
bst.empty	ru	absent	yes
bst.empty	lv	absent	yes
bst.empty	th	absent	yes
bst.empty	gd	absent	yes
bst.empty	tt	absent	yes
bst.empty	uk	absent	yes
bst.empty	cs	absent	yes
bst.empty	zh	absent	yes
bst.empty	ko	absent	yes
bst.empty	ar	absent	yes
bst.empty	nl-be	absent	yes
bst.empty	es	absent	yes
bst.empty	nl	absent	yes
bst.empty	de	absent	yes
bst.empty	fr	absent	yes
bst.empty	he	absent	yes
bst.empty	hi	absent	yes
bst.empty	bn	absent	yes
bst.empty	fa	absent	yes
bst.empty	ur	absent	yes
bst.empty	ja	absent	yes
bst.empty	da	absent	yes
bst.empty	nb	absent	yes
bst.empty	sv	absent	yes
bst.empty	fi	absent	yes
bst.empty	tr	absent	yes
bst.empty	hu	absent	yes
bst.empty	sa	absent	yes
bst.h.drop	en	absent	yes
bst.h.drop	ru	absent	yes
bst.h.drop	lv	absent	yes
bst.h.drop	th	absent	yes
bst.h.drop	gd	absent	yes
bst.h.drop	tt	absent	yes
bst.h.drop	uk	absent	yes
bst.h.drop	cs	absent	yes
bst.h.drop	zh	absent	yes
bst.h.drop	ko	absent	yes
bst.h.drop	ar	absent	yes
bst.h.drop	nl-be	absent	yes
bst.h.drop	es	absent	yes
bst.h.drop	nl	absent	yes
bst.h.drop	de	absent	yes
bst.h.drop	fr	absent	yes
bst.h.drop	he	absent	yes
bst.h.drop	hi	absent	yes
bst.h.drop	bn	absent	yes
bst.h.drop	fa	absent	yes
bst.h.drop	ur	absent	yes
bst.h.drop	ja	absent	yes
bst.h.drop	da	absent	yes
bst.h.drop	nb	absent	yes
bst.h.drop	sv	absent	yes
bst.h.drop	fi	absent	yes
bst.h.drop	tr	absent	yes
bst.h.drop	hu	absent	yes
bst.h.drop	sa	absent	yes
bst.drop.law	en	absent	yes
bst.drop.law	ru	absent	yes
bst.drop.law	lv	absent	yes
bst.drop.law	th	absent	yes
bst.drop.law	gd	absent	yes
bst.drop.law	tt	absent	yes
bst.drop.law	uk	absent	yes
bst.drop.law	cs	absent	yes
bst.drop.law	zh	absent	yes
bst.drop.law	ko	absent	yes
bst.drop.law	ar	absent	yes
bst.drop.law	nl-be	absent	yes
bst.drop.law	es	absent	yes
bst.drop.law	nl	absent	yes
bst.drop.law	de	absent	yes
bst.drop.law	fr	absent	yes
bst.drop.law	he	absent	yes
bst.drop.law	hi	absent	yes
bst.drop.law	bn	absent	yes
bst.drop.law	fa	absent	yes
bst.drop.law	ur	absent	yes
bst.drop.law	ja	absent	yes
bst.drop.law	da	absent	yes
bst.drop.law	nb	absent	yes
bst.drop.law	sv	absent	yes
bst.drop.law	fi	absent	yes
bst.drop.law	tr	absent	yes
bst.drop.law	hu	absent	yes
bst.drop.law	sa	absent	yes
bst.preview	en	absent	yes
bst.preview	ru	absent	yes
bst.preview	lv	absent	yes
bst.preview	th	absent	yes
bst.preview	gd	absent	yes
bst.preview	tt	absent	yes
bst.preview	uk	absent	yes
bst.preview	cs	absent	yes
bst.preview	zh	absent	yes
bst.preview	ko	absent	yes
bst.preview	ar	absent	yes
bst.preview	nl-be	absent	yes
bst.preview	es	absent	yes
bst.preview	nl	absent	yes
bst.preview	de	absent	yes
bst.preview	fr	absent	yes
bst.preview	he	absent	yes
bst.preview	hi	absent	yes
bst.preview	bn	absent	yes
bst.preview	fa	absent	yes
bst.preview	ur	absent	yes
bst.preview	ja	absent	yes
bst.preview	da	absent	yes
bst.preview	nb	absent	yes
bst.preview	sv	absent	yes
bst.preview	fi	absent	yes
bst.preview	tr	absent	yes
bst.preview	hu	absent	yes
bst.preview	sa	absent	yes
bst.emit	en	absent	yes
bst.emit	ru	absent	yes
bst.emit	lv	absent	yes
bst.emit	th	absent	yes
bst.emit	gd	absent	yes
bst.emit	tt	absent	yes
bst.emit	uk	absent	yes
bst.emit	cs	absent	yes
bst.emit	zh	absent	yes
bst.emit	ko	absent	yes
bst.emit	ar	absent	yes
bst.emit	nl-be	absent	yes
bst.emit	es	absent	yes
bst.emit	nl	absent	yes
bst.emit	de	absent	yes
bst.emit	fr	absent	yes
bst.emit	he	absent	yes
bst.emit	hi	absent	yes
bst.emit	bn	absent	yes
bst.emit	fa	absent	yes
bst.emit	ur	absent	yes
bst.emit	ja	absent	yes
bst.emit	da	absent	yes
bst.emit	nb	absent	yes
bst.emit	sv	absent	yes
bst.emit	fi	absent	yes
bst.emit	tr	absent	yes
bst.emit	hu	absent	yes
bst.emit	sa	absent	yes
bst.share	en	absent	yes
bst.share	ru	absent	yes
bst.share	lv	absent	yes
bst.share	th	absent	yes
bst.share	gd	absent	yes
bst.share	tt	absent	yes
bst.share	uk	absent	yes
bst.share	cs	absent	yes
bst.share	zh	absent	yes
bst.share	ko	absent	yes
bst.share	ar	absent	yes
bst.share	nl-be	absent	yes
bst.share	es	absent	yes
bst.share	nl	absent	yes
bst.share	de	absent	yes
bst.share	fr	absent	yes
bst.share	he	absent	yes
bst.share	hi	absent	yes
bst.share	bn	absent	yes
bst.share	fa	absent	yes
bst.share	ur	absent	yes
bst.share	ja	absent	yes
bst.share	da	absent	yes
bst.share	nb	absent	yes
bst.share	sv	absent	yes
bst.share	fi	absent	yes
bst.share	tr	absent	yes
bst.share	hu	absent	yes
bst.share	sa	absent	yes
bst.h.details	en	absent	yes
bst.h.details	ru	absent	yes
bst.h.details	lv	absent	yes
bst.h.details	th	absent	yes
bst.h.details	gd	absent	yes
bst.h.details	tt	absent	yes
bst.h.details	uk	absent	yes
bst.h.details	cs	absent	yes
bst.h.details	zh	absent	yes
bst.h.details	ko	absent	yes
bst.h.details	ar	absent	yes
bst.h.details	nl-be	absent	yes
bst.h.details	es	absent	yes
bst.h.details	nl	absent	yes
bst.h.details	de	absent	yes
bst.h.details	fr	absent	yes
bst.h.details	he	absent	yes
bst.h.details	hi	absent	yes
bst.h.details	bn	absent	yes
bst.h.details	fa	absent	yes
bst.h.details	ur	absent	yes
bst.h.details	ja	absent	yes
bst.h.details	da	absent	yes
bst.h.details	nb	absent	yes
bst.h.details	sv	absent	yes
bst.h.details	fi	absent	yes
bst.h.details	tr	absent	yes
bst.h.details	hu	absent	yes
bst.h.details	sa	absent	yes
bst.details	en	absent	yes
bst.details	ru	absent	yes
bst.details	lv	absent	yes
bst.details	th	absent	yes
bst.details	gd	absent	yes
bst.details	tt	absent	yes
bst.details	uk	absent	yes
bst.details	cs	absent	yes
bst.details	zh	absent	yes
bst.details	ko	absent	yes
bst.details	ar	absent	yes
bst.details	nl-be	absent	yes
bst.details	es	absent	yes
bst.details	nl	absent	yes
bst.details	de	absent	yes
bst.details	fr	absent	yes
bst.details	he	absent	yes
bst.details	hi	absent	yes
bst.details	bn	absent	yes
bst.details	fa	absent	yes
bst.details	ur	absent	yes
bst.details	ja	absent	yes
bst.details	da	absent	yes
bst.details	nb	absent	yes
bst.details	sv	absent	yes
bst.details	fi	absent	yes
bst.details	tr	absent	yes
bst.details	hu	absent	yes
bst.details	sa	absent	yes
bst.foot	en	absent	yes
bst.foot	ru	absent	yes
bst.foot	lv	absent	yes
bst.foot	th	absent	yes
bst.foot	gd	absent	yes
bst.foot	tt	absent	yes
bst.foot	uk	absent	yes
bst.foot	cs	absent	yes
bst.foot	zh	absent	yes
bst.foot	ko	absent	yes
bst.foot	ar	absent	yes
bst.foot	nl-be	absent	yes
bst.foot	es	absent	yes
bst.foot	nl	absent	yes
bst.foot	de	absent	yes
bst.foot	fr	absent	yes
bst.foot	he	absent	yes
bst.foot	hi	absent	yes
bst.foot	bn	absent	yes
bst.foot	fa	absent	yes
bst.foot	ur	absent	yes
bst.foot	ja	absent	yes
bst.foot	da	absent	yes
bst.foot	nb	absent	yes
bst.foot	sv	absent	yes
bst.foot	fi	absent	yes
bst.foot	tr	absent	yes
bst.foot	hu	absent	yes
bst.foot	sa	absent	yes
bnm.h1	en	absent	yes
bnm.h1	ru	absent	yes
bnm.h1	lv	absent	yes
bnm.h1	th	absent	yes
bnm.h1	gd	absent	yes
bnm.h1	tt	absent	yes
bnm.h1	uk	absent	yes
bnm.h1	cs	absent	yes
bnm.h1	zh	absent	yes
bnm.h1	ko	absent	yes
bnm.h1	ar	absent	yes
bnm.h1	nl-be	absent	yes
bnm.h1	es	absent	yes
bnm.h1	nl	absent	yes
bnm.h1	de	absent	yes
bnm.h1	fr	absent	yes
bnm.h1	he	absent	yes
bnm.h1	hi	absent	yes
bnm.h1	bn	absent	yes
bnm.h1	fa	absent	yes
bnm.h1	ur	absent	yes
bnm.h1	ja	absent	yes
bnm.h1	da	absent	yes
bnm.h1	nb	absent	yes
bnm.h1	sv	absent	yes
bnm.h1	fi	absent	yes
bnm.h1	tr	absent	yes
bnm.h1	hu	absent	yes
bnm.h1	sa	absent	yes
bnm.bee	en	absent	yes
bnm.bee	ru	absent	yes
bnm.bee	lv	absent	yes
bnm.bee	th	absent	yes
bnm.bee	gd	absent	yes
bnm.bee	tt	absent	yes
bnm.bee	uk	absent	yes
bnm.bee	cs	absent	yes
bnm.bee	zh	absent	yes
bnm.bee	ko	absent	yes
bnm.bee	ar	absent	yes
bnm.bee	nl-be	absent	yes
bnm.bee	es	absent	yes
bnm.bee	nl	absent	yes
bnm.bee	de	absent	yes
bnm.bee	fr	absent	yes
bnm.bee	he	absent	yes
bnm.bee	hi	absent	yes
bnm.bee	bn	absent	yes
bnm.bee	fa	absent	yes
bnm.bee	ur	absent	yes
bnm.bee	ja	absent	yes
bnm.bee	da	absent	yes
bnm.bee	nb	absent	yes
bnm.bee	sv	absent	yes
bnm.bee	fi	absent	yes
bnm.bee	tr	absent	yes
bnm.bee	hu	absent	yes
bnm.bee	sa	absent	yes
bnm.rav	en	absent	yes
bnm.rav	ru	absent	yes
bnm.rav	lv	absent	yes
bnm.rav	th	absent	yes
bnm.rav	gd	absent	yes
bnm.rav	tt	absent	yes
bnm.rav	uk	absent	yes
bnm.rav	cs	absent	yes
bnm.rav	zh	absent	yes
bnm.rav	ko	absent	yes
bnm.rav	ar	absent	yes
bnm.rav	nl-be	absent	yes
bnm.rav	es	absent	yes
bnm.rav	nl	absent	yes
bnm.rav	de	absent	yes
bnm.rav	fr	absent	yes
bnm.rav	he	absent	yes
bnm.rav	hi	absent	yes
bnm.rav	bn	absent	yes
bnm.rav	fa	absent	yes
bnm.rav	ur	absent	yes
bnm.rav	ja	absent	yes
bnm.rav	da	absent	yes
bnm.rav	nb	absent	yes
bnm.rav	sv	absent	yes
bnm.rav	fi	absent	yes
bnm.rav	tr	absent	yes
bnm.rav	hu	absent	yes
bnm.rav	sa	absent	yes
bnm.cy	en	absent	yes
bnm.cy	ru	absent	yes
bnm.cy	lv	absent	yes
bnm.cy	th	absent	yes
bnm.cy	gd	absent	yes
bnm.cy	tt	absent	yes
bnm.cy	uk	absent	yes
bnm.cy	cs	absent	yes
bnm.cy	zh	absent	yes
bnm.cy	ko	absent	yes
bnm.cy	ar	absent	yes
bnm.cy	nl-be	absent	yes
bnm.cy	es	absent	yes
bnm.cy	nl	absent	yes
bnm.cy	de	absent	yes
bnm.cy	fr	absent	yes
bnm.cy	he	absent	yes
bnm.cy	hi	absent	yes
bnm.cy	bn	absent	yes
bnm.cy	fa	absent	yes
bnm.cy	ur	absent	yes
bnm.cy	ja	absent	yes
bnm.cy	da	absent	yes
bnm.cy	nb	absent	yes
bnm.cy	sv	absent	yes
bnm.cy	fi	absent	yes
bnm.cy	tr	absent	yes
bnm.cy	hu	absent	yes
bnm.cy	sa	absent	yes
bnm.h.live	en	absent	yes
bnm.h.live	ru	absent	yes
bnm.h.live	lv	absent	yes
bnm.h.live	th	absent	yes
bnm.h.live	gd	absent	yes
bnm.h.live	tt	absent	yes
bnm.h.live	uk	absent	yes
bnm.h.live	cs	absent	yes
bnm.h.live	zh	absent	yes
bnm.h.live	ko	absent	yes
bnm.h.live	ar	absent	yes
bnm.h.live	nl-be	absent	yes
bnm.h.live	es	absent	yes
bnm.h.live	nl	absent	yes
bnm.h.live	de	absent	yes
bnm.h.live	fr	absent	yes
bnm.h.live	he	absent	yes
bnm.h.live	hi	absent	yes
bnm.h.live	bn	absent	yes
bnm.h.live	fa	absent	yes
bnm.h.live	ur	absent	yes
bnm.h.live	ja	absent	yes
bnm.h.live	da	absent	yes
bnm.h.live	nb	absent	yes
bnm.h.live	sv	absent	yes
bnm.h.live	fi	absent	yes
bnm.h.live	tr	absent	yes
bnm.h.live	hu	absent	yes
bnm.h.live	sa	absent	yes
bnm.live.law	en	absent	yes
bnm.live.law	ru	absent	yes
bnm.live.law	lv	absent	yes
bnm.live.law	th	absent	yes
bnm.live.law	gd	absent	yes
bnm.live.law	tt	absent	yes
bnm.live.law	uk	absent	yes
bnm.live.law	cs	absent	yes
bnm.live.law	zh	absent	yes
bnm.live.law	ko	absent	yes
bnm.live.law	ar	absent	yes
bnm.live.law	nl-be	absent	yes
bnm.live.law	es	absent	yes
bnm.live.law	nl	absent	yes
bnm.live.law	de	absent	yes
bnm.live.law	fr	absent	yes
bnm.live.law	he	absent	yes
bnm.live.law	hi	absent	yes
bnm.live.law	bn	absent	yes
bnm.live.law	fa	absent	yes
bnm.live.law	ur	absent	yes
bnm.live.law	ja	absent	yes
bnm.live.law	da	absent	yes
bnm.live.law	nb	absent	yes
bnm.live.law	sv	absent	yes
bnm.live.law	fi	absent	yes
bnm.live.law	tr	absent	yes
bnm.live.law	hu	absent	yes
bnm.live.law	sa	absent	yes
bnm.h.secure	en	absent	yes
bnm.h.secure	ru	absent	yes
bnm.h.secure	lv	absent	yes
bnm.h.secure	th	absent	yes
bnm.h.secure	gd	absent	yes
bnm.h.secure	tt	absent	yes
bnm.h.secure	uk	absent	yes
bnm.h.secure	cs	absent	yes
bnm.h.secure	zh	absent	yes
bnm.h.secure	ko	absent	yes
bnm.h.secure	ar	absent	yes
bnm.h.secure	nl-be	absent	yes
bnm.h.secure	es	absent	yes
bnm.h.secure	nl	absent	yes
bnm.h.secure	de	absent	yes
bnm.h.secure	fr	absent	yes
bnm.h.secure	he	absent	yes
bnm.h.secure	hi	absent	yes
bnm.h.secure	bn	absent	yes
bnm.h.secure	fa	absent	yes
bnm.h.secure	ur	absent	yes
bnm.h.secure	ja	absent	yes
bnm.h.secure	da	absent	yes
bnm.h.secure	nb	absent	yes
bnm.h.secure	sv	absent	yes
bnm.h.secure	fi	absent	yes
bnm.h.secure	tr	absent	yes
bnm.h.secure	hu	absent	yes
bnm.h.secure	sa	absent	yes
bnm.secure.law	en	absent	yes
bnm.secure.law	ru	absent	yes
bnm.secure.law	lv	absent	yes
bnm.secure.law	th	absent	yes
bnm.secure.law	gd	absent	yes
bnm.secure.law	tt	absent	yes
bnm.secure.law	uk	absent	yes
bnm.secure.law	cs	absent	yes
bnm.secure.law	zh	absent	yes
bnm.secure.law	ko	absent	yes
bnm.secure.law	ar	absent	yes
bnm.secure.law	nl-be	absent	yes
bnm.secure.law	es	absent	yes
bnm.secure.law	nl	absent	yes
bnm.secure.law	de	absent	yes
bnm.secure.law	fr	absent	yes
bnm.secure.law	he	absent	yes
bnm.secure.law	hi	absent	yes
bnm.secure.law	bn	absent	yes
bnm.secure.law	fa	absent	yes
bnm.secure.law	ur	absent	yes
bnm.secure.law	ja	absent	yes
bnm.secure.law	da	absent	yes
bnm.secure.law	nb	absent	yes
bnm.secure.law	sv	absent	yes
bnm.secure.law	fi	absent	yes
bnm.secure.law	tr	absent	yes
bnm.secure.law	hu	absent	yes
bnm.secure.law	sa	absent	yes
bnm.search	en	absent	yes
bnm.search	ru	absent	yes
bnm.search	lv	absent	yes
bnm.search	th	absent	yes
bnm.search	gd	absent	yes
bnm.search	tt	absent	yes
bnm.search	uk	absent	yes
bnm.search	cs	absent	yes
bnm.search	zh	absent	yes
bnm.search	ko	absent	yes
bnm.search	ar	absent	yes
bnm.search	nl-be	absent	yes
bnm.search	es	absent	yes
bnm.search	nl	absent	yes
bnm.search	de	absent	yes
bnm.search	fr	absent	yes
bnm.search	he	absent	yes
bnm.search	hi	absent	yes
bnm.search	bn	absent	yes
bnm.search	fa	absent	yes
bnm.search	ur	absent	yes
bnm.search	ja	absent	yes
bnm.search	da	absent	yes
bnm.search	nb	absent	yes
bnm.search	sv	absent	yes
bnm.search	fi	absent	yes
bnm.search	tr	absent	yes
bnm.search	hu	absent	yes
bnm.search	sa	absent	yes
bnm.k.names	en	absent	yes
bnm.k.names	ru	absent	yes
bnm.k.names	lv	absent	yes
bnm.k.names	th	absent	yes
bnm.k.names	gd	absent	yes
bnm.k.names	tt	absent	yes
bnm.k.names	uk	absent	yes
bnm.k.names	cs	absent	yes
bnm.k.names	zh	absent	yes
bnm.k.names	ko	absent	yes
bnm.k.names	ar	absent	yes
bnm.k.names	nl-be	absent	yes
bnm.k.names	es	absent	yes
bnm.k.names	nl	absent	yes
bnm.k.names	de	absent	yes
bnm.k.names	fr	absent	yes
bnm.k.names	he	absent	yes
bnm.k.names	hi	absent	yes
bnm.k.names	bn	absent	yes
bnm.k.names	fa	absent	yes
bnm.k.names	ur	absent	yes
bnm.k.names	ja	absent	yes
bnm.k.names	da	absent	yes
bnm.k.names	nb	absent	yes
bnm.k.names	sv	absent	yes
bnm.k.names	fi	absent	yes
bnm.k.names	tr	absent	yes
bnm.k.names	hu	absent	yes
bnm.k.names	sa	absent	yes
bnm.k.fee	en	absent	yes
bnm.k.fee	ru	absent	yes
bnm.k.fee	lv	absent	yes
bnm.k.fee	th	absent	yes
bnm.k.fee	gd	absent	yes
bnm.k.fee	tt	absent	yes
bnm.k.fee	uk	absent	yes
bnm.k.fee	cs	absent	yes
bnm.k.fee	zh	absent	yes
bnm.k.fee	ko	absent	yes
bnm.k.fee	ar	absent	yes
bnm.k.fee	nl-be	absent	yes
bnm.k.fee	es	absent	yes
bnm.k.fee	nl	absent	yes
bnm.k.fee	de	absent	yes
bnm.k.fee	fr	absent	yes
bnm.k.fee	he	absent	yes
bnm.k.fee	hi	absent	yes
bnm.k.fee	bn	absent	yes
bnm.k.fee	fa	absent	yes
bnm.k.fee	ur	absent	yes
bnm.k.fee	ja	absent	yes
bnm.k.fee	da	absent	yes
bnm.k.fee	nb	absent	yes
bnm.k.fee	sv	absent	yes
bnm.k.fee	fi	absent	yes
bnm.k.fee	tr	absent	yes
bnm.k.fee	hu	absent	yes
bnm.k.fee	sa	absent	yes
bnm.k.ram	en	absent	yes
bnm.k.ram	ru	absent	yes
bnm.k.ram	lv	absent	yes
bnm.k.ram	th	absent	yes
bnm.k.ram	gd	absent	yes
bnm.k.ram	tt	absent	yes
bnm.k.ram	uk	absent	yes
bnm.k.ram	cs	absent	yes
bnm.k.ram	zh	absent	yes
bnm.k.ram	ko	absent	yes
bnm.k.ram	ar	absent	yes
bnm.k.ram	nl-be	absent	yes
bnm.k.ram	es	absent	yes
bnm.k.ram	nl	absent	yes
bnm.k.ram	de	absent	yes
bnm.k.ram	fr	absent	yes
bnm.k.ram	he	absent	yes
bnm.k.ram	hi	absent	yes
bnm.k.ram	bn	absent	yes
bnm.k.ram	fa	absent	yes
bnm.k.ram	ur	absent	yes
bnm.k.ram	ja	absent	yes
bnm.k.ram	da	absent	yes
bnm.k.ram	nb	absent	yes
bnm.k.ram	sv	absent	yes
bnm.k.ram	fi	absent	yes
bnm.k.ram	tr	absent	yes
bnm.k.ram	hu	absent	yes
bnm.k.ram	sa	absent	yes
bnm.k.term	en	absent	yes
bnm.k.term	ru	absent	yes
bnm.k.term	lv	absent	yes
bnm.k.term	th	absent	yes
bnm.k.term	gd	absent	yes
bnm.k.term	tt	absent	yes
bnm.k.term	uk	absent	yes
bnm.k.term	cs	absent	yes
bnm.k.term	zh	absent	yes
bnm.k.term	ko	absent	yes
bnm.k.term	ar	absent	yes
bnm.k.term	nl-be	absent	yes
bnm.k.term	es	absent	yes
bnm.k.term	nl	absent	yes
bnm.k.term	de	absent	yes
bnm.k.term	fr	absent	yes
bnm.k.term	he	absent	yes
bnm.k.term	hi	absent	yes
bnm.k.term	bn	absent	yes
bnm.k.term	fa	absent	yes
bnm.k.term	ur	absent	yes
bnm.k.term	ja	absent	yes
bnm.k.term	da	absent	yes
bnm.k.term	nb	absent	yes
bnm.k.term	sv	absent	yes
bnm.k.term	fi	absent	yes
bnm.k.term	tr	absent	yes
bnm.k.term	hu	absent	yes
bnm.k.term	sa	absent	yes
bnm.h.jewels	en	absent	yes
bnm.h.jewels	ru	absent	yes
bnm.h.jewels	lv	absent	yes
bnm.h.jewels	th	absent	yes
bnm.h.jewels	gd	absent	yes
bnm.h.jewels	tt	absent	yes
bnm.h.jewels	uk	absent	yes
bnm.h.jewels	cs	absent	yes
bnm.h.jewels	zh	absent	yes
bnm.h.jewels	ko	absent	yes
bnm.h.jewels	ar	absent	yes
bnm.h.jewels	nl-be	absent	yes
bnm.h.jewels	es	absent	yes
bnm.h.jewels	nl	absent	yes
bnm.h.jewels	de	absent	yes
bnm.h.jewels	fr	absent	yes
bnm.h.jewels	he	absent	yes
bnm.h.jewels	hi	absent	yes
bnm.h.jewels	bn	absent	yes
bnm.h.jewels	fa	absent	yes
bnm.h.jewels	ur	absent	yes
bnm.h.jewels	ja	absent	yes
bnm.h.jewels	da	absent	yes
bnm.h.jewels	nb	absent	yes
bnm.h.jewels	sv	absent	yes
bnm.h.jewels	fi	absent	yes
bnm.h.jewels	tr	absent	yes
bnm.h.jewels	hu	absent	yes
bnm.h.jewels	sa	absent	yes
bnm.h.composer	en	absent	yes
bnm.h.composer	ru	absent	yes
bnm.h.composer	lv	absent	yes
bnm.h.composer	th	absent	yes
bnm.h.composer	gd	absent	yes
bnm.h.composer	tt	absent	yes
bnm.h.composer	uk	absent	yes
bnm.h.composer	cs	absent	yes
bnm.h.composer	zh	absent	yes
bnm.h.composer	ko	absent	yes
bnm.h.composer	ar	absent	yes
bnm.h.composer	nl-be	absent	yes
bnm.h.composer	es	absent	yes
bnm.h.composer	nl	absent	yes
bnm.h.composer	de	absent	yes
bnm.h.composer	fr	absent	yes
bnm.h.composer	he	absent	yes
bnm.h.composer	hi	absent	yes
bnm.h.composer	bn	absent	yes
bnm.h.composer	fa	absent	yes
bnm.h.composer	ur	absent	yes
bnm.h.composer	ja	absent	yes
bnm.h.composer	da	absent	yes
bnm.h.composer	nb	absent	yes
bnm.h.composer	sv	absent	yes
bnm.h.composer	fi	absent	yes
bnm.h.composer	tr	absent	yes
bnm.h.composer	hu	absent	yes
bnm.h.composer	sa	absent	yes
bnm.composer.law	en	absent	yes
bnm.composer.law	ru	absent	yes
bnm.composer.law	lv	absent	yes
bnm.composer.law	th	absent	yes
bnm.composer.law	gd	absent	yes
bnm.composer.law	tt	absent	yes
bnm.composer.law	uk	absent	yes
bnm.composer.law	cs	absent	yes
bnm.composer.law	zh	absent	yes
bnm.composer.law	ko	absent	yes
bnm.composer.law	ar	absent	yes
bnm.composer.law	nl-be	absent	yes
bnm.composer.law	es	absent	yes
bnm.composer.law	nl	absent	yes
bnm.composer.law	de	absent	yes
bnm.composer.law	fr	absent	yes
bnm.composer.law	he	absent	yes
bnm.composer.law	hi	absent	yes
bnm.composer.law	bn	absent	yes
bnm.composer.law	fa	absent	yes
bnm.composer.law	ur	absent	yes
bnm.composer.law	ja	absent	yes
bnm.composer.law	da	absent	yes
bnm.composer.law	nb	absent	yes
bnm.composer.law	sv	absent	yes
bnm.composer.law	fi	absent	yes
bnm.composer.law	tr	absent	yes
bnm.composer.law	hu	absent	yes
bnm.composer.law	sa	absent	yes
bnm.h.workshop	en	absent	yes
bnm.h.workshop	ru	absent	yes
bnm.h.workshop	lv	absent	yes
bnm.h.workshop	th	absent	yes
bnm.h.workshop	gd	absent	yes
bnm.h.workshop	tt	absent	yes
bnm.h.workshop	uk	absent	yes
bnm.h.workshop	cs	absent	yes
bnm.h.workshop	zh	absent	yes
bnm.h.workshop	ko	absent	yes
bnm.h.workshop	ar	absent	yes
bnm.h.workshop	nl-be	absent	yes
bnm.h.workshop	es	absent	yes
bnm.h.workshop	nl	absent	yes
bnm.h.workshop	de	absent	yes
bnm.h.workshop	fr	absent	yes
bnm.h.workshop	he	absent	yes
bnm.h.workshop	hi	absent	yes
bnm.h.workshop	bn	absent	yes
bnm.h.workshop	fa	absent	yes
bnm.h.workshop	ur	absent	yes
bnm.h.workshop	ja	absent	yes
bnm.h.workshop	da	absent	yes
bnm.h.workshop	nb	absent	yes
bnm.h.workshop	sv	absent	yes
bnm.h.workshop	fi	absent	yes
bnm.h.workshop	tr	absent	yes
bnm.h.workshop	hu	absent	yes
bnm.h.workshop	sa	absent	yes
bnm.workshop.law	en	absent	yes
bnm.workshop.law	ru	absent	yes
bnm.workshop.law	lv	absent	yes
bnm.workshop.law	th	absent	yes
bnm.workshop.law	gd	absent	yes
bnm.workshop.law	tt	absent	yes
bnm.workshop.law	uk	absent	yes
bnm.workshop.law	cs	absent	yes
bnm.workshop.law	zh	absent	yes
bnm.workshop.law	ko	absent	yes
bnm.workshop.law	ar	absent	yes
bnm.workshop.law	nl-be	absent	yes
bnm.workshop.law	es	absent	yes
bnm.workshop.law	nl	absent	yes
bnm.workshop.law	de	absent	yes
bnm.workshop.law	fr	absent	yes
bnm.workshop.law	he	absent	yes
bnm.workshop.law	hi	absent	yes
bnm.workshop.law	bn	absent	yes
bnm.workshop.law	fa	absent	yes
bnm.workshop.law	ur	absent	yes
bnm.workshop.law	ja	absent	yes
bnm.workshop.law	da	absent	yes
bnm.workshop.law	nb	absent	yes
bnm.workshop.law	sv	absent	yes
bnm.workshop.law	fi	absent	yes
bnm.workshop.law	tr	absent	yes
bnm.workshop.law	hu	absent	yes
bnm.workshop.law	sa	absent	yes
bnm.h.scale	en	absent	yes
bnm.h.scale	ru	absent	yes
bnm.h.scale	lv	absent	yes
bnm.h.scale	th	absent	yes
bnm.h.scale	gd	absent	yes
bnm.h.scale	tt	absent	yes
bnm.h.scale	uk	absent	yes
bnm.h.scale	cs	absent	yes
bnm.h.scale	zh	absent	yes
bnm.h.scale	ko	absent	yes
bnm.h.scale	ar	absent	yes
bnm.h.scale	nl-be	absent	yes
bnm.h.scale	es	absent	yes
bnm.h.scale	nl	absent	yes
bnm.h.scale	de	absent	yes
bnm.h.scale	fr	absent	yes
bnm.h.scale	he	absent	yes
bnm.h.scale	hi	absent	yes
bnm.h.scale	bn	absent	yes
bnm.h.scale	fa	absent	yes
bnm.h.scale	ur	absent	yes
bnm.h.scale	ja	absent	yes
bnm.h.scale	da	absent	yes
bnm.h.scale	nb	absent	yes
bnm.h.scale	sv	absent	yes
bnm.h.scale	fi	absent	yes
bnm.h.scale	tr	absent	yes
bnm.h.scale	hu	absent	yes
bnm.h.scale	sa	absent	yes
bnm.scale.law	en	absent	yes
bnm.scale.law	ru	absent	yes
bnm.scale.law	lv	absent	yes
bnm.scale.law	th	absent	yes
bnm.scale.law	gd	absent	yes
bnm.scale.law	tt	absent	yes
bnm.scale.law	uk	absent	yes
bnm.scale.law	cs	absent	yes
bnm.scale.law	zh	absent	yes
bnm.scale.law	ko	absent	yes
bnm.scale.law	ar	absent	yes
bnm.scale.law	nl-be	absent	yes
bnm.scale.law	es	absent	yes
bnm.scale.law	nl	absent	yes
bnm.scale.law	de	absent	yes
bnm.scale.law	fr	absent	yes
bnm.scale.law	he	absent	yes
bnm.scale.law	hi	absent	yes
bnm.scale.law	bn	absent	yes
bnm.scale.law	fa	absent	yes
bnm.scale.law	ur	absent	yes
bnm.scale.law	ja	absent	yes
bnm.scale.law	da	absent	yes
bnm.scale.law	nb	absent	yes
bnm.scale.law	sv	absent	yes
bnm.scale.law	fi	absent	yes
bnm.scale.law	tr	absent	yes
bnm.scale.law	hu	absent	yes
bnm.scale.law	sa	absent	yes
bnm.h.devs	en	absent	yes
bnm.h.devs	ru	absent	yes
bnm.h.devs	lv	absent	yes
bnm.h.devs	th	absent	yes
bnm.h.devs	gd	absent	yes
bnm.h.devs	tt	absent	yes
bnm.h.devs	uk	absent	yes
bnm.h.devs	cs	absent	yes
bnm.h.devs	zh	absent	yes
bnm.h.devs	ko	absent	yes
bnm.h.devs	ar	absent	yes
bnm.h.devs	nl-be	absent	yes
bnm.h.devs	es	absent	yes
bnm.h.devs	nl	absent	yes
bnm.h.devs	de	absent	yes
bnm.h.devs	fr	absent	yes
bnm.h.devs	he	absent	yes
bnm.h.devs	hi	absent	yes
bnm.h.devs	bn	absent	yes
bnm.h.devs	fa	absent	yes
bnm.h.devs	ur	absent	yes
bnm.h.devs	ja	absent	yes
bnm.h.devs	da	absent	yes
bnm.h.devs	nb	absent	yes
bnm.h.devs	sv	absent	yes
bnm.h.devs	fi	absent	yes
bnm.h.devs	tr	absent	yes
bnm.h.devs	hu	absent	yes
bnm.h.devs	sa	absent	yes
bnm.devs.bee	en	absent	yes
bnm.devs.bee	ru	absent	yes
bnm.devs.bee	lv	absent	yes
bnm.devs.bee	th	absent	yes
bnm.devs.bee	gd	absent	yes
bnm.devs.bee	tt	absent	yes
bnm.devs.bee	uk	absent	yes
bnm.devs.bee	cs	absent	yes
bnm.devs.bee	zh	absent	yes
bnm.devs.bee	ko	absent	yes
bnm.devs.bee	ar	absent	yes
bnm.devs.bee	nl-be	absent	yes
bnm.devs.bee	es	absent	yes
bnm.devs.bee	nl	absent	yes
bnm.devs.bee	de	absent	yes
bnm.devs.bee	fr	absent	yes
bnm.devs.bee	he	absent	yes
bnm.devs.bee	hi	absent	yes
bnm.devs.bee	bn	absent	yes
bnm.devs.bee	fa	absent	yes
bnm.devs.bee	ur	absent	yes
bnm.devs.bee	ja	absent	yes
bnm.devs.bee	da	absent	yes
bnm.devs.bee	nb	absent	yes
bnm.devs.bee	sv	absent	yes
bnm.devs.bee	fi	absent	yes
bnm.devs.bee	tr	absent	yes
bnm.devs.bee	hu	absent	yes
bnm.devs.bee	sa	absent	yes
bnm.devs.rav	en	absent	yes
bnm.devs.rav	ru	absent	yes
bnm.devs.rav	lv	absent	yes
bnm.devs.rav	th	absent	yes
bnm.devs.rav	gd	absent	yes
bnm.devs.rav	tt	absent	yes
bnm.devs.rav	uk	absent	yes
bnm.devs.rav	cs	absent	yes
bnm.devs.rav	zh	absent	yes
bnm.devs.rav	ko	absent	yes
bnm.devs.rav	ar	absent	yes
bnm.devs.rav	nl-be	absent	yes
bnm.devs.rav	es	absent	yes
bnm.devs.rav	nl	absent	yes
bnm.devs.rav	de	absent	yes
bnm.devs.rav	fr	absent	yes
bnm.devs.rav	he	absent	yes
bnm.devs.rav	hi	absent	yes
bnm.devs.rav	bn	absent	yes
bnm.devs.rav	fa	absent	yes
bnm.devs.rav	ur	absent	yes
bnm.devs.rav	ja	absent	yes
bnm.devs.rav	da	absent	yes
bnm.devs.rav	nb	absent	yes
bnm.devs.rav	sv	absent	yes
bnm.devs.rav	fi	absent	yes
bnm.devs.rav	tr	absent	yes
bnm.devs.rav	hu	absent	yes
bnm.devs.rav	sa	absent	yes
bnm.devs.cy	en	absent	yes
bnm.devs.cy	ru	absent	yes
bnm.devs.cy	lv	absent	yes
bnm.devs.cy	th	absent	yes
bnm.devs.cy	gd	absent	yes
bnm.devs.cy	tt	absent	yes
bnm.devs.cy	uk	absent	yes
bnm.devs.cy	cs	absent	yes
bnm.devs.cy	zh	absent	yes
bnm.devs.cy	ko	absent	yes
bnm.devs.cy	ar	absent	yes
bnm.devs.cy	nl-be	absent	yes
bnm.devs.cy	es	absent	yes
bnm.devs.cy	nl	absent	yes
bnm.devs.cy	de	absent	yes
bnm.devs.cy	fr	absent	yes
bnm.devs.cy	he	absent	yes
bnm.devs.cy	hi	absent	yes
bnm.devs.cy	bn	absent	yes
bnm.devs.cy	fa	absent	yes
bnm.devs.cy	ur	absent	yes
bnm.devs.cy	ja	absent	yes
bnm.devs.cy	da	absent	yes
bnm.devs.cy	nb	absent	yes
bnm.devs.cy	sv	absent	yes
bnm.devs.cy	fi	absent	yes
bnm.devs.cy	tr	absent	yes
bnm.devs.cy	hu	absent	yes
bnm.devs.cy	sa	absent	yes
bf.h1	en	absent	yes
bf.h1	ru	absent	yes
bf.h1	lv	absent	yes
bf.h1	th	absent	yes
bf.h1	gd	absent	yes
bf.h1	tt	absent	yes
bf.h1	uk	absent	yes
bf.h1	cs	absent	yes
bf.h1	zh	absent	yes
bf.h1	ko	absent	yes
bf.h1	ar	absent	yes
bf.h1	nl-be	absent	yes
bf.h1	es	absent	yes
bf.h1	nl	absent	yes
bf.h1	de	absent	yes
bf.h1	fr	absent	yes
bf.h1	he	absent	yes
bf.h1	hi	absent	yes
bf.h1	bn	absent	yes
bf.h1	fa	absent	yes
bf.h1	ur	absent	yes
bf.h1	ja	absent	yes
bf.h1	da	absent	yes
bf.h1	nb	absent	yes
bf.h1	sv	absent	yes
bf.h1	fi	absent	yes
bf.h1	tr	absent	yes
bf.h1	hu	absent	yes
bf.h1	sa	absent	yes
bf.bee	en	absent	yes
bf.bee	ru	absent	yes
bf.bee	lv	absent	yes
bf.bee	th	absent	yes
bf.bee	gd	absent	yes
bf.bee	tt	absent	yes
bf.bee	uk	absent	yes
bf.bee	cs	absent	yes
bf.bee	zh	absent	yes
bf.bee	ko	absent	yes
bf.bee	ar	absent	yes
bf.bee	nl-be	absent	yes
bf.bee	es	absent	yes
bf.bee	nl	absent	yes
bf.bee	de	absent	yes
bf.bee	fr	absent	yes
bf.bee	he	absent	yes
bf.bee	hi	absent	yes
bf.bee	bn	absent	yes
bf.bee	fa	absent	yes
bf.bee	ur	absent	yes
bf.bee	ja	absent	yes
bf.bee	da	absent	yes
bf.bee	nb	absent	yes
bf.bee	sv	absent	yes
bf.bee	fi	absent	yes
bf.bee	tr	absent	yes
bf.bee	hu	absent	yes
bf.bee	sa	absent	yes
bf.rav	en	absent	yes
bf.rav	ru	absent	yes
bf.rav	lv	absent	yes
bf.rav	th	absent	yes
bf.rav	gd	absent	yes
bf.rav	tt	absent	yes
bf.rav	uk	absent	yes
bf.rav	cs	absent	yes
bf.rav	zh	absent	yes
bf.rav	ko	absent	yes
bf.rav	ar	absent	yes
bf.rav	nl-be	absent	yes
bf.rav	es	absent	yes
bf.rav	nl	absent	yes
bf.rav	de	absent	yes
bf.rav	fr	absent	yes
bf.rav	he	absent	yes
bf.rav	hi	absent	yes
bf.rav	bn	absent	yes
bf.rav	fa	absent	yes
bf.rav	ur	absent	yes
bf.rav	ja	absent	yes
bf.rav	da	absent	yes
bf.rav	nb	absent	yes
bf.rav	sv	absent	yes
bf.rav	fi	absent	yes
bf.rav	tr	absent	yes
bf.rav	hu	absent	yes
bf.rav	sa	absent	yes
bf.cy	en	absent	yes
bf.cy	ru	absent	yes
bf.cy	lv	absent	yes
bf.cy	th	absent	yes
bf.cy	gd	absent	yes
bf.cy	tt	absent	yes
bf.cy	uk	absent	yes
bf.cy	cs	absent	yes
bf.cy	zh	absent	yes
bf.cy	ko	absent	yes
bf.cy	ar	absent	yes
bf.cy	nl-be	absent	yes
bf.cy	es	absent	yes
bf.cy	nl	absent	yes
bf.cy	de	absent	yes
bf.cy	fr	absent	yes
bf.cy	he	absent	yes
bf.cy	hi	absent	yes
bf.cy	bn	absent	yes
bf.cy	fa	absent	yes
bf.cy	ur	absent	yes
bf.cy	ja	absent	yes
bf.cy	da	absent	yes
bf.cy	nb	absent	yes
bf.cy	sv	absent	yes
bf.cy	fi	absent	yes
bf.cy	tr	absent	yes
bf.cy	hu	absent	yes
bf.cy	sa	absent	yes
bf.sex	en	absent	yes
bf.sex	ru	absent	yes
bf.sex	lv	absent	yes
bf.sex	th	absent	yes
bf.sex	gd	absent	yes
bf.sex	tt	absent	yes
bf.sex	uk	absent	yes
bf.sex	cs	absent	yes
bf.sex	zh	absent	yes
bf.sex	ko	absent	yes
bf.sex	ar	absent	yes
bf.sex	nl-be	absent	yes
bf.sex	es	absent	yes
bf.sex	nl	absent	yes
bf.sex	de	absent	yes
bf.sex	fr	absent	yes
bf.sex	he	absent	yes
bf.sex	hi	absent	yes
bf.sex	bn	absent	yes
bf.sex	fa	absent	yes
bf.sex	ur	absent	yes
bf.sex	ja	absent	yes
bf.sex	da	absent	yes
bf.sex	nb	absent	yes
bf.sex	sv	absent	yes
bf.sex	fi	absent	yes
bf.sex	tr	absent	yes
bf.sex	hu	absent	yes
bf.sex	sa	absent	yes
bf.male	en	absent	yes
bf.male	ru	absent	yes
bf.male	lv	absent	yes
bf.male	th	absent	yes
bf.male	gd	absent	yes
bf.male	tt	absent	yes
bf.male	uk	absent	yes
bf.male	cs	absent	yes
bf.male	zh	absent	yes
bf.male	ko	absent	yes
bf.male	ar	absent	yes
bf.male	nl-be	absent	yes
bf.male	es	absent	yes
bf.male	nl	absent	yes
bf.male	de	absent	yes
bf.male	fr	absent	yes
bf.male	he	absent	yes
bf.male	hi	absent	yes
bf.male	bn	absent	yes
bf.male	fa	absent	yes
bf.male	ur	absent	yes
bf.male	ja	absent	yes
bf.male	da	absent	yes
bf.male	nb	absent	yes
bf.male	sv	absent	yes
bf.male	fi	absent	yes
bf.male	tr	absent	yes
bf.male	hu	absent	yes
bf.male	sa	absent	yes
bf.female	en	absent	yes
bf.female	ru	absent	yes
bf.female	lv	absent	yes
bf.female	th	absent	yes
bf.female	gd	absent	yes
bf.female	tt	absent	yes
bf.female	uk	absent	yes
bf.female	cs	absent	yes
bf.female	zh	absent	yes
bf.female	ko	absent	yes
bf.female	ar	absent	yes
bf.female	nl-be	absent	yes
bf.female	es	absent	yes
bf.female	nl	absent	yes
bf.female	de	absent	yes
bf.female	fr	absent	yes
bf.female	he	absent	yes
bf.female	hi	absent	yes
bf.female	bn	absent	yes
bf.female	fa	absent	yes
bf.female	ur	absent	yes
bf.female	ja	absent	yes
bf.female	da	absent	yes
bf.female	nb	absent	yes
bf.female	sv	absent	yes
bf.female	fi	absent	yes
bf.female	tr	absent	yes
bf.female	hu	absent	yes
bf.female	sa	absent	yes
bf.age	en	absent	yes
bf.age	ru	absent	yes
bf.age	lv	absent	yes
bf.age	th	absent	yes
bf.age	gd	absent	yes
bf.age	tt	absent	yes
bf.age	uk	absent	yes
bf.age	cs	absent	yes
bf.age	zh	absent	yes
bf.age	ko	absent	yes
bf.age	ar	absent	yes
bf.age	nl-be	absent	yes
bf.age	es	absent	yes
bf.age	nl	absent	yes
bf.age	de	absent	yes
bf.age	fr	absent	yes
bf.age	he	absent	yes
bf.age	hi	absent	yes
bf.age	bn	absent	yes
bf.age	fa	absent	yes
bf.age	ur	absent	yes
bf.age	ja	absent	yes
bf.age	da	absent	yes
bf.age	nb	absent	yes
bf.age	sv	absent	yes
bf.age	fi	absent	yes
bf.age	tr	absent	yes
bf.age	hu	absent	yes
bf.age	sa	absent	yes
bf.ht	en	absent	yes
bf.ht	ru	absent	yes
bf.ht	lv	absent	yes
bf.ht	th	absent	yes
bf.ht	gd	absent	yes
bf.ht	tt	absent	yes
bf.ht	uk	absent	yes
bf.ht	cs	absent	yes
bf.ht	zh	absent	yes
bf.ht	ko	absent	yes
bf.ht	ar	absent	yes
bf.ht	nl-be	absent	yes
bf.ht	es	absent	yes
bf.ht	nl	absent	yes
bf.ht	de	absent	yes
bf.ht	fr	absent	yes
bf.ht	he	absent	yes
bf.ht	hi	absent	yes
bf.ht	bn	absent	yes
bf.ht	fa	absent	yes
bf.ht	ur	absent	yes
bf.ht	ja	absent	yes
bf.ht	da	absent	yes
bf.ht	nb	absent	yes
bf.ht	sv	absent	yes
bf.ht	fi	absent	yes
bf.ht	tr	absent	yes
bf.ht	hu	absent	yes
bf.ht	sa	absent	yes
bf.wt	en	absent	yes
bf.wt	ru	absent	yes
bf.wt	lv	absent	yes
bf.wt	th	absent	yes
bf.wt	gd	absent	yes
bf.wt	tt	absent	yes
bf.wt	uk	absent	yes
bf.wt	cs	absent	yes
bf.wt	zh	absent	yes
bf.wt	ko	absent	yes
bf.wt	ar	absent	yes
bf.wt	nl-be	absent	yes
bf.wt	es	absent	yes
bf.wt	nl	absent	yes
bf.wt	de	absent	yes
bf.wt	fr	absent	yes
bf.wt	he	absent	yes
bf.wt	hi	absent	yes
bf.wt	bn	absent	yes
bf.wt	fa	absent	yes
bf.wt	ur	absent	yes
bf.wt	ja	absent	yes
bf.wt	da	absent	yes
bf.wt	nb	absent	yes
bf.wt	sv	absent	yes
bf.wt	fi	absent	yes
bf.wt	tr	absent	yes
bf.wt	hu	absent	yes
bf.wt	sa	absent	yes
bf.pal	en	absent	yes
bf.pal	ru	absent	yes
bf.pal	lv	absent	yes
bf.pal	th	absent	yes
bf.pal	gd	absent	yes
bf.pal	tt	absent	yes
bf.pal	uk	absent	yes
bf.pal	cs	absent	yes
bf.pal	zh	absent	yes
bf.pal	ko	absent	yes
bf.pal	ar	absent	yes
bf.pal	nl-be	absent	yes
bf.pal	es	absent	yes
bf.pal	nl	absent	yes
bf.pal	de	absent	yes
bf.pal	fr	absent	yes
bf.pal	he	absent	yes
bf.pal	hi	absent	yes
bf.pal	bn	absent	yes
bf.pal	fa	absent	yes
bf.pal	ur	absent	yes
bf.pal	ja	absent	yes
bf.pal	da	absent	yes
bf.pal	nb	absent	yes
bf.pal	sv	absent	yes
bf.pal	fi	absent	yes
bf.pal	tr	absent	yes
bf.pal	hu	absent	yes
bf.pal	sa	absent	yes
bf.pal.0	en	absent	yes
bf.pal.0	ru	absent	yes
bf.pal.0	lv	absent	yes
bf.pal.0	th	absent	yes
bf.pal.0	gd	absent	yes
bf.pal.0	tt	absent	yes
bf.pal.0	uk	absent	yes
bf.pal.0	cs	absent	yes
bf.pal.0	zh	absent	yes
bf.pal.0	ko	absent	yes
bf.pal.0	ar	absent	yes
bf.pal.0	nl-be	absent	yes
bf.pal.0	es	absent	yes
bf.pal.0	nl	absent	yes
bf.pal.0	de	absent	yes
bf.pal.0	fr	absent	yes
bf.pal.0	he	absent	yes
bf.pal.0	hi	absent	yes
bf.pal.0	bn	absent	yes
bf.pal.0	fa	absent	yes
bf.pal.0	ur	absent	yes
bf.pal.0	ja	absent	yes
bf.pal.0	da	absent	yes
bf.pal.0	nb	absent	yes
bf.pal.0	sv	absent	yes
bf.pal.0	fi	absent	yes
bf.pal.0	tr	absent	yes
bf.pal.0	hu	absent	yes
bf.pal.0	sa	absent	yes
bf.pal.1	en	absent	yes
bf.pal.1	ru	absent	yes
bf.pal.1	lv	absent	yes
bf.pal.1	th	absent	yes
bf.pal.1	gd	absent	yes
bf.pal.1	tt	absent	yes
bf.pal.1	uk	absent	yes
bf.pal.1	cs	absent	yes
bf.pal.1	zh	absent	yes
bf.pal.1	ko	absent	yes
bf.pal.1	ar	absent	yes
bf.pal.1	nl-be	absent	yes
bf.pal.1	es	absent	yes
bf.pal.1	nl	absent	yes
bf.pal.1	de	absent	yes
bf.pal.1	fr	absent	yes
bf.pal.1	he	absent	yes
bf.pal.1	hi	absent	yes
bf.pal.1	bn	absent	yes
bf.pal.1	fa	absent	yes
bf.pal.1	ur	absent	yes
bf.pal.1	ja	absent	yes
bf.pal.1	da	absent	yes
bf.pal.1	nb	absent	yes
bf.pal.1	sv	absent	yes
bf.pal.1	fi	absent	yes
bf.pal.1	tr	absent	yes
bf.pal.1	hu	absent	yes
bf.pal.1	sa	absent	yes
bf.pal.2	en	absent	yes
bf.pal.2	ru	absent	yes
bf.pal.2	lv	absent	yes
bf.pal.2	th	absent	yes
bf.pal.2	gd	absent	yes
bf.pal.2	tt	absent	yes
bf.pal.2	uk	absent	yes
bf.pal.2	cs	absent	yes
bf.pal.2	zh	absent	yes
bf.pal.2	ko	absent	yes
bf.pal.2	ar	absent	yes
bf.pal.2	nl-be	absent	yes
bf.pal.2	es	absent	yes
bf.pal.2	nl	absent	yes
bf.pal.2	de	absent	yes
bf.pal.2	fr	absent	yes
bf.pal.2	he	absent	yes
bf.pal.2	hi	absent	yes
bf.pal.2	bn	absent	yes
bf.pal.2	fa	absent	yes
bf.pal.2	ur	absent	yes
bf.pal.2	ja	absent	yes
bf.pal.2	da	absent	yes
bf.pal.2	nb	absent	yes
bf.pal.2	sv	absent	yes
bf.pal.2	fi	absent	yes
bf.pal.2	tr	absent	yes
bf.pal.2	hu	absent	yes
bf.pal.2	sa	absent	yes
bf.pal.3	en	absent	yes
bf.pal.3	ru	absent	yes
bf.pal.3	lv	absent	yes
bf.pal.3	th	absent	yes
bf.pal.3	gd	absent	yes
bf.pal.3	tt	absent	yes
bf.pal.3	uk	absent	yes
bf.pal.3	cs	absent	yes
bf.pal.3	zh	absent	yes
bf.pal.3	ko	absent	yes
bf.pal.3	ar	absent	yes
bf.pal.3	nl-be	absent	yes
bf.pal.3	es	absent	yes
bf.pal.3	nl	absent	yes
bf.pal.3	de	absent	yes
bf.pal.3	fr	absent	yes
bf.pal.3	he	absent	yes
bf.pal.3	hi	absent	yes
bf.pal.3	bn	absent	yes
bf.pal.3	fa	absent	yes
bf.pal.3	ur	absent	yes
bf.pal.3	ja	absent	yes
bf.pal.3	da	absent	yes
bf.pal.3	nb	absent	yes
bf.pal.3	sv	absent	yes
bf.pal.3	fi	absent	yes
bf.pal.3	tr	absent	yes
bf.pal.3	hu	absent	yes
bf.pal.3	sa	absent	yes
bf.body.law	en	absent	yes
bf.body.law	ru	absent	yes
bf.body.law	lv	absent	yes
bf.body.law	th	absent	yes
bf.body.law	gd	absent	yes
bf.body.law	tt	absent	yes
bf.body.law	uk	absent	yes
bf.body.law	cs	absent	yes
bf.body.law	zh	absent	yes
bf.body.law	ko	absent	yes
bf.body.law	ar	absent	yes
bf.body.law	nl-be	absent	yes
bf.body.law	es	absent	yes
bf.body.law	nl	absent	yes
bf.body.law	de	absent	yes
bf.body.law	fr	absent	yes
bf.body.law	he	absent	yes
bf.body.law	hi	absent	yes
bf.body.law	bn	absent	yes
bf.body.law	fa	absent	yes
bf.body.law	ur	absent	yes
bf.body.law	ja	absent	yes
bf.body.law	da	absent	yes
bf.body.law	nb	absent	yes
bf.body.law	sv	absent	yes
bf.body.law	fi	absent	yes
bf.body.law	tr	absent	yes
bf.body.law	hu	absent	yes
bf.body.law	sa	absent	yes
bf.basket.law	en	absent	yes
bf.basket.law	ru	absent	yes
bf.basket.law	lv	absent	yes
bf.basket.law	th	absent	yes
bf.basket.law	gd	absent	yes
bf.basket.law	tt	absent	yes
bf.basket.law	uk	absent	yes
bf.basket.law	cs	absent	yes
bf.basket.law	zh	absent	yes
bf.basket.law	ko	absent	yes
bf.basket.law	ar	absent	yes
bf.basket.law	nl-be	absent	yes
bf.basket.law	es	absent	yes
bf.basket.law	nl	absent	yes
bf.basket.law	de	absent	yes
bf.basket.law	fr	absent	yes
bf.basket.law	he	absent	yes
bf.basket.law	hi	absent	yes
bf.basket.law	bn	absent	yes
bf.basket.law	fa	absent	yes
bf.basket.law	ur	absent	yes
bf.basket.law	ja	absent	yes
bf.basket.law	da	absent	yes
bf.basket.law	nb	absent	yes
bf.basket.law	sv	absent	yes
bf.basket.law	fi	absent	yes
bf.basket.law	tr	absent	yes
bf.basket.law	hu	absent	yes
bf.basket.law	sa	absent	yes
bf.ledger.law	en	absent	yes
bf.ledger.law	ru	absent	yes
bf.ledger.law	lv	absent	yes
bf.ledger.law	th	absent	yes
bf.ledger.law	gd	absent	yes
bf.ledger.law	tt	absent	yes
bf.ledger.law	uk	absent	yes
bf.ledger.law	cs	absent	yes
bf.ledger.law	zh	absent	yes
bf.ledger.law	ko	absent	yes
bf.ledger.law	ar	absent	yes
bf.ledger.law	nl-be	absent	yes
bf.ledger.law	es	absent	yes
bf.ledger.law	nl	absent	yes
bf.ledger.law	de	absent	yes
bf.ledger.law	fr	absent	yes
bf.ledger.law	he	absent	yes
bf.ledger.law	hi	absent	yes
bf.ledger.law	bn	absent	yes
bf.ledger.law	fa	absent	yes
bf.ledger.law	ur	absent	yes
bf.ledger.law	ja	absent	yes
bf.ledger.law	da	absent	yes
bf.ledger.law	nb	absent	yes
bf.ledger.law	sv	absent	yes
bf.ledger.law	fi	absent	yes
bf.ledger.law	tr	absent	yes
bf.ledger.law	hu	absent	yes
bf.ledger.law	sa	absent	yes
bf.th.nutrient	en	absent	yes
bf.th.nutrient	ru	absent	yes
bf.th.nutrient	lv	absent	yes
bf.th.nutrient	th	absent	yes
bf.th.nutrient	gd	absent	yes
bf.th.nutrient	tt	absent	yes
bf.th.nutrient	uk	absent	yes
bf.th.nutrient	cs	absent	yes
bf.th.nutrient	zh	absent	yes
bf.th.nutrient	ko	absent	yes
bf.th.nutrient	ar	absent	yes
bf.th.nutrient	nl-be	absent	yes
bf.th.nutrient	es	absent	yes
bf.th.nutrient	nl	absent	yes
bf.th.nutrient	de	absent	yes
bf.th.nutrient	fr	absent	yes
bf.th.nutrient	he	absent	yes
bf.th.nutrient	hi	absent	yes
bf.th.nutrient	bn	absent	yes
bf.th.nutrient	fa	absent	yes
bf.th.nutrient	ur	absent	yes
bf.th.nutrient	ja	absent	yes
bf.th.nutrient	da	absent	yes
bf.th.nutrient	nb	absent	yes
bf.th.nutrient	sv	absent	yes
bf.th.nutrient	fi	absent	yes
bf.th.nutrient	tr	absent	yes
bf.th.nutrient	hu	absent	yes
bf.th.nutrient	sa	absent	yes
bf.th.coverage	en	absent	yes
bf.th.coverage	ru	absent	yes
bf.th.coverage	lv	absent	yes
bf.th.coverage	th	absent	yes
bf.th.coverage	gd	absent	yes
bf.th.coverage	tt	absent	yes
bf.th.coverage	uk	absent	yes
bf.th.coverage	cs	absent	yes
bf.th.coverage	zh	absent	yes
bf.th.coverage	ko	absent	yes
bf.th.coverage	ar	absent	yes
bf.th.coverage	nl-be	absent	yes
bf.th.coverage	es	absent	yes
bf.th.coverage	nl	absent	yes
bf.th.coverage	de	absent	yes
bf.th.coverage	fr	absent	yes
bf.th.coverage	he	absent	yes
bf.th.coverage	hi	absent	yes
bf.th.coverage	bn	absent	yes
bf.th.coverage	fa	absent	yes
bf.th.coverage	ur	absent	yes
bf.th.coverage	ja	absent	yes
bf.th.coverage	da	absent	yes
bf.th.coverage	nb	absent	yes
bf.th.coverage	sv	absent	yes
bf.th.coverage	fi	absent	yes
bf.th.coverage	tr	absent	yes
bf.th.coverage	hu	absent	yes
bf.th.coverage	sa	absent	yes
bf.th.pct	en	absent	yes
bf.th.pct	ru	absent	yes
bf.th.pct	lv	absent	yes
bf.th.pct	th	absent	yes
bf.th.pct	gd	absent	yes
bf.th.pct	tt	absent	yes
bf.th.pct	uk	absent	yes
bf.th.pct	cs	absent	yes
bf.th.pct	zh	absent	yes
bf.th.pct	ko	absent	yes
bf.th.pct	ar	absent	yes
bf.th.pct	nl-be	absent	yes
bf.th.pct	es	absent	yes
bf.th.pct	nl	absent	yes
bf.th.pct	de	absent	yes
bf.th.pct	fr	absent	yes
bf.th.pct	he	absent	yes
bf.th.pct	hi	absent	yes
bf.th.pct	bn	absent	yes
bf.th.pct	fa	absent	yes
bf.th.pct	ur	absent	yes
bf.th.pct	ja	absent	yes
bf.th.pct	da	absent	yes
bf.th.pct	nb	absent	yes
bf.th.pct	sv	absent	yes
bf.th.pct	fi	absent	yes
bf.th.pct	tr	absent	yes
bf.th.pct	hu	absent	yes
bf.th.pct	sa	absent	yes
bf.th.need	en	absent	yes
bf.th.need	ru	absent	yes
bf.th.need	lv	absent	yes
bf.th.need	th	absent	yes
bf.th.need	gd	absent	yes
bf.th.need	tt	absent	yes
bf.th.need	uk	absent	yes
bf.th.need	cs	absent	yes
bf.th.need	zh	absent	yes
bf.th.need	ko	absent	yes
bf.th.need	ar	absent	yes
bf.th.need	nl-be	absent	yes
bf.th.need	es	absent	yes
bf.th.need	nl	absent	yes
bf.th.need	de	absent	yes
bf.th.need	fr	absent	yes
bf.th.need	he	absent	yes
bf.th.need	hi	absent	yes
bf.th.need	bn	absent	yes
bf.th.need	fa	absent	yes
bf.th.need	ur	absent	yes
bf.th.need	ja	absent	yes
bf.th.need	da	absent	yes
bf.th.need	nb	absent	yes
bf.th.need	sv	absent	yes
bf.th.need	fi	absent	yes
bf.th.need	tr	absent	yes
bf.th.need	hu	absent	yes
bf.th.need	sa	absent	yes
bf.th.gives	en	absent	yes
bf.th.gives	ru	absent	yes
bf.th.gives	lv	absent	yes
bf.th.gives	th	absent	yes
bf.th.gives	gd	absent	yes
bf.th.gives	tt	absent	yes
bf.th.gives	uk	absent	yes
bf.th.gives	cs	absent	yes
bf.th.gives	zh	absent	yes
bf.th.gives	ko	absent	yes
bf.th.gives	ar	absent	yes
bf.th.gives	nl-be	absent	yes
bf.th.gives	es	absent	yes
bf.th.gives	nl	absent	yes
bf.th.gives	de	absent	yes
bf.th.gives	fr	absent	yes
bf.th.gives	he	absent	yes
bf.th.gives	hi	absent	yes
bf.th.gives	bn	absent	yes
bf.th.gives	fa	absent	yes
bf.th.gives	ur	absent	yes
bf.th.gives	ja	absent	yes
bf.th.gives	da	absent	yes
bf.th.gives	nb	absent	yes
bf.th.gives	sv	absent	yes
bf.th.gives	fi	absent	yes
bf.th.gives	tr	absent	yes
bf.th.gives	hu	absent	yes
bf.th.gives	sa	absent	yes
bf.th.basis	en	absent	yes
bf.th.basis	ru	absent	yes
bf.th.basis	lv	absent	yes
bf.th.basis	th	absent	yes
bf.th.basis	gd	absent	yes
bf.th.basis	tt	absent	yes
bf.th.basis	uk	absent	yes
bf.th.basis	cs	absent	yes
bf.th.basis	zh	absent	yes
bf.th.basis	ko	absent	yes
bf.th.basis	ar	absent	yes
bf.th.basis	nl-be	absent	yes
bf.th.basis	es	absent	yes
bf.th.basis	nl	absent	yes
bf.th.basis	de	absent	yes
bf.th.basis	fr	absent	yes
bf.th.basis	he	absent	yes
bf.th.basis	hi	absent	yes
bf.th.basis	bn	absent	yes
bf.th.basis	fa	absent	yes
bf.th.basis	ur	absent	yes
bf.th.basis	ja	absent	yes
bf.th.basis	da	absent	yes
bf.th.basis	nb	absent	yes
bf.th.basis	sv	absent	yes
bf.th.basis	fi	absent	yes
bf.th.basis	tr	absent	yes
bf.th.basis	hu	absent	yes
bf.th.basis	sa	absent	yes
bf.th.gap	en	absent	yes
bf.th.gap	ru	absent	yes
bf.th.gap	lv	absent	yes
bf.th.gap	th	absent	yes
bf.th.gap	gd	absent	yes
bf.th.gap	tt	absent	yes
bf.th.gap	uk	absent	yes
bf.th.gap	cs	absent	yes
bf.th.gap	zh	absent	yes
bf.th.gap	ko	absent	yes
bf.th.gap	ar	absent	yes
bf.th.gap	nl-be	absent	yes
bf.th.gap	es	absent	yes
bf.th.gap	nl	absent	yes
bf.th.gap	de	absent	yes
bf.th.gap	fr	absent	yes
bf.th.gap	he	absent	yes
bf.th.gap	hi	absent	yes
bf.th.gap	bn	absent	yes
bf.th.gap	fa	absent	yes
bf.th.gap	ur	absent	yes
bf.th.gap	ja	absent	yes
bf.th.gap	da	absent	yes
bf.th.gap	nb	absent	yes
bf.th.gap	sv	absent	yes
bf.th.gap	fi	absent	yes
bf.th.gap	tr	absent	yes
bf.th.gap	hu	absent	yes
bf.th.gap	sa	absent	yes
bf.prot.law	en	absent	yes
bf.prot.law	ru	absent	yes
bf.prot.law	lv	absent	yes
bf.prot.law	th	absent	yes
bf.prot.law	gd	absent	yes
bf.prot.law	tt	absent	yes
bf.prot.law	uk	absent	yes
bf.prot.law	cs	absent	yes
bf.prot.law	zh	absent	yes
bf.prot.law	ko	absent	yes
bf.prot.law	ar	absent	yes
bf.prot.law	nl-be	absent	yes
bf.prot.law	es	absent	yes
bf.prot.law	nl	absent	yes
bf.prot.law	de	absent	yes
bf.prot.law	fr	absent	yes
bf.prot.law	he	absent	yes
bf.prot.law	hi	absent	yes
bf.prot.law	bn	absent	yes
bf.prot.law	fa	absent	yes
bf.prot.law	ur	absent	yes
bf.prot.law	ja	absent	yes
bf.prot.law	da	absent	yes
bf.prot.law	nb	absent	yes
bf.prot.law	sv	absent	yes
bf.prot.law	fi	absent	yes
bf.prot.law	tr	absent	yes
bf.prot.law	hu	absent	yes
bf.prot.law	sa	absent	yes
bf.fibre.law	en	absent	yes
bf.fibre.law	ru	absent	yes
bf.fibre.law	lv	absent	yes
bf.fibre.law	th	absent	yes
bf.fibre.law	gd	absent	yes
bf.fibre.law	tt	absent	yes
bf.fibre.law	uk	absent	yes
bf.fibre.law	cs	absent	yes
bf.fibre.law	zh	absent	yes
bf.fibre.law	ko	absent	yes
bf.fibre.law	ar	absent	yes
bf.fibre.law	nl-be	absent	yes
bf.fibre.law	es	absent	yes
bf.fibre.law	nl	absent	yes
bf.fibre.law	de	absent	yes
bf.fibre.law	fr	absent	yes
bf.fibre.law	he	absent	yes
bf.fibre.law	hi	absent	yes
bf.fibre.law	bn	absent	yes
bf.fibre.law	fa	absent	yes
bf.fibre.law	ur	absent	yes
bf.fibre.law	ja	absent	yes
bf.fibre.law	da	absent	yes
bf.fibre.law	nb	absent	yes
bf.fibre.law	sv	absent	yes
bf.fibre.law	fi	absent	yes
bf.fibre.law	tr	absent	yes
bf.fibre.law	hu	absent	yes
bf.fibre.law	sa	absent	yes
bf.quest.law	en	absent	yes
bf.quest.law	ru	absent	yes
bf.quest.law	lv	absent	yes
bf.quest.law	th	absent	yes
bf.quest.law	gd	absent	yes
bf.quest.law	tt	absent	yes
bf.quest.law	uk	absent	yes
bf.quest.law	cs	absent	yes
bf.quest.law	zh	absent	yes
bf.quest.law	ko	absent	yes
bf.quest.law	ar	absent	yes
bf.quest.law	nl-be	absent	yes
bf.quest.law	es	absent	yes
bf.quest.law	nl	absent	yes
bf.quest.law	de	absent	yes
bf.quest.law	fr	absent	yes
bf.quest.law	he	absent	yes
bf.quest.law	hi	absent	yes
bf.quest.law	bn	absent	yes
bf.quest.law	fa	absent	yes
bf.quest.law	ur	absent	yes
bf.quest.law	ja	absent	yes
bf.quest.law	da	absent	yes
bf.quest.law	nb	absent	yes
bf.quest.law	sv	absent	yes
bf.quest.law	fi	absent	yes
bf.quest.law	tr	absent	yes
bf.quest.law	hu	absent	yes
bf.quest.law	sa	absent	yes
bf.believe.law	en	absent	yes
bf.believe.law	ru	absent	yes
bf.believe.law	lv	absent	yes
bf.believe.law	th	absent	yes
bf.believe.law	gd	absent	yes
bf.believe.law	tt	absent	yes
bf.believe.law	uk	absent	yes
bf.believe.law	cs	absent	yes
bf.believe.law	zh	absent	yes
bf.believe.law	ko	absent	yes
bf.believe.law	ar	absent	yes
bf.believe.law	nl-be	absent	yes
bf.believe.law	es	absent	yes
bf.believe.law	nl	absent	yes
bf.believe.law	de	absent	yes
bf.believe.law	fr	absent	yes
bf.believe.law	he	absent	yes
bf.believe.law	hi	absent	yes
bf.believe.law	bn	absent	yes
bf.believe.law	fa	absent	yes
bf.believe.law	ur	absent	yes
bf.believe.law	ja	absent	yes
bf.believe.law	da	absent	yes
bf.believe.law	nb	absent	yes
bf.believe.law	sv	absent	yes
bf.believe.law	fi	absent	yes
bf.believe.law	tr	absent	yes
bf.believe.law	hu	absent	yes
bf.believe.law	sa	absent	yes
bf.foot	en	absent	yes
bf.foot	ru	absent	yes
bf.foot	lv	absent	yes
bf.foot	th	absent	yes
bf.foot	gd	absent	yes
bf.foot	tt	absent	yes
bf.foot	uk	absent	yes
bf.foot	cs	absent	yes
bf.foot	zh	absent	yes
bf.foot	ko	absent	yes
bf.foot	ar	absent	yes
bf.foot	nl-be	absent	yes
bf.foot	es	absent	yes
bf.foot	nl	absent	yes
bf.foot	de	absent	yes
bf.foot	fr	absent	yes
bf.foot	he	absent	yes
bf.foot	hi	absent	yes
bf.foot	bn	absent	yes
bf.foot	fa	absent	yes
bf.foot	ur	absent	yes
bf.foot	ja	absent	yes
bf.foot	da	absent	yes
bf.foot	nb	absent	yes
bf.foot	sv	absent	yes
bf.foot	fi	absent	yes
bf.foot	tr	absent	yes
bf.foot	hu	absent	yes
bf.foot	sa	absent	yes
bf.foot.learn	en	absent	yes
bf.foot.learn	ru	absent	yes
bf.foot.learn	lv	absent	yes
bf.foot.learn	th	absent	yes
bf.foot.learn	gd	absent	yes
bf.foot.learn	tt	absent	yes
bf.foot.learn	uk	absent	yes
bf.foot.learn	cs	absent	yes
bf.foot.learn	zh	absent	yes
bf.foot.learn	ko	absent	yes
bf.foot.learn	ar	absent	yes
bf.foot.learn	nl-be	absent	yes
bf.foot.learn	es	absent	yes
bf.foot.learn	nl	absent	yes
bf.foot.learn	de	absent	yes
bf.foot.learn	fr	absent	yes
bf.foot.learn	he	absent	yes
bf.foot.learn	hi	absent	yes
bf.foot.learn	bn	absent	yes
bf.foot.learn	fa	absent	yes
bf.foot.learn	ur	absent	yes
bf.foot.learn	ja	absent	yes
bf.foot.learn	da	absent	yes
bf.foot.learn	nb	absent	yes
bf.foot.learn	sv	absent	yes
bf.foot.learn	fi	absent	yes
bf.foot.learn	tr	absent	yes
bf.foot.learn	hu	absent	yes
bf.foot.learn	sa	absent	yes
