Loading file "aes-run.saw"
Loading file "aes-lib.saw"
Loading file "../utils/list.saw"
Loading file "../utils/typenum.saw"
Verifying aes/599cc939::soft[0]::fixslice[0]::bitslice[0] ...
Simulating aes/599cc939::soft[0]::fixslice[0]::bitslice[0] ...
Checking proof obligations aes/599cc939::soft[0]::fixslice[0]::bitslice[0] ...
Proof succeeded! aes/599cc939::soft[0]::fixslice[0]::bitslice[0]
Verifying aes/599cc939::soft[0]::fixslice[0]::inv_bitslice[0] ...
Simulating aes/599cc939::soft[0]::fixslice[0]::inv_bitslice[0] ...
Checking proof obligations aes/599cc939::soft[0]::fixslice[0]::inv_bitslice[0] ...
Proof succeeded! aes/599cc939::soft[0]::fixslice[0]::inv_bitslice[0]
Verifying aes/599cc939::soft[0]::fixslice[0]::bitslice[0] ...
Simulating aes/599cc939::soft[0]::fixslice[0]::bitslice[0] ...
Checking proof obligations aes/599cc939::soft[0]::fixslice[0]::bitslice[0] ...
Proof succeeded! aes/599cc939::soft[0]::fixslice[0]::bitslice[0]
Verifying aes/599cc939::soft[0]::fixslice[0]::sub_bytes[0] ...
Simulating aes/599cc939::soft[0]::fixslice[0]::sub_bytes[0] ...
Checking proof obligations aes/599cc939::soft[0]::fixslice[0]::sub_bytes[0] ...
Proof succeeded! aes/599cc939::soft[0]::fixslice[0]::sub_bytes[0]
Verifying aes/599cc939::soft[0]::fixslice[0]::sub_bytes_nots[0] ...
Simulating aes/599cc939::soft[0]::fixslice[0]::sub_bytes_nots[0] ...
Checking proof obligations aes/599cc939::soft[0]::fixslice[0]::sub_bytes_nots[0] ...
Proof succeeded! aes/599cc939::soft[0]::fixslice[0]::sub_bytes_nots[0]
Verifying aes/599cc939::soft[0]::fixslice[0]::shift_rows_2[0] ...
Simulating aes/599cc939::soft[0]::fixslice[0]::shift_rows_2[0] ...
Checking proof obligations aes/599cc939::soft[0]::fixslice[0]::shift_rows_2[0] ...
Proof succeeded! aes/599cc939::soft[0]::fixslice[0]::shift_rows_2[0]
Verifying aes/599cc939::soft[0]::fixslice[0]::add_round_key[0] ...
Simulating aes/599cc939::soft[0]::fixslice[0]::add_round_key[0] ...
Checking proof obligations aes/599cc939::soft[0]::fixslice[0]::add_round_key[0] ...
Proof succeeded! aes/599cc939::soft[0]::fixslice[0]::add_round_key[0]
Verifying aes/599cc939::soft[0]::fixslice[0]::add_round_key[0] ...
Simulating aes/599cc939::soft[0]::fixslice[0]::add_round_key[0] ...
Checking proof obligations aes/599cc939::soft[0]::fixslice[0]::add_round_key[0] ...
Proof succeeded! aes/599cc939::soft[0]::fixslice[0]::add_round_key[0]
Verifying aes/599cc939::soft[0]::fixslice[0]::add_round_key[0] ...
Simulating aes/599cc939::soft[0]::fixslice[0]::add_round_key[0] ...
Checking proof obligations aes/599cc939::soft[0]::fixslice[0]::add_round_key[0] ...
Proof succeeded! aes/599cc939::soft[0]::fixslice[0]::add_round_key[0]
Verifying aes/599cc939::soft[0]::fixslice[0]::add_round_key[0] ...
Simulating aes/599cc939::soft[0]::fixslice[0]::add_round_key[0] ...
Checking proof obligations aes/599cc939::soft[0]::fixslice[0]::add_round_key[0] ...
Proof succeeded! aes/599cc939::soft[0]::fixslice[0]::add_round_key[0]
Verifying aes/599cc939::soft[0]::fixslice[0]::add_round_key[0] ...
Simulating aes/599cc939::soft[0]::fixslice[0]::add_round_key[0] ...
Checking proof obligations aes/599cc939::soft[0]::fixslice[0]::add_round_key[0] ...
Proof succeeded! aes/599cc939::soft[0]::fixslice[0]::add_round_key[0]
Verifying aes/599cc939::soft[0]::fixslice[0]::add_round_key[0] ...
Simulating aes/599cc939::soft[0]::fixslice[0]::add_round_key[0] ...
Checking proof obligations aes/599cc939::soft[0]::fixslice[0]::add_round_key[0] ...
Proof succeeded! aes/599cc939::soft[0]::fixslice[0]::add_round_key[0]
Verifying aes/599cc939::soft[0]::fixslice[0]::add_round_key[0] ...
Simulating aes/599cc939::soft[0]::fixslice[0]::add_round_key[0] ...
Checking proof obligations aes/599cc939::soft[0]::fixslice[0]::add_round_key[0] ...
Proof succeeded! aes/599cc939::soft[0]::fixslice[0]::add_round_key[0]
Verifying aes/599cc939::soft[0]::fixslice[0]::add_round_key[0] ...
Simulating aes/599cc939::soft[0]::fixslice[0]::add_round_key[0] ...
Checking proof obligations aes/599cc939::soft[0]::fixslice[0]::add_round_key[0] ...
Proof succeeded! aes/599cc939::soft[0]::fixslice[0]::add_round_key[0]
Verifying aes/599cc939::soft[0]::fixslice[0]::add_round_key[0] ...
Simulating aes/599cc939::soft[0]::fixslice[0]::add_round_key[0] ...
Checking proof obligations aes/599cc939::soft[0]::fixslice[0]::add_round_key[0] ...
Proof succeeded! aes/599cc939::soft[0]::fixslice[0]::add_round_key[0]
Verifying aes/599cc939::soft[0]::fixslice[0]::add_round_key[0] ...
Simulating aes/599cc939::soft[0]::fixslice[0]::add_round_key[0] ...
Checking proof obligations aes/599cc939::soft[0]::fixslice[0]::add_round_key[0] ...
Proof succeeded! aes/599cc939::soft[0]::fixslice[0]::add_round_key[0]
Verifying aes/599cc939::soft[0]::fixslice[0]::add_round_key[0] ...
Simulating aes/599cc939::soft[0]::fixslice[0]::add_round_key[0] ...
Checking proof obligations aes/599cc939::soft[0]::fixslice[0]::add_round_key[0] ...
Proof succeeded! aes/599cc939::soft[0]::fixslice[0]::add_round_key[0]
Verifying aes/599cc939::soft[0]::fixslice[0]::bitslice[0] ...
Simulating aes/599cc939::soft[0]::fixslice[0]::bitslice[0] ...
Checking proof obligations aes/599cc939::soft[0]::fixslice[0]::bitslice[0] ...
Proof succeeded! aes/599cc939::soft[0]::fixslice[0]::bitslice[0]
Verifying aes/599cc939::soft[0]::fixslice[0]::bitslice[0] ...
Simulating aes/599cc939::soft[0]::fixslice[0]::bitslice[0] ...
Checking proof obligations aes/599cc939::soft[0]::fixslice[0]::bitslice[0] ...
Proof succeeded! aes/599cc939::soft[0]::fixslice[0]::bitslice[0]
Verifying aes/599cc939::soft[0]::fixslice[0]::sub_bytes[0] ...
Simulating aes/599cc939::soft[0]::fixslice[0]::sub_bytes[0] ...
Checking proof obligations aes/599cc939::soft[0]::fixslice[0]::sub_bytes[0] ...
Proof succeeded! aes/599cc939::soft[0]::fixslice[0]::sub_bytes[0]
Verifying aes/599cc939::soft[0]::fixslice[0]::sub_bytes_nots[0] ...
Simulating aes/599cc939::soft[0]::fixslice[0]::sub_bytes_nots[0] ...
Checking proof obligations aes/599cc939::soft[0]::fixslice[0]::sub_bytes_nots[0] ...
Proof succeeded! aes/599cc939::soft[0]::fixslice[0]::sub_bytes_nots[0]
Verifying aes/599cc939::soft[0]::fixslice[0]::shift_rows_2[0] ...
Simulating aes/599cc939::soft[0]::fixslice[0]::shift_rows_2[0] ...
Checking proof obligations aes/599cc939::soft[0]::fixslice[0]::shift_rows_2[0] ...
Proof succeeded! aes/599cc939::soft[0]::fixslice[0]::shift_rows_2[0]
Verifying aes/599cc939::soft[0]::fixslice[0]::add_round_key[0] ...
Simulating aes/599cc939::soft[0]::fixslice[0]::add_round_key[0] ...
Checking proof obligations aes/599cc939::soft[0]::fixslice[0]::add_round_key[0] ...
Proof succeeded! aes/599cc939::soft[0]::fixslice[0]::add_round_key[0]
Verifying aes/599cc939::soft[0]::fixslice[0]::add_round_key[0] ...
Simulating aes/599cc939::soft[0]::fixslice[0]::add_round_key[0] ...
Checking proof obligations aes/599cc939::soft[0]::fixslice[0]::add_round_key[0] ...
Proof succeeded! aes/599cc939::soft[0]::fixslice[0]::add_round_key[0]
Verifying aes/599cc939::soft[0]::fixslice[0]::add_round_key[0] ...
Simulating aes/599cc939::soft[0]::fixslice[0]::add_round_key[0] ...
Checking proof obligations aes/599cc939::soft[0]::fixslice[0]::add_round_key[0] ...
Proof succeeded! aes/599cc939::soft[0]::fixslice[0]::add_round_key[0]
Verifying aes/599cc939::soft[0]::fixslice[0]::add_round_key[0] ...
Simulating aes/599cc939::soft[0]::fixslice[0]::add_round_key[0] ...
Checking proof obligations aes/599cc939::soft[0]::fixslice[0]::add_round_key[0] ...
Proof succeeded! aes/599cc939::soft[0]::fixslice[0]::add_round_key[0]
Verifying aes/599cc939::soft[0]::fixslice[0]::add_round_key[0] ...
Simulating aes/599cc939::soft[0]::fixslice[0]::add_round_key[0] ...
Checking proof obligations aes/599cc939::soft[0]::fixslice[0]::add_round_key[0] ...
Proof succeeded! aes/599cc939::soft[0]::fixslice[0]::add_round_key[0]
Verifying aes/599cc939::soft[0]::fixslice[0]::add_round_key[0] ...
Simulating aes/599cc939::soft[0]::fixslice[0]::add_round_key[0] ...
Checking proof obligations aes/599cc939::soft[0]::fixslice[0]::add_round_key[0] ...
Proof succeeded! aes/599cc939::soft[0]::fixslice[0]::add_round_key[0]
Verifying aes/599cc939::soft[0]::fixslice[0]::add_round_key[0] ...
Simulating aes/599cc939::soft[0]::fixslice[0]::add_round_key[0] ...
Checking proof obligations aes/599cc939::soft[0]::fixslice[0]::add_round_key[0] ...
Proof succeeded! aes/599cc939::soft[0]::fixslice[0]::add_round_key[0]
Verifying aes/599cc939::soft[0]::fixslice[0]::add_round_key[0] ...
Simulating aes/599cc939::soft[0]::fixslice[0]::add_round_key[0] ...
Checking proof obligations aes/599cc939::soft[0]::fixslice[0]::add_round_key[0] ...
Proof succeeded! aes/599cc939::soft[0]::fixslice[0]::add_round_key[0]
Verifying aes/599cc939::soft[0]::fixslice[0]::add_round_key[0] ...
Simulating aes/599cc939::soft[0]::fixslice[0]::add_round_key[0] ...
Checking proof obligations aes/599cc939::soft[0]::fixslice[0]::add_round_key[0] ...
Proof succeeded! aes/599cc939::soft[0]::fixslice[0]::add_round_key[0]
Verifying aes/599cc939::soft[0]::fixslice[0]::add_round_key[0] ...
Simulating aes/599cc939::soft[0]::fixslice[0]::add_round_key[0] ...
Checking proof obligations aes/599cc939::soft[0]::fixslice[0]::add_round_key[0] ...
Proof succeeded! aes/599cc939::soft[0]::fixslice[0]::add_round_key[0]
Verifying aes/599cc939::soft[0]::fixslice[0]::add_round_key[0] ...
Simulating aes/599cc939::soft[0]::fixslice[0]::add_round_key[0] ...
Checking proof obligations aes/599cc939::soft[0]::fixslice[0]::add_round_key[0] ...
Proof succeeded! aes/599cc939::soft[0]::fixslice[0]::add_round_key[0]
Verifying aes/599cc939::soft[0]::fixslice[0]::add_round_key[0] ...
Simulating aes/599cc939::soft[0]::fixslice[0]::add_round_key[0] ...
Checking proof obligations aes/599cc939::soft[0]::fixslice[0]::add_round_key[0] ...
Proof succeeded! aes/599cc939::soft[0]::fixslice[0]::add_round_key[0]
Verifying aes/599cc939::soft[0]::fixslice[0]::add_round_key[0] ...
Simulating aes/599cc939::soft[0]::fixslice[0]::add_round_key[0] ...
Checking proof obligations aes/599cc939::soft[0]::fixslice[0]::add_round_key[0] ...
Proof succeeded! aes/599cc939::soft[0]::fixslice[0]::add_round_key[0]
Verifying aes/599cc939::soft[0]::fixslice[0]::bitslice[0] ...
Simulating aes/599cc939::soft[0]::fixslice[0]::bitslice[0] ...
Checking proof obligations aes/599cc939::soft[0]::fixslice[0]::bitslice[0] ...
Proof succeeded! aes/599cc939::soft[0]::fixslice[0]::bitslice[0]
Verifying aes/599cc939::soft[0]::fixslice[0]::bitslice[0] ...
Simulating aes/599cc939::soft[0]::fixslice[0]::bitslice[0] ...
Checking proof obligations aes/599cc939::soft[0]::fixslice[0]::bitslice[0] ...
Proof succeeded! aes/599cc939::soft[0]::fixslice[0]::bitslice[0]
Verifying aes/599cc939::soft[0]::fixslice[0]::sub_bytes[0] ...
Simulating aes/599cc939::soft[0]::fixslice[0]::sub_bytes[0] ...
Checking proof obligations aes/599cc939::soft[0]::fixslice[0]::sub_bytes[0] ...
Proof succeeded! aes/599cc939::soft[0]::fixslice[0]::sub_bytes[0]
Verifying aes/599cc939::soft[0]::fixslice[0]::sub_bytes_nots[0] ...
Simulating aes/599cc939::soft[0]::fixslice[0]::sub_bytes_nots[0] ...
Checking proof obligations aes/599cc939::soft[0]::fixslice[0]::sub_bytes_nots[0] ...
Proof succeeded! aes/599cc939::soft[0]::fixslice[0]::sub_bytes_nots[0]
Verifying aes/599cc939::soft[0]::fixslice[0]::shift_rows_2[0] ...
Simulating aes/599cc939::soft[0]::fixslice[0]::shift_rows_2[0] ...
Checking proof obligations aes/599cc939::soft[0]::fixslice[0]::shift_rows_2[0] ...
Proof succeeded! aes/599cc939::soft[0]::fixslice[0]::shift_rows_2[0]
Verifying aes/599cc939::soft[0]::fixslice[0]::add_round_key[0] ...
Simulating aes/599cc939::soft[0]::fixslice[0]::add_round_key[0] ...
Checking proof obligations aes/599cc939::soft[0]::fixslice[0]::add_round_key[0] ...
Proof succeeded! aes/599cc939::soft[0]::fixslice[0]::add_round_key[0]
Verifying aes/599cc939::soft[0]::fixslice[0]::add_round_key[0] ...
Simulating aes/599cc939::soft[0]::fixslice[0]::add_round_key[0] ...
Checking proof obligations aes/599cc939::soft[0]::fixslice[0]::add_round_key[0] ...
Proof succeeded! aes/599cc939::soft[0]::fixslice[0]::add_round_key[0]
Verifying aes/599cc939::soft[0]::fixslice[0]::add_round_key[0] ...
Simulating aes/599cc939::soft[0]::fixslice[0]::add_round_key[0] ...
Checking proof obligations aes/599cc939::soft[0]::fixslice[0]::add_round_key[0] ...
Proof succeeded! aes/599cc939::soft[0]::fixslice[0]::add_round_key[0]
Verifying aes/599cc939::soft[0]::fixslice[0]::add_round_key[0] ...
Simulating aes/599cc939::soft[0]::fixslice[0]::add_round_key[0] ...
Checking proof obligations aes/599cc939::soft[0]::fixslice[0]::add_round_key[0] ...
Proof succeeded! aes/599cc939::soft[0]::fixslice[0]::add_round_key[0]
Verifying aes/599cc939::soft[0]::fixslice[0]::add_round_key[0] ...
Simulating aes/599cc939::soft[0]::fixslice[0]::add_round_key[0] ...
Checking proof obligations aes/599cc939::soft[0]::fixslice[0]::add_round_key[0] ...
Proof succeeded! aes/599cc939::soft[0]::fixslice[0]::add_round_key[0]
Verifying aes/599cc939::soft[0]::fixslice[0]::add_round_key[0] ...
Simulating aes/599cc939::soft[0]::fixslice[0]::add_round_key[0] ...
Checking proof obligations aes/599cc939::soft[0]::fixslice[0]::add_round_key[0] ...
Proof succeeded! aes/599cc939::soft[0]::fixslice[0]::add_round_key[0]
Verifying aes/599cc939::soft[0]::fixslice[0]::add_round_key[0] ...
Simulating aes/599cc939::soft[0]::fixslice[0]::add_round_key[0] ...
Checking proof obligations aes/599cc939::soft[0]::fixslice[0]::add_round_key[0] ...
Proof succeeded! aes/599cc939::soft[0]::fixslice[0]::add_round_key[0]
Verifying aes/599cc939::soft[0]::fixslice[0]::add_round_key[0] ...
Simulating aes/599cc939::soft[0]::fixslice[0]::add_round_key[0] ...
Checking proof obligations aes/599cc939::soft[0]::fixslice[0]::add_round_key[0] ...
Proof succeeded! aes/599cc939::soft[0]::fixslice[0]::add_round_key[0]
Verifying aes/599cc939::soft[0]::fixslice[0]::add_round_key[0] ...
Simulating aes/599cc939::soft[0]::fixslice[0]::add_round_key[0] ...
Checking proof obligations aes/599cc939::soft[0]::fixslice[0]::add_round_key[0] ...
Proof succeeded! aes/599cc939::soft[0]::fixslice[0]::add_round_key[0]
Verifying aes/599cc939::soft[0]::fixslice[0]::add_round_key[0] ...
Simulating aes/599cc939::soft[0]::fixslice[0]::add_round_key[0] ...
Checking proof obligations aes/599cc939::soft[0]::fixslice[0]::add_round_key[0] ...
Proof succeeded! aes/599cc939::soft[0]::fixslice[0]::add_round_key[0]
Verifying aes/599cc939::soft[0]::fixslice[0]::add_round_key[0] ...
Simulating aes/599cc939::soft[0]::fixslice[0]::add_round_key[0] ...
Checking proof obligations aes/599cc939::soft[0]::fixslice[0]::add_round_key[0] ...
Proof succeeded! aes/599cc939::soft[0]::fixslice[0]::add_round_key[0]
Verifying aes/599cc939::soft[0]::fixslice[0]::add_round_key[0] ...
Simulating aes/599cc939::soft[0]::fixslice[0]::add_round_key[0] ...
Checking proof obligations aes/599cc939::soft[0]::fixslice[0]::add_round_key[0] ...
Proof succeeded! aes/599cc939::soft[0]::fixslice[0]::add_round_key[0]
Verifying aes/599cc939::soft[0]::fixslice[0]::add_round_key[0] ...
Simulating aes/599cc939::soft[0]::fixslice[0]::add_round_key[0] ...
Checking proof obligations aes/599cc939::soft[0]::fixslice[0]::add_round_key[0] ...
Proof succeeded! aes/599cc939::soft[0]::fixslice[0]::add_round_key[0]
Verifying aes/599cc939::soft[0]::fixslice[0]::add_round_key[0] ...
Simulating aes/599cc939::soft[0]::fixslice[0]::add_round_key[0] ...
Checking proof obligations aes/599cc939::soft[0]::fixslice[0]::add_round_key[0] ...
Proof succeeded! aes/599cc939::soft[0]::fixslice[0]::add_round_key[0]
Verifying aes/599cc939::soft[0]::fixslice[0]::add_round_key[0] ...
Simulating aes/599cc939::soft[0]::fixslice[0]::add_round_key[0] ...
Checking proof obligations aes/599cc939::soft[0]::fixslice[0]::add_round_key[0] ...
Proof succeeded! aes/599cc939::soft[0]::fixslice[0]::add_round_key[0]
Verifying aes/599cc939::soft[0]::fixslice[0]::sub_bytes[0] ...
Simulating aes/599cc939::soft[0]::fixslice[0]::sub_bytes[0] ...
Checking proof obligations aes/599cc939::soft[0]::fixslice[0]::sub_bytes[0] ...
Proof succeeded! aes/599cc939::soft[0]::fixslice[0]::sub_bytes[0]
Verifying aes/599cc939::soft[0]::fixslice[0]::sub_bytes[0] ...
Simulating aes/599cc939::soft[0]::fixslice[0]::sub_bytes[0] ...
Checking proof obligations aes/599cc939::soft[0]::fixslice[0]::sub_bytes[0] ...
Proof succeeded! aes/599cc939::soft[0]::fixslice[0]::sub_bytes[0]
Verifying aes/599cc939::soft[0]::fixslice[0]::sub_bytes[0] ...
Simulating aes/599cc939::soft[0]::fixslice[0]::sub_bytes[0] ...
Checking proof obligations aes/599cc939::soft[0]::fixslice[0]::sub_bytes[0] ...
Proof succeeded! aes/599cc939::soft[0]::fixslice[0]::sub_bytes[0]
Verifying aes/599cc939::soft[0]::fixslice[0]::sub_bytes[0] ...
Simulating aes/599cc939::soft[0]::fixslice[0]::sub_bytes[0] ...
Checking proof obligations aes/599cc939::soft[0]::fixslice[0]::sub_bytes[0] ...
Proof succeeded! aes/599cc939::soft[0]::fixslice[0]::sub_bytes[0]
Verifying aes/599cc939::soft[0]::fixslice[0]::sub_bytes[0] ...
Simulating aes/599cc939::soft[0]::fixslice[0]::sub_bytes[0] ...
Checking proof obligations aes/599cc939::soft[0]::fixslice[0]::sub_bytes[0] ...
Proof succeeded! aes/599cc939::soft[0]::fixslice[0]::sub_bytes[0]
Verifying aes/599cc939::soft[0]::fixslice[0]::sub_bytes[0] ...
Simulating aes/599cc939::soft[0]::fixslice[0]::sub_bytes[0] ...
Checking proof obligations aes/599cc939::soft[0]::fixslice[0]::sub_bytes[0] ...
Proof succeeded! aes/599cc939::soft[0]::fixslice[0]::sub_bytes[0]
Verifying aes/599cc939::soft[0]::fixslice[0]::sub_bytes[0] ...
Simulating aes/599cc939::soft[0]::fixslice[0]::sub_bytes[0] ...
Checking proof obligations aes/599cc939::soft[0]::fixslice[0]::sub_bytes[0] ...
Proof succeeded! aes/599cc939::soft[0]::fixslice[0]::sub_bytes[0]
Verifying aes/599cc939::soft[0]::fixslice[0]::sub_bytes[0] ...
Simulating aes/599cc939::soft[0]::fixslice[0]::sub_bytes[0] ...
Checking proof obligations aes/599cc939::soft[0]::fixslice[0]::sub_bytes[0] ...
Proof succeeded! aes/599cc939::soft[0]::fixslice[0]::sub_bytes[0]
Verifying aes/599cc939::soft[0]::fixslice[0]::sub_bytes[0] ...
Simulating aes/599cc939::soft[0]::fixslice[0]::sub_bytes[0] ...
Checking proof obligations aes/599cc939::soft[0]::fixslice[0]::sub_bytes[0] ...
Proof succeeded! aes/599cc939::soft[0]::fixslice[0]::sub_bytes[0]
Verifying aes/599cc939::soft[0]::fixslice[0]::sub_bytes[0] ...
Simulating aes/599cc939::soft[0]::fixslice[0]::sub_bytes[0] ...
Checking proof obligations aes/599cc939::soft[0]::fixslice[0]::sub_bytes[0] ...
Proof succeeded! aes/599cc939::soft[0]::fixslice[0]::sub_bytes[0]
Verifying aes/599cc939::soft[0]::fixslice[0]::sub_bytes[0] ...
Simulating aes/599cc939::soft[0]::fixslice[0]::sub_bytes[0] ...
Checking proof obligations aes/599cc939::soft[0]::fixslice[0]::sub_bytes[0] ...
Proof succeeded! aes/599cc939::soft[0]::fixslice[0]::sub_bytes[0]
Verifying aes/599cc939::soft[0]::fixslice[0]::sub_bytes_nots[0] ...
Simulating aes/599cc939::soft[0]::fixslice[0]::sub_bytes_nots[0] ...
Checking proof obligations aes/599cc939::soft[0]::fixslice[0]::sub_bytes_nots[0] ...
Proof succeeded! aes/599cc939::soft[0]::fixslice[0]::sub_bytes_nots[0]
Verifying aes/599cc939::soft[0]::fixslice[0]::sub_bytes_nots[0] ...
Simulating aes/599cc939::soft[0]::fixslice[0]::sub_bytes_nots[0] ...
Checking proof obligations aes/599cc939::soft[0]::fixslice[0]::sub_bytes_nots[0] ...
Proof succeeded! aes/599cc939::soft[0]::fixslice[0]::sub_bytes_nots[0]
Verifying aes/599cc939::soft[0]::fixslice[0]::sub_bytes_nots[0] ...
Simulating aes/599cc939::soft[0]::fixslice[0]::sub_bytes_nots[0] ...
Checking proof obligations aes/599cc939::soft[0]::fixslice[0]::sub_bytes_nots[0] ...
Proof succeeded! aes/599cc939::soft[0]::fixslice[0]::sub_bytes_nots[0]
Verifying aes/599cc939::soft[0]::fixslice[0]::sub_bytes_nots[0] ...
Simulating aes/599cc939::soft[0]::fixslice[0]::sub_bytes_nots[0] ...
Checking proof obligations aes/599cc939::soft[0]::fixslice[0]::sub_bytes_nots[0] ...
Proof succeeded! aes/599cc939::soft[0]::fixslice[0]::sub_bytes_nots[0]
Verifying aes/599cc939::soft[0]::fixslice[0]::sub_bytes_nots[0] ...
Simulating aes/599cc939::soft[0]::fixslice[0]::sub_bytes_nots[0] ...
Checking proof obligations aes/599cc939::soft[0]::fixslice[0]::sub_bytes_nots[0] ...
Proof succeeded! aes/599cc939::soft[0]::fixslice[0]::sub_bytes_nots[0]
Verifying aes/599cc939::soft[0]::fixslice[0]::sub_bytes_nots[0] ...
Simulating aes/599cc939::soft[0]::fixslice[0]::sub_bytes_nots[0] ...
Checking proof obligations aes/599cc939::soft[0]::fixslice[0]::sub_bytes_nots[0] ...
Proof succeeded! aes/599cc939::soft[0]::fixslice[0]::sub_bytes_nots[0]
Verifying aes/599cc939::soft[0]::fixslice[0]::sub_bytes_nots[0] ...
Simulating aes/599cc939::soft[0]::fixslice[0]::sub_bytes_nots[0] ...
Checking proof obligations aes/599cc939::soft[0]::fixslice[0]::sub_bytes_nots[0] ...
Proof succeeded! aes/599cc939::soft[0]::fixslice[0]::sub_bytes_nots[0]
Verifying aes/599cc939::soft[0]::fixslice[0]::sub_bytes_nots[0] ...
Simulating aes/599cc939::soft[0]::fixslice[0]::sub_bytes_nots[0] ...
Checking proof obligations aes/599cc939::soft[0]::fixslice[0]::sub_bytes_nots[0] ...
Proof succeeded! aes/599cc939::soft[0]::fixslice[0]::sub_bytes_nots[0]
Verifying aes/599cc939::soft[0]::fixslice[0]::sub_bytes_nots[0] ...
Simulating aes/599cc939::soft[0]::fixslice[0]::sub_bytes_nots[0] ...
Checking proof obligations aes/599cc939::soft[0]::fixslice[0]::sub_bytes_nots[0] ...
Proof succeeded! aes/599cc939::soft[0]::fixslice[0]::sub_bytes_nots[0]
Verifying aes/599cc939::soft[0]::fixslice[0]::sub_bytes_nots[0] ...
Simulating aes/599cc939::soft[0]::fixslice[0]::sub_bytes_nots[0] ...
Checking proof obligations aes/599cc939::soft[0]::fixslice[0]::sub_bytes_nots[0] ...
Proof succeeded! aes/599cc939::soft[0]::fixslice[0]::sub_bytes_nots[0]
Verifying aes/599cc939::soft[0]::fixslice[0]::sub_bytes_nots[0] ...
Simulating aes/599cc939::soft[0]::fixslice[0]::sub_bytes_nots[0] ...
Checking proof obligations aes/599cc939::soft[0]::fixslice[0]::sub_bytes_nots[0] ...
Proof succeeded! aes/599cc939::soft[0]::fixslice[0]::sub_bytes_nots[0]
Verifying aes/599cc939::soft[0]::fixslice[0]::inv_shift_rows_1[0] ...
Simulating aes/599cc939::soft[0]::fixslice[0]::inv_shift_rows_1[0] ...
Checking proof obligations aes/599cc939::soft[0]::fixslice[0]::inv_shift_rows_1[0] ...
Proof succeeded! aes/599cc939::soft[0]::fixslice[0]::inv_shift_rows_1[0]
Verifying aes/599cc939::soft[0]::fixslice[0]::inv_shift_rows_1[0] ...
Simulating aes/599cc939::soft[0]::fixslice[0]::inv_shift_rows_1[0] ...
Checking proof obligations aes/599cc939::soft[0]::fixslice[0]::inv_shift_rows_1[0] ...
Proof succeeded! aes/599cc939::soft[0]::fixslice[0]::inv_shift_rows_1[0]
Verifying aes/599cc939::soft[0]::fixslice[0]::inv_shift_rows_1[0] ...
Simulating aes/599cc939::soft[0]::fixslice[0]::inv_shift_rows_1[0] ...
Checking proof obligations aes/599cc939::soft[0]::fixslice[0]::inv_shift_rows_1[0] ...
Proof succeeded! aes/599cc939::soft[0]::fixslice[0]::inv_shift_rows_1[0]
Verifying aes/599cc939::soft[0]::fixslice[0]::inv_shift_rows_1[0] ...
Simulating aes/599cc939::soft[0]::fixslice[0]::inv_shift_rows_1[0] ...
Checking proof obligations aes/599cc939::soft[0]::fixslice[0]::inv_shift_rows_1[0] ...
Proof succeeded! aes/599cc939::soft[0]::fixslice[0]::inv_shift_rows_1[0]
Verifying aes/599cc939::soft[0]::fixslice[0]::inv_shift_rows_1[0] ...
Simulating aes/599cc939::soft[0]::fixslice[0]::inv_shift_rows_1[0] ...
Checking proof obligations aes/599cc939::soft[0]::fixslice[0]::inv_shift_rows_1[0] ...
Proof succeeded! aes/599cc939::soft[0]::fixslice[0]::inv_shift_rows_1[0]
Verifying aes/599cc939::soft[0]::fixslice[0]::inv_shift_rows_1[0] ...
Simulating aes/599cc939::soft[0]::fixslice[0]::inv_shift_rows_1[0] ...
Checking proof obligations aes/599cc939::soft[0]::fixslice[0]::inv_shift_rows_1[0] ...
Proof succeeded! aes/599cc939::soft[0]::fixslice[0]::inv_shift_rows_1[0]
Verifying aes/599cc939::soft[0]::fixslice[0]::inv_shift_rows_1[0] ...
Simulating aes/599cc939::soft[0]::fixslice[0]::inv_shift_rows_1[0] ...
Checking proof obligations aes/599cc939::soft[0]::fixslice[0]::inv_shift_rows_1[0] ...
Proof succeeded! aes/599cc939::soft[0]::fixslice[0]::inv_shift_rows_1[0]
Verifying aes/599cc939::soft[0]::fixslice[0]::inv_shift_rows_1[0] ...
Simulating aes/599cc939::soft[0]::fixslice[0]::inv_shift_rows_1[0] ...
Checking proof obligations aes/599cc939::soft[0]::fixslice[0]::inv_shift_rows_1[0] ...
Proof succeeded! aes/599cc939::soft[0]::fixslice[0]::inv_shift_rows_1[0]
Verifying aes/599cc939::soft[0]::fixslice[0]::inv_shift_rows_1[0] ...
Simulating aes/599cc939::soft[0]::fixslice[0]::inv_shift_rows_1[0] ...
Checking proof obligations aes/599cc939::soft[0]::fixslice[0]::inv_shift_rows_1[0] ...
Proof succeeded! aes/599cc939::soft[0]::fixslice[0]::inv_shift_rows_1[0]
Verifying aes/599cc939::soft[0]::fixslice[0]::inv_shift_rows_1[0] ...
Simulating aes/599cc939::soft[0]::fixslice[0]::inv_shift_rows_1[0] ...
Checking proof obligations aes/599cc939::soft[0]::fixslice[0]::inv_shift_rows_1[0] ...
Proof succeeded! aes/599cc939::soft[0]::fixslice[0]::inv_shift_rows_1[0]
Verifying aes/599cc939::soft[0]::fixslice[0]::inv_shift_rows_1[0] ...
Simulating aes/599cc939::soft[0]::fixslice[0]::inv_shift_rows_1[0] ...
Checking proof obligations aes/599cc939::soft[0]::fixslice[0]::inv_shift_rows_1[0] ...
Proof succeeded! aes/599cc939::soft[0]::fixslice[0]::inv_shift_rows_1[0]
Verifying aes/599cc939::soft[0]::fixslice[0]::inv_shift_rows_2[0] ...
Simulating aes/599cc939::soft[0]::fixslice[0]::inv_shift_rows_2[0] ...
Checking proof obligations aes/599cc939::soft[0]::fixslice[0]::inv_shift_rows_2[0] ...
Proof succeeded! aes/599cc939::soft[0]::fixslice[0]::inv_shift_rows_2[0]
Verifying aes/599cc939::soft[0]::fixslice[0]::inv_shift_rows_2[0] ...
Simulating aes/599cc939::soft[0]::fixslice[0]::inv_shift_rows_2[0] ...
Checking proof obligations aes/599cc939::soft[0]::fixslice[0]::inv_shift_rows_2[0] ...
Proof succeeded! aes/599cc939::soft[0]::fixslice[0]::inv_shift_rows_2[0]
Verifying aes/599cc939::soft[0]::fixslice[0]::inv_shift_rows_2[0] ...
Simulating aes/599cc939::soft[0]::fixslice[0]::inv_shift_rows_2[0] ...
Checking proof obligations aes/599cc939::soft[0]::fixslice[0]::inv_shift_rows_2[0] ...
Proof succeeded! aes/599cc939::soft[0]::fixslice[0]::inv_shift_rows_2[0]
Verifying aes/599cc939::soft[0]::fixslice[0]::inv_shift_rows_2[0] ...
Simulating aes/599cc939::soft[0]::fixslice[0]::inv_shift_rows_2[0] ...
Checking proof obligations aes/599cc939::soft[0]::fixslice[0]::inv_shift_rows_2[0] ...
Proof succeeded! aes/599cc939::soft[0]::fixslice[0]::inv_shift_rows_2[0]
Verifying aes/599cc939::soft[0]::fixslice[0]::inv_shift_rows_2[0] ...
Simulating aes/599cc939::soft[0]::fixslice[0]::inv_shift_rows_2[0] ...
Checking proof obligations aes/599cc939::soft[0]::fixslice[0]::inv_shift_rows_2[0] ...
Proof succeeded! aes/599cc939::soft[0]::fixslice[0]::inv_shift_rows_2[0]
Verifying aes/599cc939::soft[0]::fixslice[0]::inv_shift_rows_2[0] ...
Simulating aes/599cc939::soft[0]::fixslice[0]::inv_shift_rows_2[0] ...
Checking proof obligations aes/599cc939::soft[0]::fixslice[0]::inv_shift_rows_2[0] ...
Proof succeeded! aes/599cc939::soft[0]::fixslice[0]::inv_shift_rows_2[0]
Verifying aes/599cc939::soft[0]::fixslice[0]::inv_shift_rows_2[0] ...
Simulating aes/599cc939::soft[0]::fixslice[0]::inv_shift_rows_2[0] ...
Checking proof obligations aes/599cc939::soft[0]::fixslice[0]::inv_shift_rows_2[0] ...
Proof succeeded! aes/599cc939::soft[0]::fixslice[0]::inv_shift_rows_2[0]
Verifying aes/599cc939::soft[0]::fixslice[0]::inv_shift_rows_2[0] ...
Simulating aes/599cc939::soft[0]::fixslice[0]::inv_shift_rows_2[0] ...
Checking proof obligations aes/599cc939::soft[0]::fixslice[0]::inv_shift_rows_2[0] ...
Proof succeeded! aes/599cc939::soft[0]::fixslice[0]::inv_shift_rows_2[0]
Verifying aes/599cc939::soft[0]::fixslice[0]::inv_shift_rows_2[0] ...
Simulating aes/599cc939::soft[0]::fixslice[0]::inv_shift_rows_2[0] ...
Checking proof obligations aes/599cc939::soft[0]::fixslice[0]::inv_shift_rows_2[0] ...
Proof succeeded! aes/599cc939::soft[0]::fixslice[0]::inv_shift_rows_2[0]
Verifying aes/599cc939::soft[0]::fixslice[0]::inv_shift_rows_2[0] ...
Simulating aes/599cc939::soft[0]::fixslice[0]::inv_shift_rows_2[0] ...
Checking proof obligations aes/599cc939::soft[0]::fixslice[0]::inv_shift_rows_2[0] ...
Proof succeeded! aes/599cc939::soft[0]::fixslice[0]::inv_shift_rows_2[0]
Verifying aes/599cc939::soft[0]::fixslice[0]::inv_shift_rows_2[0] ...
Simulating aes/599cc939::soft[0]::fixslice[0]::inv_shift_rows_2[0] ...
Checking proof obligations aes/599cc939::soft[0]::fixslice[0]::inv_shift_rows_2[0] ...
Proof succeeded! aes/599cc939::soft[0]::fixslice[0]::inv_shift_rows_2[0]
Verifying aes/599cc939::soft[0]::fixslice[0]::inv_shift_rows_3[0] ...
Simulating aes/599cc939::soft[0]::fixslice[0]::inv_shift_rows_3[0] ...
Checking proof obligations aes/599cc939::soft[0]::fixslice[0]::inv_shift_rows_3[0] ...
Proof succeeded! aes/599cc939::soft[0]::fixslice[0]::inv_shift_rows_3[0]
Verifying aes/599cc939::soft[0]::fixslice[0]::inv_shift_rows_3[0] ...
Simulating aes/599cc939::soft[0]::fixslice[0]::inv_shift_rows_3[0] ...
Checking proof obligations aes/599cc939::soft[0]::fixslice[0]::inv_shift_rows_3[0] ...
Proof succeeded! aes/599cc939::soft[0]::fixslice[0]::inv_shift_rows_3[0]
Verifying aes/599cc939::soft[0]::fixslice[0]::inv_shift_rows_3[0] ...
Simulating aes/599cc939::soft[0]::fixslice[0]::inv_shift_rows_3[0] ...
Checking proof obligations aes/599cc939::soft[0]::fixslice[0]::inv_shift_rows_3[0] ...
Proof succeeded! aes/599cc939::soft[0]::fixslice[0]::inv_shift_rows_3[0]
Verifying aes/599cc939::soft[0]::fixslice[0]::inv_shift_rows_3[0] ...
Simulating aes/599cc939::soft[0]::fixslice[0]::inv_shift_rows_3[0] ...
Checking proof obligations aes/599cc939::soft[0]::fixslice[0]::inv_shift_rows_3[0] ...
Proof succeeded! aes/599cc939::soft[0]::fixslice[0]::inv_shift_rows_3[0]
Verifying aes/599cc939::soft[0]::fixslice[0]::inv_shift_rows_3[0] ...
Simulating aes/599cc939::soft[0]::fixslice[0]::inv_shift_rows_3[0] ...
Checking proof obligations aes/599cc939::soft[0]::fixslice[0]::inv_shift_rows_3[0] ...
Proof succeeded! aes/599cc939::soft[0]::fixslice[0]::inv_shift_rows_3[0]
Verifying aes/599cc939::soft[0]::fixslice[0]::inv_shift_rows_3[0] ...
Simulating aes/599cc939::soft[0]::fixslice[0]::inv_shift_rows_3[0] ...
Checking proof obligations aes/599cc939::soft[0]::fixslice[0]::inv_shift_rows_3[0] ...
Proof succeeded! aes/599cc939::soft[0]::fixslice[0]::inv_shift_rows_3[0]
Verifying aes/599cc939::soft[0]::fixslice[0]::inv_shift_rows_3[0] ...
Simulating aes/599cc939::soft[0]::fixslice[0]::inv_shift_rows_3[0] ...
Checking proof obligations aes/599cc939::soft[0]::fixslice[0]::inv_shift_rows_3[0] ...
Proof succeeded! aes/599cc939::soft[0]::fixslice[0]::inv_shift_rows_3[0]
Verifying aes/599cc939::soft[0]::fixslice[0]::inv_shift_rows_3[0] ...
Simulating aes/599cc939::soft[0]::fixslice[0]::inv_shift_rows_3[0] ...
Checking proof obligations aes/599cc939::soft[0]::fixslice[0]::inv_shift_rows_3[0] ...
Proof succeeded! aes/599cc939::soft[0]::fixslice[0]::inv_shift_rows_3[0]
Verifying aes/599cc939::soft[0]::fixslice[0]::inv_shift_rows_3[0] ...
Simulating aes/599cc939::soft[0]::fixslice[0]::inv_shift_rows_3[0] ...
Checking proof obligations aes/599cc939::soft[0]::fixslice[0]::inv_shift_rows_3[0] ...
Proof succeeded! aes/599cc939::soft[0]::fixslice[0]::inv_shift_rows_3[0]
Verifying aes/599cc939::soft[0]::fixslice[0]::inv_shift_rows_3[0] ...
Simulating aes/599cc939::soft[0]::fixslice[0]::inv_shift_rows_3[0] ...
Checking proof obligations aes/599cc939::soft[0]::fixslice[0]::inv_shift_rows_3[0] ...
Proof succeeded! aes/599cc939::soft[0]::fixslice[0]::inv_shift_rows_3[0]
Verifying aes/599cc939::soft[0]::fixslice[0]::inv_shift_rows_3[0] ...
Simulating aes/599cc939::soft[0]::fixslice[0]::inv_shift_rows_3[0] ...
Checking proof obligations aes/599cc939::soft[0]::fixslice[0]::inv_shift_rows_3[0] ...
Proof succeeded! aes/599cc939::soft[0]::fixslice[0]::inv_shift_rows_3[0]
Verifying aes/599cc939::soft[0]::fixslice[0]::aes128_key_schedule[0] ...
Simulating aes/599cc939::soft[0]::fixslice[0]::aes128_key_schedule[0] ...
Matching 1 overrides of  aes/599cc939::soft[0]::fixslice[0]::bitslice[0] ...
Branching on 1 override variants of aes/599cc939::soft[0]::fixslice[0]::bitslice[0] ...
Applied override! aes/599cc939::soft[0]::fixslice[0]::bitslice[0]
Matching 12 overrides of  aes/599cc939::soft[0]::fixslice[0]::sub_bytes[0] ...
Branching on 2 override variants of aes/599cc939::soft[0]::fixslice[0]::sub_bytes[0] ...
Applied override! aes/599cc939::soft[0]::fixslice[0]::sub_bytes[0]
Matching 12 overrides of  aes/599cc939::soft[0]::fixslice[0]::sub_bytes_nots[0] ...
Branching on 2 override variants of aes/599cc939::soft[0]::fixslice[0]::sub_bytes_nots[0] ...
Applied override! aes/599cc939::soft[0]::fixslice[0]::sub_bytes_nots[0]
Matching 12 overrides of  aes/599cc939::soft[0]::fixslice[0]::sub_bytes[0] ...
Branching on 2 override variants of aes/599cc939::soft[0]::fixslice[0]::sub_bytes[0] ...
Applied override! aes/599cc939::soft[0]::fixslice[0]::sub_bytes[0]
Matching 12 overrides of  aes/599cc939::soft[0]::fixslice[0]::sub_bytes_nots[0] ...
Branching on 2 override variants of aes/599cc939::soft[0]::fixslice[0]::sub_bytes_nots[0] ...
Applied override! aes/599cc939::soft[0]::fixslice[0]::sub_bytes_nots[0]
Matching 12 overrides of  aes/599cc939::soft[0]::fixslice[0]::sub_bytes[0] ...
Branching on 2 override variants of aes/599cc939::soft[0]::fixslice[0]::sub_bytes[0] ...
Applied override! aes/599cc939::soft[0]::fixslice[0]::sub_bytes[0]
Matching 12 overrides of  aes/599cc939::soft[0]::fixslice[0]::sub_bytes_nots[0] ...
Branching on 2 override variants of aes/599cc939::soft[0]::fixslice[0]::sub_bytes_nots[0] ...
Applied override! aes/599cc939::soft[0]::fixslice[0]::sub_bytes_nots[0]
Matching 12 overrides of  aes/599cc939::soft[0]::fixslice[0]::sub_bytes[0] ...
Branching on 2 override variants of aes/599cc939::soft[0]::fixslice[0]::sub_bytes[0] ...
Applied override! aes/599cc939::soft[0]::fixslice[0]::sub_bytes[0]
Matching 12 overrides of  aes/599cc939::soft[0]::fixslice[0]::sub_bytes_nots[0] ...
Branching on 2 override variants of aes/599cc939::soft[0]::fixslice[0]::sub_bytes_nots[0] ...
Applied override! aes/599cc939::soft[0]::fixslice[0]::sub_bytes_nots[0]
Matching 12 overrides of  aes/599cc939::soft[0]::fixslice[0]::sub_bytes[0] ...
Branching on 2 override variants of aes/599cc939::soft[0]::fixslice[0]::sub_bytes[0] ...
Applied override! aes/599cc939::soft[0]::fixslice[0]::sub_bytes[0]
Matching 12 overrides of  aes/599cc939::soft[0]::fixslice[0]::sub_bytes_nots[0] ...
Branching on 2 override variants of aes/599cc939::soft[0]::fixslice[0]::sub_bytes_nots[0] ...
Applied override! aes/599cc939::soft[0]::fixslice[0]::sub_bytes_nots[0]
Matching 12 overrides of  aes/599cc939::soft[0]::fixslice[0]::sub_bytes[0] ...
Branching on 2 override variants of aes/599cc939::soft[0]::fixslice[0]::sub_bytes[0] ...
Applied override! aes/599cc939::soft[0]::fixslice[0]::sub_bytes[0]
Matching 12 overrides of  aes/599cc939::soft[0]::fixslice[0]::sub_bytes_nots[0] ...
Branching on 2 override variants of aes/599cc939::soft[0]::fixslice[0]::sub_bytes_nots[0] ...
Applied override! aes/599cc939::soft[0]::fixslice[0]::sub_bytes_nots[0]
Matching 12 overrides of  aes/599cc939::soft[0]::fixslice[0]::sub_bytes[0] ...
Branching on 2 override variants of aes/599cc939::soft[0]::fixslice[0]::sub_bytes[0] ...
Applied override! aes/599cc939::soft[0]::fixslice[0]::sub_bytes[0]
Matching 12 overrides of  aes/599cc939::soft[0]::fixslice[0]::sub_bytes_nots[0] ...
Branching on 2 override variants of aes/599cc939::soft[0]::fixslice[0]::sub_bytes_nots[0] ...
Applied override! aes/599cc939::soft[0]::fixslice[0]::sub_bytes_nots[0]
Matching 12 overrides of  aes/599cc939::soft[0]::fixslice[0]::sub_bytes[0] ...
Branching on 2 override variants of aes/599cc939::soft[0]::fixslice[0]::sub_bytes[0] ...
Applied override! aes/599cc939::soft[0]::fixslice[0]::sub_bytes[0]
Matching 12 overrides of  aes/599cc939::soft[0]::fixslice[0]::sub_bytes_nots[0] ...
Branching on 2 override variants of aes/599cc939::soft[0]::fixslice[0]::sub_bytes_nots[0] ...
Applied override! aes/599cc939::soft[0]::fixslice[0]::sub_bytes_nots[0]
Matching 12 overrides of  aes/599cc939::soft[0]::fixslice[0]::sub_bytes[0] ...
Branching on 2 override variants of aes/599cc939::soft[0]::fixslice[0]::sub_bytes[0] ...
Applied override! aes/599cc939::soft[0]::fixslice[0]::sub_bytes[0]
Matching 12 overrides of  aes/599cc939::soft[0]::fixslice[0]::sub_bytes_nots[0] ...
Branching on 2 override variants of aes/599cc939::soft[0]::fixslice[0]::sub_bytes_nots[0] ...
Applied override! aes/599cc939::soft[0]::fixslice[0]::sub_bytes_nots[0]
Matching 12 overrides of  aes/599cc939::soft[0]::fixslice[0]::sub_bytes[0] ...
Branching on 2 override variants of aes/599cc939::soft[0]::fixslice[0]::sub_bytes[0] ...
Applied override! aes/599cc939::soft[0]::fixslice[0]::sub_bytes[0]
Matching 12 overrides of  aes/599cc939::soft[0]::fixslice[0]::sub_bytes_nots[0] ...
Branching on 2 override variants of aes/599cc939::soft[0]::fixslice[0]::sub_bytes_nots[0] ...
Applied override! aes/599cc939::soft[0]::fixslice[0]::sub_bytes_nots[0]
Matching 11 overrides of  aes/599cc939::soft[0]::fixslice[0]::inv_shift_rows_1[0] ...
Branching on 1 override variants of aes/599cc939::soft[0]::fixslice[0]::inv_shift_rows_1[0] ...
Applied override! aes/599cc939::soft[0]::fixslice[0]::inv_shift_rows_1[0]
Matching 11 overrides of  aes/599cc939::soft[0]::fixslice[0]::inv_shift_rows_2[0] ...
Branching on 1 override variants of aes/599cc939::soft[0]::fixslice[0]::inv_shift_rows_2[0] ...
Applied override! aes/599cc939::soft[0]::fixslice[0]::inv_shift_rows_2[0]
Matching 11 overrides of  aes/599cc939::soft[0]::fixslice[0]::inv_shift_rows_3[0] ...
Branching on 1 override variants of aes/599cc939::soft[0]::fixslice[0]::inv_shift_rows_3[0] ...
Applied override! aes/599cc939::soft[0]::fixslice[0]::inv_shift_rows_3[0]
Matching 11 overrides of  aes/599cc939::soft[0]::fixslice[0]::inv_shift_rows_1[0] ...
Branching on 1 override variants of aes/599cc939::soft[0]::fixslice[0]::inv_shift_rows_1[0] ...
Applied override! aes/599cc939::soft[0]::fixslice[0]::inv_shift_rows_1[0]
Matching 11 overrides of  aes/599cc939::soft[0]::fixslice[0]::inv_shift_rows_2[0] ...
Branching on 1 override variants of aes/599cc939::soft[0]::fixslice[0]::inv_shift_rows_2[0] ...
Applied override! aes/599cc939::soft[0]::fixslice[0]::inv_shift_rows_2[0]
Matching 11 overrides of  aes/599cc939::soft[0]::fixslice[0]::inv_shift_rows_3[0] ...
Branching on 1 override variants of aes/599cc939::soft[0]::fixslice[0]::inv_shift_rows_3[0] ...
Applied override! aes/599cc939::soft[0]::fixslice[0]::inv_shift_rows_3[0]
Matching 11 overrides of  aes/599cc939::soft[0]::fixslice[0]::inv_shift_rows_1[0] ...
Branching on 1 override variants of aes/599cc939::soft[0]::fixslice[0]::inv_shift_rows_1[0] ...
Applied override! aes/599cc939::soft[0]::fixslice[0]::inv_shift_rows_1[0]
Matching 12 overrides of  aes/599cc939::soft[0]::fixslice[0]::sub_bytes_nots[0] ...
Branching on 2 override variants of aes/599cc939::soft[0]::fixslice[0]::sub_bytes_nots[0] ...
Applied override! aes/599cc939::soft[0]::fixslice[0]::sub_bytes_nots[0]
Matching 12 overrides of  aes/599cc939::soft[0]::fixslice[0]::sub_bytes_nots[0] ...
Branching on 2 override variants of aes/599cc939::soft[0]::fixslice[0]::sub_bytes_nots[0] ...
Applied override! aes/599cc939::soft[0]::fixslice[0]::sub_bytes_nots[0]
Matching 12 overrides of  aes/599cc939::soft[0]::fixslice[0]::sub_bytes_nots[0] ...
Branching on 2 override variants of aes/599cc939::soft[0]::fixslice[0]::sub_bytes_nots[0] ...
Applied override! aes/599cc939::soft[0]::fixslice[0]::sub_bytes_nots[0]
Matching 12 overrides of  aes/599cc939::soft[0]::fixslice[0]::sub_bytes_nots[0] ...
Branching on 2 override variants of aes/599cc939::soft[0]::fixslice[0]::sub_bytes_nots[0] ...
Applied override! aes/599cc939::soft[0]::fixslice[0]::sub_bytes_nots[0]
Matching 12 overrides of  aes/599cc939::soft[0]::fixslice[0]::sub_bytes_nots[0] ...
Branching on 2 override variants of aes/599cc939::soft[0]::fixslice[0]::sub_bytes_nots[0] ...
Applied override! aes/599cc939::soft[0]::fixslice[0]::sub_bytes_nots[0]
Matching 12 overrides of  aes/599cc939::soft[0]::fixslice[0]::sub_bytes_nots[0] ...
Branching on 2 override variants of aes/599cc939::soft[0]::fixslice[0]::sub_bytes_nots[0] ...
Applied override! aes/599cc939::soft[0]::fixslice[0]::sub_bytes_nots[0]
Matching 12 overrides of  aes/599cc939::soft[0]::fixslice[0]::sub_bytes_nots[0] ...
Branching on 2 override variants of aes/599cc939::soft[0]::fixslice[0]::sub_bytes_nots[0] ...
Applied override! aes/599cc939::soft[0]::fixslice[0]::sub_bytes_nots[0]
Matching 12 overrides of  aes/599cc939::soft[0]::fixslice[0]::sub_bytes_nots[0] ...
Branching on 2 override variants of aes/599cc939::soft[0]::fixslice[0]::sub_bytes_nots[0] ...
Applied override! aes/599cc939::soft[0]::fixslice[0]::sub_bytes_nots[0]
Matching 12 overrides of  aes/599cc939::soft[0]::fixslice[0]::sub_bytes_nots[0] ...
Branching on 2 override variants of aes/599cc939::soft[0]::fixslice[0]::sub_bytes_nots[0] ...
Applied override! aes/599cc939::soft[0]::fixslice[0]::sub_bytes_nots[0]
Matching 12 overrides of  aes/599cc939::soft[0]::fixslice[0]::sub_bytes_nots[0] ...
Branching on 2 override variants of aes/599cc939::soft[0]::fixslice[0]::sub_bytes_nots[0] ...
Applied override! aes/599cc939::soft[0]::fixslice[0]::sub_bytes_nots[0]
Checking proof obligations aes/599cc939::soft[0]::fixslice[0]::aes128_key_schedule[0] ...
Starting RME
Proof succeeded! aes/599cc939::soft[0]::fixslice[0]::aes128_key_schedule[0]
Verifying aes/599cc939::soft[0]::fixslice[0]::mix_columns_0[0] ...
Simulating aes/599cc939::soft[0]::fixslice[0]::mix_columns_0[0] ...
Checking proof obligations aes/599cc939::soft[0]::fixslice[0]::mix_columns_0[0] ...
Proof succeeded! aes/599cc939::soft[0]::fixslice[0]::mix_columns_0[0]
Verifying aes/599cc939::soft[0]::fixslice[0]::mix_columns_1[0] ...
Simulating aes/599cc939::soft[0]::fixslice[0]::mix_columns_1[0] ...
Checking proof obligations aes/599cc939::soft[0]::fixslice[0]::mix_columns_1[0] ...
Proof succeeded! aes/599cc939::soft[0]::fixslice[0]::mix_columns_1[0]
Verifying aes/599cc939::soft[0]::fixslice[0]::mix_columns_2[0] ...
Simulating aes/599cc939::soft[0]::fixslice[0]::mix_columns_2[0] ...
Checking proof obligations aes/599cc939::soft[0]::fixslice[0]::mix_columns_2[0] ...
Proof succeeded! aes/599cc939::soft[0]::fixslice[0]::mix_columns_2[0]
Verifying aes/599cc939::soft[0]::fixslice[0]::mix_columns_3[0] ...
Simulating aes/599cc939::soft[0]::fixslice[0]::mix_columns_3[0] ...
Checking proof obligations aes/599cc939::soft[0]::fixslice[0]::mix_columns_3[0] ...
Proof succeeded! aes/599cc939::soft[0]::fixslice[0]::mix_columns_3[0]
Verifying aes/599cc939::soft[0]::fixslice[0]::aes128_encrypt[0] ...
Simulating aes/599cc939::soft[0]::fixslice[0]::aes128_encrypt[0] ...
Matching 1 overrides of  aes/599cc939::soft[0]::fixslice[0]::bitslice[0] ...
Branching on 1 override variants of aes/599cc939::soft[0]::fixslice[0]::bitslice[0] ...
Applied override! aes/599cc939::soft[0]::fixslice[0]::bitslice[0]
Matching 11 overrides of  aes/599cc939::soft[0]::fixslice[0]::add_round_key[0] ...
Branching on 1 override variants of aes/599cc939::soft[0]::fixslice[0]::add_round_key[0] ...
Applied override! aes/599cc939::soft[0]::fixslice[0]::add_round_key[0]
Matching 1 overrides of  aes/599cc939::soft[0]::fixslice[0]::sub_bytes[0] ...
Branching on 1 override variants of aes/599cc939::soft[0]::fixslice[0]::sub_bytes[0] ...
Applied override! aes/599cc939::soft[0]::fixslice[0]::sub_bytes[0]
Matching 1 overrides of  aes/599cc939::soft[0]::fixslice[0]::mix_columns_1[0] ...
Branching on 1 override variants of aes/599cc939::soft[0]::fixslice[0]::mix_columns_1[0] ...
Applied override! aes/599cc939::soft[0]::fixslice[0]::mix_columns_1[0]
Matching 11 overrides of  aes/599cc939::soft[0]::fixslice[0]::add_round_key[0] ...
Branching on 1 override variants of aes/599cc939::soft[0]::fixslice[0]::add_round_key[0] ...
Applied override! aes/599cc939::soft[0]::fixslice[0]::add_round_key[0]
Matching 1 overrides of  aes/599cc939::soft[0]::fixslice[0]::sub_bytes[0] ...
Branching on 1 override variants of aes/599cc939::soft[0]::fixslice[0]::sub_bytes[0] ...
Applied override! aes/599cc939::soft[0]::fixslice[0]::sub_bytes[0]
Matching 1 overrides of  aes/599cc939::soft[0]::fixslice[0]::mix_columns_2[0] ...
Branching on 1 override variants of aes/599cc939::soft[0]::fixslice[0]::mix_columns_2[0] ...
Applied override! aes/599cc939::soft[0]::fixslice[0]::mix_columns_2[0]
Matching 11 overrides of  aes/599cc939::soft[0]::fixslice[0]::add_round_key[0] ...
Branching on 1 override variants of aes/599cc939::soft[0]::fixslice[0]::add_round_key[0] ...
Applied override! aes/599cc939::soft[0]::fixslice[0]::add_round_key[0]
Matching 1 overrides of  aes/599cc939::soft[0]::fixslice[0]::sub_bytes[0] ...
Branching on 1 override variants of aes/599cc939::soft[0]::fixslice[0]::sub_bytes[0] ...
Applied override! aes/599cc939::soft[0]::fixslice[0]::sub_bytes[0]
Matching 1 overrides of  aes/599cc939::soft[0]::fixslice[0]::mix_columns_3[0] ...
Branching on 1 override variants of aes/599cc939::soft[0]::fixslice[0]::mix_columns_3[0] ...
Applied override! aes/599cc939::soft[0]::fixslice[0]::mix_columns_3[0]
Matching 11 overrides of  aes/599cc939::soft[0]::fixslice[0]::add_round_key[0] ...
Branching on 1 override variants of aes/599cc939::soft[0]::fixslice[0]::add_round_key[0] ...
Applied override! aes/599cc939::soft[0]::fixslice[0]::add_round_key[0]
Matching 1 overrides of  aes/599cc939::soft[0]::fixslice[0]::sub_bytes[0] ...
Branching on 1 override variants of aes/599cc939::soft[0]::fixslice[0]::sub_bytes[0] ...
Applied override! aes/599cc939::soft[0]::fixslice[0]::sub_bytes[0]
Matching 1 overrides of  aes/599cc939::soft[0]::fixslice[0]::mix_columns_0[0] ...
Branching on 1 override variants of aes/599cc939::soft[0]::fixslice[0]::mix_columns_0[0] ...
Applied override! aes/599cc939::soft[0]::fixslice[0]::mix_columns_0[0]
Matching 11 overrides of  aes/599cc939::soft[0]::fixslice[0]::add_round_key[0] ...
Branching on 1 override variants of aes/599cc939::soft[0]::fixslice[0]::add_round_key[0] ...
Applied override! aes/599cc939::soft[0]::fixslice[0]::add_round_key[0]
Matching 1 overrides of  aes/599cc939::soft[0]::fixslice[0]::sub_bytes[0] ...
Branching on 1 override variants of aes/599cc939::soft[0]::fixslice[0]::sub_bytes[0] ...
Applied override! aes/599cc939::soft[0]::fixslice[0]::sub_bytes[0]
Matching 1 overrides of  aes/599cc939::soft[0]::fixslice[0]::mix_columns_1[0] ...
Branching on 1 override variants of aes/599cc939::soft[0]::fixslice[0]::mix_columns_1[0] ...
Applied override! aes/599cc939::soft[0]::fixslice[0]::mix_columns_1[0]
Matching 11 overrides of  aes/599cc939::soft[0]::fixslice[0]::add_round_key[0] ...
Branching on 1 override variants of aes/599cc939::soft[0]::fixslice[0]::add_round_key[0] ...
Applied override! aes/599cc939::soft[0]::fixslice[0]::add_round_key[0]
Matching 1 overrides of  aes/599cc939::soft[0]::fixslice[0]::sub_bytes[0] ...
Branching on 1 override variants of aes/599cc939::soft[0]::fixslice[0]::sub_bytes[0] ...
Applied override! aes/599cc939::soft[0]::fixslice[0]::sub_bytes[0]
Matching 1 overrides of  aes/599cc939::soft[0]::fixslice[0]::mix_columns_2[0] ...
Branching on 1 override variants of aes/599cc939::soft[0]::fixslice[0]::mix_columns_2[0] ...
Applied override! aes/599cc939::soft[0]::fixslice[0]::mix_columns_2[0]
Matching 11 overrides of  aes/599cc939::soft[0]::fixslice[0]::add_round_key[0] ...
Branching on 1 override variants of aes/599cc939::soft[0]::fixslice[0]::add_round_key[0] ...
Applied override! aes/599cc939::soft[0]::fixslice[0]::add_round_key[0]
Matching 1 overrides of  aes/599cc939::soft[0]::fixslice[0]::sub_bytes[0] ...
Branching on 1 override variants of aes/599cc939::soft[0]::fixslice[0]::sub_bytes[0] ...
Applied override! aes/599cc939::soft[0]::fixslice[0]::sub_bytes[0]
Matching 1 overrides of  aes/599cc939::soft[0]::fixslice[0]::mix_columns_3[0] ...
Branching on 1 override variants of aes/599cc939::soft[0]::fixslice[0]::mix_columns_3[0] ...
Applied override! aes/599cc939::soft[0]::fixslice[0]::mix_columns_3[0]
Matching 11 overrides of  aes/599cc939::soft[0]::fixslice[0]::add_round_key[0] ...
Branching on 1 override variants of aes/599cc939::soft[0]::fixslice[0]::add_round_key[0] ...
Applied override! aes/599cc939::soft[0]::fixslice[0]::add_round_key[0]
Matching 1 overrides of  aes/599cc939::soft[0]::fixslice[0]::sub_bytes[0] ...
Branching on 1 override variants of aes/599cc939::soft[0]::fixslice[0]::sub_bytes[0] ...
Applied override! aes/599cc939::soft[0]::fixslice[0]::sub_bytes[0]
Matching 1 overrides of  aes/599cc939::soft[0]::fixslice[0]::mix_columns_0[0] ...
Branching on 1 override variants of aes/599cc939::soft[0]::fixslice[0]::mix_columns_0[0] ...
Applied override! aes/599cc939::soft[0]::fixslice[0]::mix_columns_0[0]
Matching 11 overrides of  aes/599cc939::soft[0]::fixslice[0]::add_round_key[0] ...
Branching on 1 override variants of aes/599cc939::soft[0]::fixslice[0]::add_round_key[0] ...
Applied override! aes/599cc939::soft[0]::fixslice[0]::add_round_key[0]
Matching 1 overrides of  aes/599cc939::soft[0]::fixslice[0]::sub_bytes[0] ...
Branching on 1 override variants of aes/599cc939::soft[0]::fixslice[0]::sub_bytes[0] ...
Applied override! aes/599cc939::soft[0]::fixslice[0]::sub_bytes[0]
Matching 1 overrides of  aes/599cc939::soft[0]::fixslice[0]::mix_columns_1[0] ...
Branching on 1 override variants of aes/599cc939::soft[0]::fixslice[0]::mix_columns_1[0] ...
Applied override! aes/599cc939::soft[0]::fixslice[0]::mix_columns_1[0]
Matching 11 overrides of  aes/599cc939::soft[0]::fixslice[0]::add_round_key[0] ...
Branching on 1 override variants of aes/599cc939::soft[0]::fixslice[0]::add_round_key[0] ...
Applied override! aes/599cc939::soft[0]::fixslice[0]::add_round_key[0]
Matching 1 overrides of  aes/599cc939::soft[0]::fixslice[0]::shift_rows_2[0] ...
Branching on 1 override variants of aes/599cc939::soft[0]::fixslice[0]::shift_rows_2[0] ...
Applied override! aes/599cc939::soft[0]::fixslice[0]::shift_rows_2[0]
Matching 1 overrides of  aes/599cc939::soft[0]::fixslice[0]::sub_bytes[0] ...
Branching on 1 override variants of aes/599cc939::soft[0]::fixslice[0]::sub_bytes[0] ...
Applied override! aes/599cc939::soft[0]::fixslice[0]::sub_bytes[0]
Matching 11 overrides of  aes/599cc939::soft[0]::fixslice[0]::add_round_key[0] ...
Branching on 1 override variants of aes/599cc939::soft[0]::fixslice[0]::add_round_key[0] ...
Applied override! aes/599cc939::soft[0]::fixslice[0]::add_round_key[0]
Matching 1 overrides of  aes/599cc939::soft[0]::fixslice[0]::inv_bitslice[0] ...
Branching on 1 override variants of aes/599cc939::soft[0]::fixslice[0]::inv_bitslice[0] ...
Applied override! aes/599cc939::soft[0]::fixslice[0]::inv_bitslice[0]
Checking proof obligations aes/599cc939::soft[0]::fixslice[0]::aes128_encrypt[0] ...
Starting RME
Starting RME
Starting RME
Starting RME
Proof succeeded! aes/599cc939::soft[0]::fixslice[0]::aes128_encrypt[0]
Verifying aes_verif/65c7dccb::toplevel_encrypt_block_128[0] ...
Simulating aes_verif/65c7dccb::toplevel_encrypt_block_128[0] ...
Matching 1 overrides of  aes/599cc939::soft[0]::fixslice[0]::aes128_key_schedule[0] ...
Branching on 1 override variants of aes/599cc939::soft[0]::fixslice[0]::aes128_key_schedule[0] ...
Applied override! aes/599cc939::soft[0]::fixslice[0]::aes128_key_schedule[0]
Matching 1 overrides of  aes/599cc939::soft[0]::fixslice[0]::aes128_encrypt[0] ...
Branching on 1 override variants of aes/599cc939::soft[0]::fixslice[0]::aes128_encrypt[0] ...
Applied override! aes/599cc939::soft[0]::fixslice[0]::aes128_encrypt[0]
Checking proof obligations aes_verif/65c7dccb::toplevel_encrypt_block_128[0] ...
Proof succeeded! aes_verif/65c7dccb::toplevel_encrypt_block_128[0]
Verifying aes/599cc939::soft[0]::fixslice[0]::inv_sub_bytes[0] ...
Simulating aes/599cc939::soft[0]::fixslice[0]::inv_sub_bytes[0] ...
Checking proof obligations aes/599cc939::soft[0]::fixslice[0]::inv_sub_bytes[0] ...
Proof succeeded! aes/599cc939::soft[0]::fixslice[0]::inv_sub_bytes[0]
Verifying aes/599cc939::soft[0]::fixslice[0]::inv_shift_rows_2[0] ...
Simulating aes/599cc939::soft[0]::fixslice[0]::inv_shift_rows_2[0] ...
Checking proof obligations aes/599cc939::soft[0]::fixslice[0]::inv_shift_rows_2[0] ...
Proof succeeded! aes/599cc939::soft[0]::fixslice[0]::inv_shift_rows_2[0]
Verifying aes/599cc939::soft[0]::fixslice[0]::inv_mix_columns_0[0] ...
Simulating aes/599cc939::soft[0]::fixslice[0]::inv_mix_columns_0[0] ...
Checking proof obligations aes/599cc939::soft[0]::fixslice[0]::inv_mix_columns_0[0] ...
Proof succeeded! aes/599cc939::soft[0]::fixslice[0]::inv_mix_columns_0[0]
Verifying aes/599cc939::soft[0]::fixslice[0]::inv_mix_columns_1[0] ...
Simulating aes/599cc939::soft[0]::fixslice[0]::inv_mix_columns_1[0] ...
Checking proof obligations aes/599cc939::soft[0]::fixslice[0]::inv_mix_columns_1[0] ...
Proof succeeded! aes/599cc939::soft[0]::fixslice[0]::inv_mix_columns_1[0]
Verifying aes/599cc939::soft[0]::fixslice[0]::inv_mix_columns_2[0] ...
Simulating aes/599cc939::soft[0]::fixslice[0]::inv_mix_columns_2[0] ...
Checking proof obligations aes/599cc939::soft[0]::fixslice[0]::inv_mix_columns_2[0] ...
Proof succeeded! aes/599cc939::soft[0]::fixslice[0]::inv_mix_columns_2[0]
Verifying aes/599cc939::soft[0]::fixslice[0]::inv_mix_columns_3[0] ...
Simulating aes/599cc939::soft[0]::fixslice[0]::inv_mix_columns_3[0] ...
Checking proof obligations aes/599cc939::soft[0]::fixslice[0]::inv_mix_columns_3[0] ...
Proof succeeded! aes/599cc939::soft[0]::fixslice[0]::inv_mix_columns_3[0]
Verifying aes/599cc939::soft[0]::fixslice[0]::aes128_decrypt[0] ...
Simulating aes/599cc939::soft[0]::fixslice[0]::aes128_decrypt[0] ...
Matching 1 overrides of  aes/599cc939::soft[0]::fixslice[0]::bitslice[0] ...
Branching on 1 override variants of aes/599cc939::soft[0]::fixslice[0]::bitslice[0] ...
Applied override! aes/599cc939::soft[0]::fixslice[0]::bitslice[0]
Matching 11 overrides of  aes/599cc939::soft[0]::fixslice[0]::add_round_key[0] ...
Branching on 1 override variants of aes/599cc939::soft[0]::fixslice[0]::add_round_key[0] ...
Applied override! aes/599cc939::soft[0]::fixslice[0]::add_round_key[0]
Matching 1 overrides of  aes/599cc939::soft[0]::fixslice[0]::inv_sub_bytes[0] ...
Branching on 1 override variants of aes/599cc939::soft[0]::fixslice[0]::inv_sub_bytes[0] ...
Applied override! aes/599cc939::soft[0]::fixslice[0]::inv_sub_bytes[0]
Matching 1 overrides of  aes/599cc939::soft[0]::fixslice[0]::inv_shift_rows_2[0] ...
Branching on 1 override variants of aes/599cc939::soft[0]::fixslice[0]::inv_shift_rows_2[0] ...
Applied override! aes/599cc939::soft[0]::fixslice[0]::inv_shift_rows_2[0]
Matching 11 overrides of  aes/599cc939::soft[0]::fixslice[0]::add_round_key[0] ...
Branching on 1 override variants of aes/599cc939::soft[0]::fixslice[0]::add_round_key[0] ...
Applied override! aes/599cc939::soft[0]::fixslice[0]::add_round_key[0]
Matching 1 overrides of  aes/599cc939::soft[0]::fixslice[0]::inv_mix_columns_1[0] ...
Branching on 1 override variants of aes/599cc939::soft[0]::fixslice[0]::inv_mix_columns_1[0] ...
Applied override! aes/599cc939::soft[0]::fixslice[0]::inv_mix_columns_1[0]
Matching 1 overrides of  aes/599cc939::soft[0]::fixslice[0]::inv_sub_bytes[0] ...
Branching on 1 override variants of aes/599cc939::soft[0]::fixslice[0]::inv_sub_bytes[0] ...
Applied override! aes/599cc939::soft[0]::fixslice[0]::inv_sub_bytes[0]
Matching 11 overrides of  aes/599cc939::soft[0]::fixslice[0]::add_round_key[0] ...
Branching on 1 override variants of aes/599cc939::soft[0]::fixslice[0]::add_round_key[0] ...
Applied override! aes/599cc939::soft[0]::fixslice[0]::add_round_key[0]
Matching 1 overrides of  aes/599cc939::soft[0]::fixslice[0]::inv_mix_columns_0[0] ...
Branching on 1 override variants of aes/599cc939::soft[0]::fixslice[0]::inv_mix_columns_0[0] ...
Applied override! aes/599cc939::soft[0]::fixslice[0]::inv_mix_columns_0[0]
Matching 1 overrides of  aes/599cc939::soft[0]::fixslice[0]::inv_sub_bytes[0] ...
Branching on 1 override variants of aes/599cc939::soft[0]::fixslice[0]::inv_sub_bytes[0] ...
Applied override! aes/599cc939::soft[0]::fixslice[0]::inv_sub_bytes[0]
Matching 11 overrides of  aes/599cc939::soft[0]::fixslice[0]::add_round_key[0] ...
Branching on 1 override variants of aes/599cc939::soft[0]::fixslice[0]::add_round_key[0] ...
Applied override! aes/599cc939::soft[0]::fixslice[0]::add_round_key[0]
Matching 1 overrides of  aes/599cc939::soft[0]::fixslice[0]::inv_mix_columns_3[0] ...
Branching on 1 override variants of aes/599cc939::soft[0]::fixslice[0]::inv_mix_columns_3[0] ...
Applied override! aes/599cc939::soft[0]::fixslice[0]::inv_mix_columns_3[0]
Matching 1 overrides of  aes/599cc939::soft[0]::fixslice[0]::inv_sub_bytes[0] ...
Branching on 1 override variants of aes/599cc939::soft[0]::fixslice[0]::inv_sub_bytes[0] ...
Applied override! aes/599cc939::soft[0]::fixslice[0]::inv_sub_bytes[0]
Matching 11 overrides of  aes/599cc939::soft[0]::fixslice[0]::add_round_key[0] ...
Branching on 1 override variants of aes/599cc939::soft[0]::fixslice[0]::add_round_key[0] ...
Applied override! aes/599cc939::soft[0]::fixslice[0]::add_round_key[0]
Matching 1 overrides of  aes/599cc939::soft[0]::fixslice[0]::inv_mix_columns_2[0] ...
Branching on 1 override variants of aes/599cc939::soft[0]::fixslice[0]::inv_mix_columns_2[0] ...
Applied override! aes/599cc939::soft[0]::fixslice[0]::inv_mix_columns_2[0]
Matching 1 overrides of  aes/599cc939::soft[0]::fixslice[0]::inv_sub_bytes[0] ...
Branching on 1 override variants of aes/599cc939::soft[0]::fixslice[0]::inv_sub_bytes[0] ...
Applied override! aes/599cc939::soft[0]::fixslice[0]::inv_sub_bytes[0]
Matching 11 overrides of  aes/599cc939::soft[0]::fixslice[0]::add_round_key[0] ...
Branching on 1 override variants of aes/599cc939::soft[0]::fixslice[0]::add_round_key[0] ...
Applied override! aes/599cc939::soft[0]::fixslice[0]::add_round_key[0]
Matching 1 overrides of  aes/599cc939::soft[0]::fixslice[0]::inv_mix_columns_1[0] ...
Branching on 1 override variants of aes/599cc939::soft[0]::fixslice[0]::inv_mix_columns_1[0] ...
Applied override! aes/599cc939::soft[0]::fixslice[0]::inv_mix_columns_1[0]
Matching 1 overrides of  aes/599cc939::soft[0]::fixslice[0]::inv_sub_bytes[0] ...
Branching on 1 override variants of aes/599cc939::soft[0]::fixslice[0]::inv_sub_bytes[0] ...
Applied override! aes/599cc939::soft[0]::fixslice[0]::inv_sub_bytes[0]
Matching 11 overrides of  aes/599cc939::soft[0]::fixslice[0]::add_round_key[0] ...
Branching on 1 override variants of aes/599cc939::soft[0]::fixslice[0]::add_round_key[0] ...
Applied override! aes/599cc939::soft[0]::fixslice[0]::add_round_key[0]
Matching 1 overrides of  aes/599cc939::soft[0]::fixslice[0]::inv_mix_columns_0[0] ...
Branching on 1 override variants of aes/599cc939::soft[0]::fixslice[0]::inv_mix_columns_0[0] ...
Applied override! aes/599cc939::soft[0]::fixslice[0]::inv_mix_columns_0[0]
Matching 1 overrides of  aes/599cc939::soft[0]::fixslice[0]::inv_sub_bytes[0] ...
Branching on 1 override variants of aes/599cc939::soft[0]::fixslice[0]::inv_sub_bytes[0] ...
Applied override! aes/599cc939::soft[0]::fixslice[0]::inv_sub_bytes[0]
Matching 11 overrides of  aes/599cc939::soft[0]::fixslice[0]::add_round_key[0] ...
Branching on 1 override variants of aes/599cc939::soft[0]::fixslice[0]::add_round_key[0] ...
Applied override! aes/599cc939::soft[0]::fixslice[0]::add_round_key[0]
Matching 1 overrides of  aes/599cc939::soft[0]::fixslice[0]::inv_mix_columns_3[0] ...
Branching on 1 override variants of aes/599cc939::soft[0]::fixslice[0]::inv_mix_columns_3[0] ...
Applied override! aes/599cc939::soft[0]::fixslice[0]::inv_mix_columns_3[0]
Matching 1 overrides of  aes/599cc939::soft[0]::fixslice[0]::inv_sub_bytes[0] ...
Branching on 1 override variants of aes/599cc939::soft[0]::fixslice[0]::inv_sub_bytes[0] ...
Applied override! aes/599cc939::soft[0]::fixslice[0]::inv_sub_bytes[0]
Matching 11 overrides of  aes/599cc939::soft[0]::fixslice[0]::add_round_key[0] ...
Branching on 1 override variants of aes/599cc939::soft[0]::fixslice[0]::add_round_key[0] ...
Applied override! aes/599cc939::soft[0]::fixslice[0]::add_round_key[0]
Matching 1 overrides of  aes/599cc939::soft[0]::fixslice[0]::inv_mix_columns_2[0] ...
Branching on 1 override variants of aes/599cc939::soft[0]::fixslice[0]::inv_mix_columns_2[0] ...
Applied override! aes/599cc939::soft[0]::fixslice[0]::inv_mix_columns_2[0]
Matching 1 overrides of  aes/599cc939::soft[0]::fixslice[0]::inv_sub_bytes[0] ...
Branching on 1 override variants of aes/599cc939::soft[0]::fixslice[0]::inv_sub_bytes[0] ...
Applied override! aes/599cc939::soft[0]::fixslice[0]::inv_sub_bytes[0]
Matching 11 overrides of  aes/599cc939::soft[0]::fixslice[0]::add_round_key[0] ...
Branching on 1 override variants of aes/599cc939::soft[0]::fixslice[0]::add_round_key[0] ...
Applied override! aes/599cc939::soft[0]::fixslice[0]::add_round_key[0]
Matching 1 overrides of  aes/599cc939::soft[0]::fixslice[0]::inv_mix_columns_1[0] ...
Branching on 1 override variants of aes/599cc939::soft[0]::fixslice[0]::inv_mix_columns_1[0] ...
Applied override! aes/599cc939::soft[0]::fixslice[0]::inv_mix_columns_1[0]
Matching 1 overrides of  aes/599cc939::soft[0]::fixslice[0]::inv_sub_bytes[0] ...
Branching on 1 override variants of aes/599cc939::soft[0]::fixslice[0]::inv_sub_bytes[0] ...
Applied override! aes/599cc939::soft[0]::fixslice[0]::inv_sub_bytes[0]
Matching 11 overrides of  aes/599cc939::soft[0]::fixslice[0]::add_round_key[0] ...
Branching on 1 override variants of aes/599cc939::soft[0]::fixslice[0]::add_round_key[0] ...
Applied override! aes/599cc939::soft[0]::fixslice[0]::add_round_key[0]
Matching 1 overrides of  aes/599cc939::soft[0]::fixslice[0]::inv_bitslice[0] ...
Branching on 1 override variants of aes/599cc939::soft[0]::fixslice[0]::inv_bitslice[0] ...
Applied override! aes/599cc939::soft[0]::fixslice[0]::inv_bitslice[0]
Checking proof obligations aes/599cc939::soft[0]::fixslice[0]::aes128_decrypt[0] ...
Starting RME
Starting RME
Starting RME
Starting RME
Proof succeeded! aes/599cc939::soft[0]::fixslice[0]::aes128_decrypt[0]
Verifying aes_verif/65c7dccb::toplevel_decrypt_block_128[0] ...
Simulating aes_verif/65c7dccb::toplevel_decrypt_block_128[0] ...
Matching 1 overrides of  aes/599cc939::soft[0]::fixslice[0]::aes128_key_schedule[0] ...
Branching on 1 override variants of aes/599cc939::soft[0]::fixslice[0]::aes128_key_schedule[0] ...
Applied override! aes/599cc939::soft[0]::fixslice[0]::aes128_key_schedule[0]
Matching 1 overrides of  aes/599cc939::soft[0]::fixslice[0]::aes128_decrypt[0] ...
Branching on 1 override variants of aes/599cc939::soft[0]::fixslice[0]::aes128_decrypt[0] ...
Applied override! aes/599cc939::soft[0]::fixslice[0]::aes128_decrypt[0]
Checking proof obligations aes_verif/65c7dccb::toplevel_decrypt_block_128[0] ...
Proof succeeded! aes_verif/65c7dccb::toplevel_decrypt_block_128[0]
Verifying aes/599cc939::soft[0]::fixslice[0]::sub_bytes[0] ...
Simulating aes/599cc939::soft[0]::fixslice[0]::sub_bytes[0] ...
Checking proof obligations aes/599cc939::soft[0]::fixslice[0]::sub_bytes[0] ...
Proof succeeded! aes/599cc939::soft[0]::fixslice[0]::sub_bytes[0]
Verifying aes/599cc939::soft[0]::fixslice[0]::sub_bytes[0] ...
Simulating aes/599cc939::soft[0]::fixslice[0]::sub_bytes[0] ...
Checking proof obligations aes/599cc939::soft[0]::fixslice[0]::sub_bytes[0] ...
Proof succeeded! aes/599cc939::soft[0]::fixslice[0]::sub_bytes[0]
Verifying aes/599cc939::soft[0]::fixslice[0]::sub_bytes[0] ...
Simulating aes/599cc939::soft[0]::fixslice[0]::sub_bytes[0] ...
Checking proof obligations aes/599cc939::soft[0]::fixslice[0]::sub_bytes[0] ...
Proof succeeded! aes/599cc939::soft[0]::fixslice[0]::sub_bytes[0]
Verifying aes/599cc939::soft[0]::fixslice[0]::sub_bytes[0] ...
Simulating aes/599cc939::soft[0]::fixslice[0]::sub_bytes[0] ...
Checking proof obligations aes/599cc939::soft[0]::fixslice[0]::sub_bytes[0] ...
Proof succeeded! aes/599cc939::soft[0]::fixslice[0]::sub_bytes[0]
Verifying aes/599cc939::soft[0]::fixslice[0]::sub_bytes[0] ...
Simulating aes/599cc939::soft[0]::fixslice[0]::sub_bytes[0] ...
Checking proof obligations aes/599cc939::soft[0]::fixslice[0]::sub_bytes[0] ...
Proof succeeded! aes/599cc939::soft[0]::fixslice[0]::sub_bytes[0]
Verifying aes/599cc939::soft[0]::fixslice[0]::sub_bytes[0] ...
Simulating aes/599cc939::soft[0]::fixslice[0]::sub_bytes[0] ...
Checking proof obligations aes/599cc939::soft[0]::fixslice[0]::sub_bytes[0] ...
Proof succeeded! aes/599cc939::soft[0]::fixslice[0]::sub_bytes[0]
Verifying aes/599cc939::soft[0]::fixslice[0]::sub_bytes[0] ...
Simulating aes/599cc939::soft[0]::fixslice[0]::sub_bytes[0] ...
Checking proof obligations aes/599cc939::soft[0]::fixslice[0]::sub_bytes[0] ...
Proof succeeded! aes/599cc939::soft[0]::fixslice[0]::sub_bytes[0]
Verifying aes/599cc939::soft[0]::fixslice[0]::sub_bytes[0] ...
Simulating aes/599cc939::soft[0]::fixslice[0]::sub_bytes[0] ...
Checking proof obligations aes/599cc939::soft[0]::fixslice[0]::sub_bytes[0] ...
Proof succeeded! aes/599cc939::soft[0]::fixslice[0]::sub_bytes[0]
Verifying aes/599cc939::soft[0]::fixslice[0]::sub_bytes[0] ...
Simulating aes/599cc939::soft[0]::fixslice[0]::sub_bytes[0] ...
Checking proof obligations aes/599cc939::soft[0]::fixslice[0]::sub_bytes[0] ...
Proof succeeded! aes/599cc939::soft[0]::fixslice[0]::sub_bytes[0]
Verifying aes/599cc939::soft[0]::fixslice[0]::sub_bytes[0] ...
Simulating aes/599cc939::soft[0]::fixslice[0]::sub_bytes[0] ...
Checking proof obligations aes/599cc939::soft[0]::fixslice[0]::sub_bytes[0] ...
Proof succeeded! aes/599cc939::soft[0]::fixslice[0]::sub_bytes[0]
Verifying aes/599cc939::soft[0]::fixslice[0]::sub_bytes[0] ...
Simulating aes/599cc939::soft[0]::fixslice[0]::sub_bytes[0] ...
Checking proof obligations aes/599cc939::soft[0]::fixslice[0]::sub_bytes[0] ...
Proof succeeded! aes/599cc939::soft[0]::fixslice[0]::sub_bytes[0]
Verifying aes/599cc939::soft[0]::fixslice[0]::sub_bytes[0] ...
Simulating aes/599cc939::soft[0]::fixslice[0]::sub_bytes[0] ...
Checking proof obligations aes/599cc939::soft[0]::fixslice[0]::sub_bytes[0] ...
Proof succeeded! aes/599cc939::soft[0]::fixslice[0]::sub_bytes[0]
Verifying aes/599cc939::soft[0]::fixslice[0]::sub_bytes[0] ...
Simulating aes/599cc939::soft[0]::fixslice[0]::sub_bytes[0] ...
Checking proof obligations aes/599cc939::soft[0]::fixslice[0]::sub_bytes[0] ...
Proof succeeded! aes/599cc939::soft[0]::fixslice[0]::sub_bytes[0]
Verifying aes/599cc939::soft[0]::fixslice[0]::sub_bytes_nots[0] ...
Simulating aes/599cc939::soft[0]::fixslice[0]::sub_bytes_nots[0] ...
Checking proof obligations aes/599cc939::soft[0]::fixslice[0]::sub_bytes_nots[0] ...
Proof succeeded! aes/599cc939::soft[0]::fixslice[0]::sub_bytes_nots[0]
Verifying aes/599cc939::soft[0]::fixslice[0]::sub_bytes_nots[0] ...
Simulating aes/599cc939::soft[0]::fixslice[0]::sub_bytes_nots[0] ...
Checking proof obligations aes/599cc939::soft[0]::fixslice[0]::sub_bytes_nots[0] ...
Proof succeeded! aes/599cc939::soft[0]::fixslice[0]::sub_bytes_nots[0]
Verifying aes/599cc939::soft[0]::fixslice[0]::sub_bytes_nots[0] ...
Simulating aes/599cc939::soft[0]::fixslice[0]::sub_bytes_nots[0] ...
Checking proof obligations aes/599cc939::soft[0]::fixslice[0]::sub_bytes_nots[0] ...
Proof succeeded! aes/599cc939::soft[0]::fixslice[0]::sub_bytes_nots[0]
Verifying aes/599cc939::soft[0]::fixslice[0]::sub_bytes_nots[0] ...
Simulating aes/599cc939::soft[0]::fixslice[0]::sub_bytes_nots[0] ...
Checking proof obligations aes/599cc939::soft[0]::fixslice[0]::sub_bytes_nots[0] ...
Proof succeeded! aes/599cc939::soft[0]::fixslice[0]::sub_bytes_nots[0]
Verifying aes/599cc939::soft[0]::fixslice[0]::sub_bytes_nots[0] ...
Simulating aes/599cc939::soft[0]::fixslice[0]::sub_bytes_nots[0] ...
Checking proof obligations aes/599cc939::soft[0]::fixslice[0]::sub_bytes_nots[0] ...
Proof succeeded! aes/599cc939::soft[0]::fixslice[0]::sub_bytes_nots[0]
Verifying aes/599cc939::soft[0]::fixslice[0]::sub_bytes_nots[0] ...
Simulating aes/599cc939::soft[0]::fixslice[0]::sub_bytes_nots[0] ...
Checking proof obligations aes/599cc939::soft[0]::fixslice[0]::sub_bytes_nots[0] ...
Proof succeeded! aes/599cc939::soft[0]::fixslice[0]::sub_bytes_nots[0]
Verifying aes/599cc939::soft[0]::fixslice[0]::sub_bytes_nots[0] ...
Simulating aes/599cc939::soft[0]::fixslice[0]::sub_bytes_nots[0] ...
Checking proof obligations aes/599cc939::soft[0]::fixslice[0]::sub_bytes_nots[0] ...
Proof succeeded! aes/599cc939::soft[0]::fixslice[0]::sub_bytes_nots[0]
Verifying aes/599cc939::soft[0]::fixslice[0]::sub_bytes_nots[0] ...
Simulating aes/599cc939::soft[0]::fixslice[0]::sub_bytes_nots[0] ...
Checking proof obligations aes/599cc939::soft[0]::fixslice[0]::sub_bytes_nots[0] ...
Proof succeeded! aes/599cc939::soft[0]::fixslice[0]::sub_bytes_nots[0]
Verifying aes/599cc939::soft[0]::fixslice[0]::sub_bytes_nots[0] ...
Simulating aes/599cc939::soft[0]::fixslice[0]::sub_bytes_nots[0] ...
Checking proof obligations aes/599cc939::soft[0]::fixslice[0]::sub_bytes_nots[0] ...
Proof succeeded! aes/599cc939::soft[0]::fixslice[0]::sub_bytes_nots[0]
Verifying aes/599cc939::soft[0]::fixslice[0]::sub_bytes_nots[0] ...
Simulating aes/599cc939::soft[0]::fixslice[0]::sub_bytes_nots[0] ...
Checking proof obligations aes/599cc939::soft[0]::fixslice[0]::sub_bytes_nots[0] ...
Proof succeeded! aes/599cc939::soft[0]::fixslice[0]::sub_bytes_nots[0]
Verifying aes/599cc939::soft[0]::fixslice[0]::sub_bytes_nots[0] ...
Simulating aes/599cc939::soft[0]::fixslice[0]::sub_bytes_nots[0] ...
Checking proof obligations aes/599cc939::soft[0]::fixslice[0]::sub_bytes_nots[0] ...
Proof succeeded! aes/599cc939::soft[0]::fixslice[0]::sub_bytes_nots[0]
Verifying aes/599cc939::soft[0]::fixslice[0]::sub_bytes_nots[0] ...
Simulating aes/599cc939::soft[0]::fixslice[0]::sub_bytes_nots[0] ...
Checking proof obligations aes/599cc939::soft[0]::fixslice[0]::sub_bytes_nots[0] ...
Proof succeeded! aes/599cc939::soft[0]::fixslice[0]::sub_bytes_nots[0]
Verifying aes/599cc939::soft[0]::fixslice[0]::sub_bytes_nots[0] ...
Simulating aes/599cc939::soft[0]::fixslice[0]::sub_bytes_nots[0] ...
Checking proof obligations aes/599cc939::soft[0]::fixslice[0]::sub_bytes_nots[0] ...
Proof succeeded! aes/599cc939::soft[0]::fixslice[0]::sub_bytes_nots[0]
Verifying aes/599cc939::soft[0]::fixslice[0]::inv_shift_rows_1[0] ...
Simulating aes/599cc939::soft[0]::fixslice[0]::inv_shift_rows_1[0] ...
Checking proof obligations aes/599cc939::soft[0]::fixslice[0]::inv_shift_rows_1[0] ...
Proof succeeded! aes/599cc939::soft[0]::fixslice[0]::inv_shift_rows_1[0]
Verifying aes/599cc939::soft[0]::fixslice[0]::inv_shift_rows_1[0] ...
Simulating aes/599cc939::soft[0]::fixslice[0]::inv_shift_rows_1[0] ...
Checking proof obligations aes/599cc939::soft[0]::fixslice[0]::inv_shift_rows_1[0] ...
Proof succeeded! aes/599cc939::soft[0]::fixslice[0]::inv_shift_rows_1[0]
Verifying aes/599cc939::soft[0]::fixslice[0]::inv_shift_rows_1[0] ...
Simulating aes/599cc939::soft[0]::fixslice[0]::inv_shift_rows_1[0] ...
Checking proof obligations aes/599cc939::soft[0]::fixslice[0]::inv_shift_rows_1[0] ...
Proof succeeded! aes/599cc939::soft[0]::fixslice[0]::inv_shift_rows_1[0]
Verifying aes/599cc939::soft[0]::fixslice[0]::inv_shift_rows_1[0] ...
Simulating aes/599cc939::soft[0]::fixslice[0]::inv_shift_rows_1[0] ...
Checking proof obligations aes/599cc939::soft[0]::fixslice[0]::inv_shift_rows_1[0] ...
Proof succeeded! aes/599cc939::soft[0]::fixslice[0]::inv_shift_rows_1[0]
Verifying aes/599cc939::soft[0]::fixslice[0]::inv_shift_rows_1[0] ...
Simulating aes/599cc939::soft[0]::fixslice[0]::inv_shift_rows_1[0] ...
Checking proof obligations aes/599cc939::soft[0]::fixslice[0]::inv_shift_rows_1[0] ...
Proof succeeded! aes/599cc939::soft[0]::fixslice[0]::inv_shift_rows_1[0]
Verifying aes/599cc939::soft[0]::fixslice[0]::inv_shift_rows_1[0] ...
Simulating aes/599cc939::soft[0]::fixslice[0]::inv_shift_rows_1[0] ...
Checking proof obligations aes/599cc939::soft[0]::fixslice[0]::inv_shift_rows_1[0] ...
Proof succeeded! aes/599cc939::soft[0]::fixslice[0]::inv_shift_rows_1[0]
Verifying aes/599cc939::soft[0]::fixslice[0]::inv_shift_rows_1[0] ...
Simulating aes/599cc939::soft[0]::fixslice[0]::inv_shift_rows_1[0] ...
Checking proof obligations aes/599cc939::soft[0]::fixslice[0]::inv_shift_rows_1[0] ...
Proof succeeded! aes/599cc939::soft[0]::fixslice[0]::inv_shift_rows_1[0]
Verifying aes/599cc939::soft[0]::fixslice[0]::inv_shift_rows_1[0] ...
Simulating aes/599cc939::soft[0]::fixslice[0]::inv_shift_rows_1[0] ...
Checking proof obligations aes/599cc939::soft[0]::fixslice[0]::inv_shift_rows_1[0] ...
Proof succeeded! aes/599cc939::soft[0]::fixslice[0]::inv_shift_rows_1[0]
Verifying aes/599cc939::soft[0]::fixslice[0]::inv_shift_rows_1[0] ...
Simulating aes/599cc939::soft[0]::fixslice[0]::inv_shift_rows_1[0] ...
Checking proof obligations aes/599cc939::soft[0]::fixslice[0]::inv_shift_rows_1[0] ...
Proof succeeded! aes/599cc939::soft[0]::fixslice[0]::inv_shift_rows_1[0]
Verifying aes/599cc939::soft[0]::fixslice[0]::inv_shift_rows_1[0] ...
Simulating aes/599cc939::soft[0]::fixslice[0]::inv_shift_rows_1[0] ...
Checking proof obligations aes/599cc939::soft[0]::fixslice[0]::inv_shift_rows_1[0] ...
Proof succeeded! aes/599cc939::soft[0]::fixslice[0]::inv_shift_rows_1[0]
Verifying aes/599cc939::soft[0]::fixslice[0]::inv_shift_rows_1[0] ...
Simulating aes/599cc939::soft[0]::fixslice[0]::inv_shift_rows_1[0] ...
Checking proof obligations aes/599cc939::soft[0]::fixslice[0]::inv_shift_rows_1[0] ...
Proof succeeded! aes/599cc939::soft[0]::fixslice[0]::inv_shift_rows_1[0]
Verifying aes/599cc939::soft[0]::fixslice[0]::inv_shift_rows_1[0] ...
Simulating aes/599cc939::soft[0]::fixslice[0]::inv_shift_rows_1[0] ...
Checking proof obligations aes/599cc939::soft[0]::fixslice[0]::inv_shift_rows_1[0] ...
Proof succeeded! aes/599cc939::soft[0]::fixslice[0]::inv_shift_rows_1[0]
Verifying aes/599cc939::soft[0]::fixslice[0]::inv_shift_rows_1[0] ...
Simulating aes/599cc939::soft[0]::fixslice[0]::inv_shift_rows_1[0] ...
Checking proof obligations aes/599cc939::soft[0]::fixslice[0]::inv_shift_rows_1[0] ...
Proof succeeded! aes/599cc939::soft[0]::fixslice[0]::inv_shift_rows_1[0]
Verifying aes/599cc939::soft[0]::fixslice[0]::inv_shift_rows_2[0] ...
Simulating aes/599cc939::soft[0]::fixslice[0]::inv_shift_rows_2[0] ...
Checking proof obligations aes/599cc939::soft[0]::fixslice[0]::inv_shift_rows_2[0] ...
Proof succeeded! aes/599cc939::soft[0]::fixslice[0]::inv_shift_rows_2[0]
Verifying aes/599cc939::soft[0]::fixslice[0]::inv_shift_rows_2[0] ...
Simulating aes/599cc939::soft[0]::fixslice[0]::inv_shift_rows_2[0] ...
Checking proof obligations aes/599cc939::soft[0]::fixslice[0]::inv_shift_rows_2[0] ...
Proof succeeded! aes/599cc939::soft[0]::fixslice[0]::inv_shift_rows_2[0]
Verifying aes/599cc939::soft[0]::fixslice[0]::inv_shift_rows_2[0] ...
Simulating aes/599cc939::soft[0]::fixslice[0]::inv_shift_rows_2[0] ...
Checking proof obligations aes/599cc939::soft[0]::fixslice[0]::inv_shift_rows_2[0] ...
Proof succeeded! aes/599cc939::soft[0]::fixslice[0]::inv_shift_rows_2[0]
Verifying aes/599cc939::soft[0]::fixslice[0]::inv_shift_rows_2[0] ...
Simulating aes/599cc939::soft[0]::fixslice[0]::inv_shift_rows_2[0] ...
Checking proof obligations aes/599cc939::soft[0]::fixslice[0]::inv_shift_rows_2[0] ...
Proof succeeded! aes/599cc939::soft[0]::fixslice[0]::inv_shift_rows_2[0]
Verifying aes/599cc939::soft[0]::fixslice[0]::inv_shift_rows_2[0] ...
Simulating aes/599cc939::soft[0]::fixslice[0]::inv_shift_rows_2[0] ...
Checking proof obligations aes/599cc939::soft[0]::fixslice[0]::inv_shift_rows_2[0] ...
Proof succeeded! aes/599cc939::soft[0]::fixslice[0]::inv_shift_rows_2[0]
Verifying aes/599cc939::soft[0]::fixslice[0]::inv_shift_rows_2[0] ...
Simulating aes/599cc939::soft[0]::fixslice[0]::inv_shift_rows_2[0] ...
Checking proof obligations aes/599cc939::soft[0]::fixslice[0]::inv_shift_rows_2[0] ...
Proof succeeded! aes/599cc939::soft[0]::fixslice[0]::inv_shift_rows_2[0]
Verifying aes/599cc939::soft[0]::fixslice[0]::inv_shift_rows_2[0] ...
Simulating aes/599cc939::soft[0]::fixslice[0]::inv_shift_rows_2[0] ...
Checking proof obligations aes/599cc939::soft[0]::fixslice[0]::inv_shift_rows_2[0] ...
Proof succeeded! aes/599cc939::soft[0]::fixslice[0]::inv_shift_rows_2[0]
Verifying aes/599cc939::soft[0]::fixslice[0]::inv_shift_rows_2[0] ...
Simulating aes/599cc939::soft[0]::fixslice[0]::inv_shift_rows_2[0] ...
Checking proof obligations aes/599cc939::soft[0]::fixslice[0]::inv_shift_rows_2[0] ...
Proof succeeded! aes/599cc939::soft[0]::fixslice[0]::inv_shift_rows_2[0]
Verifying aes/599cc939::soft[0]::fixslice[0]::inv_shift_rows_2[0] ...
Simulating aes/599cc939::soft[0]::fixslice[0]::inv_shift_rows_2[0] ...
Checking proof obligations aes/599cc939::soft[0]::fixslice[0]::inv_shift_rows_2[0] ...
Proof succeeded! aes/599cc939::soft[0]::fixslice[0]::inv_shift_rows_2[0]
Verifying aes/599cc939::soft[0]::fixslice[0]::inv_shift_rows_2[0] ...
Simulating aes/599cc939::soft[0]::fixslice[0]::inv_shift_rows_2[0] ...
Checking proof obligations aes/599cc939::soft[0]::fixslice[0]::inv_shift_rows_2[0] ...
Proof succeeded! aes/599cc939::soft[0]::fixslice[0]::inv_shift_rows_2[0]
Verifying aes/599cc939::soft[0]::fixslice[0]::inv_shift_rows_2[0] ...
Simulating aes/599cc939::soft[0]::fixslice[0]::inv_shift_rows_2[0] ...
Checking proof obligations aes/599cc939::soft[0]::fixslice[0]::inv_shift_rows_2[0] ...
Proof succeeded! aes/599cc939::soft[0]::fixslice[0]::inv_shift_rows_2[0]
Verifying aes/599cc939::soft[0]::fixslice[0]::inv_shift_rows_2[0] ...
Simulating aes/599cc939::soft[0]::fixslice[0]::inv_shift_rows_2[0] ...
Checking proof obligations aes/599cc939::soft[0]::fixslice[0]::inv_shift_rows_2[0] ...
Proof succeeded! aes/599cc939::soft[0]::fixslice[0]::inv_shift_rows_2[0]
Verifying aes/599cc939::soft[0]::fixslice[0]::inv_shift_rows_2[0] ...
Simulating aes/599cc939::soft[0]::fixslice[0]::inv_shift_rows_2[0] ...
Checking proof obligations aes/599cc939::soft[0]::fixslice[0]::inv_shift_rows_2[0] ...
Proof succeeded! aes/599cc939::soft[0]::fixslice[0]::inv_shift_rows_2[0]
Verifying aes/599cc939::soft[0]::fixslice[0]::inv_shift_rows_3[0] ...
Simulating aes/599cc939::soft[0]::fixslice[0]::inv_shift_rows_3[0] ...
Checking proof obligations aes/599cc939::soft[0]::fixslice[0]::inv_shift_rows_3[0] ...
Proof succeeded! aes/599cc939::soft[0]::fixslice[0]::inv_shift_rows_3[0]
Verifying aes/599cc939::soft[0]::fixslice[0]::inv_shift_rows_3[0] ...
Simulating aes/599cc939::soft[0]::fixslice[0]::inv_shift_rows_3[0] ...
Checking proof obligations aes/599cc939::soft[0]::fixslice[0]::inv_shift_rows_3[0] ...
Proof succeeded! aes/599cc939::soft[0]::fixslice[0]::inv_shift_rows_3[0]
Verifying aes/599cc939::soft[0]::fixslice[0]::inv_shift_rows_3[0] ...
Simulating aes/599cc939::soft[0]::fixslice[0]::inv_shift_rows_3[0] ...
Checking proof obligations aes/599cc939::soft[0]::fixslice[0]::inv_shift_rows_3[0] ...
Proof succeeded! aes/599cc939::soft[0]::fixslice[0]::inv_shift_rows_3[0]
Verifying aes/599cc939::soft[0]::fixslice[0]::inv_shift_rows_3[0] ...
Simulating aes/599cc939::soft[0]::fixslice[0]::inv_shift_rows_3[0] ...
Checking proof obligations aes/599cc939::soft[0]::fixslice[0]::inv_shift_rows_3[0] ...
Proof succeeded! aes/599cc939::soft[0]::fixslice[0]::inv_shift_rows_3[0]
Verifying aes/599cc939::soft[0]::fixslice[0]::inv_shift_rows_3[0] ...
Simulating aes/599cc939::soft[0]::fixslice[0]::inv_shift_rows_3[0] ...
Checking proof obligations aes/599cc939::soft[0]::fixslice[0]::inv_shift_rows_3[0] ...
Proof succeeded! aes/599cc939::soft[0]::fixslice[0]::inv_shift_rows_3[0]
Verifying aes/599cc939::soft[0]::fixslice[0]::inv_shift_rows_3[0] ...
Simulating aes/599cc939::soft[0]::fixslice[0]::inv_shift_rows_3[0] ...
Checking proof obligations aes/599cc939::soft[0]::fixslice[0]::inv_shift_rows_3[0] ...
Proof succeeded! aes/599cc939::soft[0]::fixslice[0]::inv_shift_rows_3[0]
Verifying aes/599cc939::soft[0]::fixslice[0]::inv_shift_rows_3[0] ...
Simulating aes/599cc939::soft[0]::fixslice[0]::inv_shift_rows_3[0] ...
Checking proof obligations aes/599cc939::soft[0]::fixslice[0]::inv_shift_rows_3[0] ...
Proof succeeded! aes/599cc939::soft[0]::fixslice[0]::inv_shift_rows_3[0]
Verifying aes/599cc939::soft[0]::fixslice[0]::inv_shift_rows_3[0] ...
Simulating aes/599cc939::soft[0]::fixslice[0]::inv_shift_rows_3[0] ...
Checking proof obligations aes/599cc939::soft[0]::fixslice[0]::inv_shift_rows_3[0] ...
Proof succeeded! aes/599cc939::soft[0]::fixslice[0]::inv_shift_rows_3[0]
Verifying aes/599cc939::soft[0]::fixslice[0]::inv_shift_rows_3[0] ...
Simulating aes/599cc939::soft[0]::fixslice[0]::inv_shift_rows_3[0] ...
Checking proof obligations aes/599cc939::soft[0]::fixslice[0]::inv_shift_rows_3[0] ...
Proof succeeded! aes/599cc939::soft[0]::fixslice[0]::inv_shift_rows_3[0]
Verifying aes/599cc939::soft[0]::fixslice[0]::inv_shift_rows_3[0] ...
Simulating aes/599cc939::soft[0]::fixslice[0]::inv_shift_rows_3[0] ...
Checking proof obligations aes/599cc939::soft[0]::fixslice[0]::inv_shift_rows_3[0] ...
Proof succeeded! aes/599cc939::soft[0]::fixslice[0]::inv_shift_rows_3[0]
Verifying aes/599cc939::soft[0]::fixslice[0]::inv_shift_rows_3[0] ...
Simulating aes/599cc939::soft[0]::fixslice[0]::inv_shift_rows_3[0] ...
Checking proof obligations aes/599cc939::soft[0]::fixslice[0]::inv_shift_rows_3[0] ...
Proof succeeded! aes/599cc939::soft[0]::fixslice[0]::inv_shift_rows_3[0]
Verifying aes/599cc939::soft[0]::fixslice[0]::inv_shift_rows_3[0] ...
Simulating aes/599cc939::soft[0]::fixslice[0]::inv_shift_rows_3[0] ...
Checking proof obligations aes/599cc939::soft[0]::fixslice[0]::inv_shift_rows_3[0] ...
Proof succeeded! aes/599cc939::soft[0]::fixslice[0]::inv_shift_rows_3[0]
Verifying aes/599cc939::soft[0]::fixslice[0]::inv_shift_rows_3[0] ...
Simulating aes/599cc939::soft[0]::fixslice[0]::inv_shift_rows_3[0] ...
Checking proof obligations aes/599cc939::soft[0]::fixslice[0]::inv_shift_rows_3[0] ...
Proof succeeded! aes/599cc939::soft[0]::fixslice[0]::inv_shift_rows_3[0]
Verifying aes/599cc939::soft[0]::fixslice[0]::aes192_key_schedule[0] ...
Simulating aes/599cc939::soft[0]::fixslice[0]::aes192_key_schedule[0] ...
Matching 2 overrides of  aes/599cc939::soft[0]::fixslice[0]::bitslice[0] ...
Branching on 1 override variants of aes/599cc939::soft[0]::fixslice[0]::bitslice[0] ...
Applied override! aes/599cc939::soft[0]::fixslice[0]::bitslice[0]
Matching 2 overrides of  aes/599cc939::soft[0]::fixslice[0]::bitslice[0] ...
Branching on 1 override variants of aes/599cc939::soft[0]::fixslice[0]::bitslice[0] ...
Applied override! aes/599cc939::soft[0]::fixslice[0]::bitslice[0]
Matching 14 overrides of  aes/599cc939::soft[0]::fixslice[0]::sub_bytes[0] ...
Branching on 1 override variants of aes/599cc939::soft[0]::fixslice[0]::sub_bytes[0] ...
Applied override! aes/599cc939::soft[0]::fixslice[0]::sub_bytes[0]
Matching 14 overrides of  aes/599cc939::soft[0]::fixslice[0]::sub_bytes_nots[0] ...
Branching on 1 override variants of aes/599cc939::soft[0]::fixslice[0]::sub_bytes_nots[0] ...
Applied override! aes/599cc939::soft[0]::fixslice[0]::sub_bytes_nots[0]
Matching 14 overrides of  aes/599cc939::soft[0]::fixslice[0]::sub_bytes[0] ...
Branching on 1 override variants of aes/599cc939::soft[0]::fixslice[0]::sub_bytes[0] ...
Applied override! aes/599cc939::soft[0]::fixslice[0]::sub_bytes[0]
Matching 14 overrides of  aes/599cc939::soft[0]::fixslice[0]::sub_bytes_nots[0] ...
Branching on 1 override variants of aes/599cc939::soft[0]::fixslice[0]::sub_bytes_nots[0] ...
Applied override! aes/599cc939::soft[0]::fixslice[0]::sub_bytes_nots[0]
Matching 14 overrides of  aes/599cc939::soft[0]::fixslice[0]::sub_bytes[0] ...
Branching on 1 override variants of aes/599cc939::soft[0]::fixslice[0]::sub_bytes[0] ...
Applied override! aes/599cc939::soft[0]::fixslice[0]::sub_bytes[0]
Matching 14 overrides of  aes/599cc939::soft[0]::fixslice[0]::sub_bytes_nots[0] ...
Branching on 1 override variants of aes/599cc939::soft[0]::fixslice[0]::sub_bytes_nots[0] ...
Applied override! aes/599cc939::soft[0]::fixslice[0]::sub_bytes_nots[0]
Matching 14 overrides of  aes/599cc939::soft[0]::fixslice[0]::sub_bytes[0] ...
Branching on 1 override variants of aes/599cc939::soft[0]::fixslice[0]::sub_bytes[0] ...
Applied override! aes/599cc939::soft[0]::fixslice[0]::sub_bytes[0]
Matching 14 overrides of  aes/599cc939::soft[0]::fixslice[0]::sub_bytes_nots[0] ...
Branching on 1 override variants of aes/599cc939::soft[0]::fixslice[0]::sub_bytes_nots[0] ...
Applied override! aes/599cc939::soft[0]::fixslice[0]::sub_bytes_nots[0]
Matching 14 overrides of  aes/599cc939::soft[0]::fixslice[0]::sub_bytes[0] ...
Branching on 1 override variants of aes/599cc939::soft[0]::fixslice[0]::sub_bytes[0] ...
Applied override! aes/599cc939::soft[0]::fixslice[0]::sub_bytes[0]
Matching 14 overrides of  aes/599cc939::soft[0]::fixslice[0]::sub_bytes_nots[0] ...
Branching on 1 override variants of aes/599cc939::soft[0]::fixslice[0]::sub_bytes_nots[0] ...
Applied override! aes/599cc939::soft[0]::fixslice[0]::sub_bytes_nots[0]
Matching 14 overrides of  aes/599cc939::soft[0]::fixslice[0]::sub_bytes[0] ...
Branching on 1 override variants of aes/599cc939::soft[0]::fixslice[0]::sub_bytes[0] ...
Applied override! aes/599cc939::soft[0]::fixslice[0]::sub_bytes[0]
Matching 14 overrides of  aes/599cc939::soft[0]::fixslice[0]::sub_bytes_nots[0] ...
Branching on 1 override variants of aes/599cc939::soft[0]::fixslice[0]::sub_bytes_nots[0] ...
Applied override! aes/599cc939::soft[0]::fixslice[0]::sub_bytes_nots[0]
Matching 14 overrides of  aes/599cc939::soft[0]::fixslice[0]::sub_bytes[0] ...
Branching on 1 override variants of aes/599cc939::soft[0]::fixslice[0]::sub_bytes[0] ...
Applied override! aes/599cc939::soft[0]::fixslice[0]::sub_bytes[0]
Matching 14 overrides of  aes/599cc939::soft[0]::fixslice[0]::sub_bytes_nots[0] ...
Branching on 1 override variants of aes/599cc939::soft[0]::fixslice[0]::sub_bytes_nots[0] ...
Applied override! aes/599cc939::soft[0]::fixslice[0]::sub_bytes_nots[0]
Matching 14 overrides of  aes/599cc939::soft[0]::fixslice[0]::sub_bytes[0] ...
Branching on 1 override variants of aes/599cc939::soft[0]::fixslice[0]::sub_bytes[0] ...
Applied override! aes/599cc939::soft[0]::fixslice[0]::sub_bytes[0]
Matching 14 overrides of  aes/599cc939::soft[0]::fixslice[0]::sub_bytes_nots[0] ...
Branching on 1 override variants of aes/599cc939::soft[0]::fixslice[0]::sub_bytes_nots[0] ...
Applied override! aes/599cc939::soft[0]::fixslice[0]::sub_bytes_nots[0]
Matching 13 overrides of  aes/599cc939::soft[0]::fixslice[0]::inv_shift_rows_1[0] ...
Branching on 1 override variants of aes/599cc939::soft[0]::fixslice[0]::inv_shift_rows_1[0] ...
Applied override! aes/599cc939::soft[0]::fixslice[0]::inv_shift_rows_1[0]
Matching 13 overrides of  aes/599cc939::soft[0]::fixslice[0]::inv_shift_rows_2[0] ...
Branching on 1 override variants of aes/599cc939::soft[0]::fixslice[0]::inv_shift_rows_2[0] ...
Applied override! aes/599cc939::soft[0]::fixslice[0]::inv_shift_rows_2[0]
Matching 13 overrides of  aes/599cc939::soft[0]::fixslice[0]::inv_shift_rows_3[0] ...
Branching on 1 override variants of aes/599cc939::soft[0]::fixslice[0]::inv_shift_rows_3[0] ...
Applied override! aes/599cc939::soft[0]::fixslice[0]::inv_shift_rows_3[0]
Matching 13 overrides of  aes/599cc939::soft[0]::fixslice[0]::inv_shift_rows_1[0] ...
Branching on 1 override variants of aes/599cc939::soft[0]::fixslice[0]::inv_shift_rows_1[0] ...
Applied override! aes/599cc939::soft[0]::fixslice[0]::inv_shift_rows_1[0]
Matching 13 overrides of  aes/599cc939::soft[0]::fixslice[0]::inv_shift_rows_2[0] ...
Branching on 1 override variants of aes/599cc939::soft[0]::fixslice[0]::inv_shift_rows_2[0] ...
Applied override! aes/599cc939::soft[0]::fixslice[0]::inv_shift_rows_2[0]
Matching 13 overrides of  aes/599cc939::soft[0]::fixslice[0]::inv_shift_rows_3[0] ...
Branching on 1 override variants of aes/599cc939::soft[0]::fixslice[0]::inv_shift_rows_3[0] ...
Applied override! aes/599cc939::soft[0]::fixslice[0]::inv_shift_rows_3[0]
Matching 13 overrides of  aes/599cc939::soft[0]::fixslice[0]::inv_shift_rows_1[0] ...
Branching on 1 override variants of aes/599cc939::soft[0]::fixslice[0]::inv_shift_rows_1[0] ...
Applied override! aes/599cc939::soft[0]::fixslice[0]::inv_shift_rows_1[0]
Matching 13 overrides of  aes/599cc939::soft[0]::fixslice[0]::inv_shift_rows_2[0] ...
Branching on 1 override variants of aes/599cc939::soft[0]::fixslice[0]::inv_shift_rows_2[0] ...
Applied override! aes/599cc939::soft[0]::fixslice[0]::inv_shift_rows_2[0]
Matching 13 overrides of  aes/599cc939::soft[0]::fixslice[0]::inv_shift_rows_3[0] ...
Branching on 1 override variants of aes/599cc939::soft[0]::fixslice[0]::inv_shift_rows_3[0] ...
Applied override! aes/599cc939::soft[0]::fixslice[0]::inv_shift_rows_3[0]
Matching 14 overrides of  aes/599cc939::soft[0]::fixslice[0]::sub_bytes_nots[0] ...
Branching on 2 override variants of aes/599cc939::soft[0]::fixslice[0]::sub_bytes_nots[0] ...
Applied override! aes/599cc939::soft[0]::fixslice[0]::sub_bytes_nots[0]
Matching 14 overrides of  aes/599cc939::soft[0]::fixslice[0]::sub_bytes_nots[0] ...
Branching on 2 override variants of aes/599cc939::soft[0]::fixslice[0]::sub_bytes_nots[0] ...
Applied override! aes/599cc939::soft[0]::fixslice[0]::sub_bytes_nots[0]
Matching 14 overrides of  aes/599cc939::soft[0]::fixslice[0]::sub_bytes_nots[0] ...
Branching on 2 override variants of aes/599cc939::soft[0]::fixslice[0]::sub_bytes_nots[0] ...
Applied override! aes/599cc939::soft[0]::fixslice[0]::sub_bytes_nots[0]
Matching 14 overrides of  aes/599cc939::soft[0]::fixslice[0]::sub_bytes_nots[0] ...
Branching on 2 override variants of aes/599cc939::soft[0]::fixslice[0]::sub_bytes_nots[0] ...
Applied override! aes/599cc939::soft[0]::fixslice[0]::sub_bytes_nots[0]
Matching 14 overrides of  aes/599cc939::soft[0]::fixslice[0]::sub_bytes_nots[0] ...
Branching on 2 override variants of aes/599cc939::soft[0]::fixslice[0]::sub_bytes_nots[0] ...
Applied override! aes/599cc939::soft[0]::fixslice[0]::sub_bytes_nots[0]
Matching 14 overrides of  aes/599cc939::soft[0]::fixslice[0]::sub_bytes_nots[0] ...
Branching on 2 override variants of aes/599cc939::soft[0]::fixslice[0]::sub_bytes_nots[0] ...
Applied override! aes/599cc939::soft[0]::fixslice[0]::sub_bytes_nots[0]
Matching 14 overrides of  aes/599cc939::soft[0]::fixslice[0]::sub_bytes_nots[0] ...
Branching on 2 override variants of aes/599cc939::soft[0]::fixslice[0]::sub_bytes_nots[0] ...
Applied override! aes/599cc939::soft[0]::fixslice[0]::sub_bytes_nots[0]
Matching 14 overrides of  aes/599cc939::soft[0]::fixslice[0]::sub_bytes_nots[0] ...
Branching on 2 override variants of aes/599cc939::soft[0]::fixslice[0]::sub_bytes_nots[0] ...
Applied override! aes/599cc939::soft[0]::fixslice[0]::sub_bytes_nots[0]
Matching 14 overrides of  aes/599cc939::soft[0]::fixslice[0]::sub_bytes_nots[0] ...
Branching on 2 override variants of aes/599cc939::soft[0]::fixslice[0]::sub_bytes_nots[0] ...
Applied override! aes/599cc939::soft[0]::fixslice[0]::sub_bytes_nots[0]
Matching 14 overrides of  aes/599cc939::soft[0]::fixslice[0]::sub_bytes_nots[0] ...
Branching on 2 override variants of aes/599cc939::soft[0]::fixslice[0]::sub_bytes_nots[0] ...
Applied override! aes/599cc939::soft[0]::fixslice[0]::sub_bytes_nots[0]
Matching 14 overrides of  aes/599cc939::soft[0]::fixslice[0]::sub_bytes_nots[0] ...
Branching on 2 override variants of aes/599cc939::soft[0]::fixslice[0]::sub_bytes_nots[0] ...
Applied override! aes/599cc939::soft[0]::fixslice[0]::sub_bytes_nots[0]
Matching 14 overrides of  aes/599cc939::soft[0]::fixslice[0]::sub_bytes_nots[0] ...
Branching on 2 override variants of aes/599cc939::soft[0]::fixslice[0]::sub_bytes_nots[0] ...
Applied override! aes/599cc939::soft[0]::fixslice[0]::sub_bytes_nots[0]
Checking proof obligations aes/599cc939::soft[0]::fixslice[0]::aes192_key_schedule[0] ...
Starting RME
Proof succeeded! aes/599cc939::soft[0]::fixslice[0]::aes192_key_schedule[0]
Verifying aes/599cc939::soft[0]::fixslice[0]::mix_columns_0[0] ...
Simulating aes/599cc939::soft[0]::fixslice[0]::mix_columns_0[0] ...
Checking proof obligations aes/599cc939::soft[0]::fixslice[0]::mix_columns_0[0] ...
Proof succeeded! aes/599cc939::soft[0]::fixslice[0]::mix_columns_0[0]
Verifying aes/599cc939::soft[0]::fixslice[0]::mix_columns_1[0] ...
Simulating aes/599cc939::soft[0]::fixslice[0]::mix_columns_1[0] ...
Checking proof obligations aes/599cc939::soft[0]::fixslice[0]::mix_columns_1[0] ...
Proof succeeded! aes/599cc939::soft[0]::fixslice[0]::mix_columns_1[0]
Verifying aes/599cc939::soft[0]::fixslice[0]::mix_columns_2[0] ...
Simulating aes/599cc939::soft[0]::fixslice[0]::mix_columns_2[0] ...
Checking proof obligations aes/599cc939::soft[0]::fixslice[0]::mix_columns_2[0] ...
Proof succeeded! aes/599cc939::soft[0]::fixslice[0]::mix_columns_2[0]
Verifying aes/599cc939::soft[0]::fixslice[0]::mix_columns_3[0] ...
Simulating aes/599cc939::soft[0]::fixslice[0]::mix_columns_3[0] ...
Checking proof obligations aes/599cc939::soft[0]::fixslice[0]::mix_columns_3[0] ...
Proof succeeded! aes/599cc939::soft[0]::fixslice[0]::mix_columns_3[0]
Verifying aes/599cc939::soft[0]::fixslice[0]::aes192_encrypt[0] ...
Simulating aes/599cc939::soft[0]::fixslice[0]::aes192_encrypt[0] ...
Matching 1 overrides of  aes/599cc939::soft[0]::fixslice[0]::bitslice[0] ...
Branching on 1 override variants of aes/599cc939::soft[0]::fixslice[0]::bitslice[0] ...
Applied override! aes/599cc939::soft[0]::fixslice[0]::bitslice[0]
Matching 13 overrides of  aes/599cc939::soft[0]::fixslice[0]::add_round_key[0] ...
Branching on 1 override variants of aes/599cc939::soft[0]::fixslice[0]::add_round_key[0] ...
Applied override! aes/599cc939::soft[0]::fixslice[0]::add_round_key[0]
Matching 1 overrides of  aes/599cc939::soft[0]::fixslice[0]::sub_bytes[0] ...
Branching on 1 override variants of aes/599cc939::soft[0]::fixslice[0]::sub_bytes[0] ...
Applied override! aes/599cc939::soft[0]::fixslice[0]::sub_bytes[0]
Matching 1 overrides of  aes/599cc939::soft[0]::fixslice[0]::mix_columns_1[0] ...
Branching on 1 override variants of aes/599cc939::soft[0]::fixslice[0]::mix_columns_1[0] ...
Applied override! aes/599cc939::soft[0]::fixslice[0]::mix_columns_1[0]
Matching 13 overrides of  aes/599cc939::soft[0]::fixslice[0]::add_round_key[0] ...
Branching on 1 override variants of aes/599cc939::soft[0]::fixslice[0]::add_round_key[0] ...
Applied override! aes/599cc939::soft[0]::fixslice[0]::add_round_key[0]
Matching 1 overrides of  aes/599cc939::soft[0]::fixslice[0]::sub_bytes[0] ...
Branching on 1 override variants of aes/599cc939::soft[0]::fixslice[0]::sub_bytes[0] ...
Applied override! aes/599cc939::soft[0]::fixslice[0]::sub_bytes[0]
Matching 1 overrides of  aes/599cc939::soft[0]::fixslice[0]::mix_columns_2[0] ...
Branching on 1 override variants of aes/599cc939::soft[0]::fixslice[0]::mix_columns_2[0] ...
Applied override! aes/599cc939::soft[0]::fixslice[0]::mix_columns_2[0]
Matching 13 overrides of  aes/599cc939::soft[0]::fixslice[0]::add_round_key[0] ...
Branching on 1 override variants of aes/599cc939::soft[0]::fixslice[0]::add_round_key[0] ...
Applied override! aes/599cc939::soft[0]::fixslice[0]::add_round_key[0]
Matching 1 overrides of  aes/599cc939::soft[0]::fixslice[0]::sub_bytes[0] ...
Branching on 1 override variants of aes/599cc939::soft[0]::fixslice[0]::sub_bytes[0] ...
Applied override! aes/599cc939::soft[0]::fixslice[0]::sub_bytes[0]
Matching 1 overrides of  aes/599cc939::soft[0]::fixslice[0]::mix_columns_3[0] ...
Branching on 1 override variants of aes/599cc939::soft[0]::fixslice[0]::mix_columns_3[0] ...
Applied override! aes/599cc939::soft[0]::fixslice[0]::mix_columns_3[0]
Matching 13 overrides of  aes/599cc939::soft[0]::fixslice[0]::add_round_key[0] ...
Branching on 1 override variants of aes/599cc939::soft[0]::fixslice[0]::add_round_key[0] ...
Applied override! aes/599cc939::soft[0]::fixslice[0]::add_round_key[0]
Matching 1 overrides of  aes/599cc939::soft[0]::fixslice[0]::sub_bytes[0] ...
Branching on 1 override variants of aes/599cc939::soft[0]::fixslice[0]::sub_bytes[0] ...
Applied override! aes/599cc939::soft[0]::fixslice[0]::sub_bytes[0]
Matching 1 overrides of  aes/599cc939::soft[0]::fixslice[0]::mix_columns_0[0] ...
Branching on 1 override variants of aes/599cc939::soft[0]::fixslice[0]::mix_columns_0[0] ...
Applied override! aes/599cc939::soft[0]::fixslice[0]::mix_columns_0[0]
Matching 13 overrides of  aes/599cc939::soft[0]::fixslice[0]::add_round_key[0] ...
Branching on 1 override variants of aes/599cc939::soft[0]::fixslice[0]::add_round_key[0] ...
Applied override! aes/599cc939::soft[0]::fixslice[0]::add_round_key[0]
Matching 1 overrides of  aes/599cc939::soft[0]::fixslice[0]::sub_bytes[0] ...
Branching on 1 override variants of aes/599cc939::soft[0]::fixslice[0]::sub_bytes[0] ...
Applied override! aes/599cc939::soft[0]::fixslice[0]::sub_bytes[0]
Matching 1 overrides of  aes/599cc939::soft[0]::fixslice[0]::mix_columns_1[0] ...
Branching on 1 override variants of aes/599cc939::soft[0]::fixslice[0]::mix_columns_1[0] ...
Applied override! aes/599cc939::soft[0]::fixslice[0]::mix_columns_1[0]
Matching 13 overrides of  aes/599cc939::soft[0]::fixslice[0]::add_round_key[0] ...
Branching on 1 override variants of aes/599cc939::soft[0]::fixslice[0]::add_round_key[0] ...
Applied override! aes/599cc939::soft[0]::fixslice[0]::add_round_key[0]
Matching 1 overrides of  aes/599cc939::soft[0]::fixslice[0]::sub_bytes[0] ...
Branching on 1 override variants of aes/599cc939::soft[0]::fixslice[0]::sub_bytes[0] ...
Applied override! aes/599cc939::soft[0]::fixslice[0]::sub_bytes[0]
Matching 1 overrides of  aes/599cc939::soft[0]::fixslice[0]::mix_columns_2[0] ...
Branching on 1 override variants of aes/599cc939::soft[0]::fixslice[0]::mix_columns_2[0] ...
Applied override! aes/599cc939::soft[0]::fixslice[0]::mix_columns_2[0]
Matching 13 overrides of  aes/599cc939::soft[0]::fixslice[0]::add_round_key[0] ...
Branching on 1 override variants of aes/599cc939::soft[0]::fixslice[0]::add_round_key[0] ...
Applied override! aes/599cc939::soft[0]::fixslice[0]::add_round_key[0]
Matching 1 overrides of  aes/599cc939::soft[0]::fixslice[0]::sub_bytes[0] ...
Branching on 1 override variants of aes/599cc939::soft[0]::fixslice[0]::sub_bytes[0] ...
Applied override! aes/599cc939::soft[0]::fixslice[0]::sub_bytes[0]
Matching 1 overrides of  aes/599cc939::soft[0]::fixslice[0]::mix_columns_3[0] ...
Branching on 1 override variants of aes/599cc939::soft[0]::fixslice[0]::mix_columns_3[0] ...
Applied override! aes/599cc939::soft[0]::fixslice[0]::mix_columns_3[0]
Matching 13 overrides of  aes/599cc939::soft[0]::fixslice[0]::add_round_key[0] ...
Branching on 1 override variants of aes/599cc939::soft[0]::fixslice[0]::add_round_key[0] ...
Applied override! aes/599cc939::soft[0]::fixslice[0]::add_round_key[0]
Matching 1 overrides of  aes/599cc939::soft[0]::fixslice[0]::sub_bytes[0] ...
Branching on 1 override variants of aes/599cc939::soft[0]::fixslice[0]::sub_bytes[0] ...
Applied override! aes/599cc939::soft[0]::fixslice[0]::sub_bytes[0]
Matching 1 overrides of  aes/599cc939::soft[0]::fixslice[0]::mix_columns_0[0] ...
Branching on 1 override variants of aes/599cc939::soft[0]::fixslice[0]::mix_columns_0[0] ...
Applied override! aes/599cc939::soft[0]::fixslice[0]::mix_columns_0[0]
Matching 13 overrides of  aes/599cc939::soft[0]::fixslice[0]::add_round_key[0] ...
Branching on 1 override variants of aes/599cc939::soft[0]::fixslice[0]::add_round_key[0] ...
Applied override! aes/599cc939::soft[0]::fixslice[0]::add_round_key[0]
Matching 1 overrides of  aes/599cc939::soft[0]::fixslice[0]::sub_bytes[0] ...
Branching on 1 override variants of aes/599cc939::soft[0]::fixslice[0]::sub_bytes[0] ...
Applied override! aes/599cc939::soft[0]::fixslice[0]::sub_bytes[0]
Matching 1 overrides of  aes/599cc939::soft[0]::fixslice[0]::mix_columns_1[0] ...
Branching on 1 override variants of aes/599cc939::soft[0]::fixslice[0]::mix_columns_1[0] ...
Applied override! aes/599cc939::soft[0]::fixslice[0]::mix_columns_1[0]
Matching 13 overrides of  aes/599cc939::soft[0]::fixslice[0]::add_round_key[0] ...
Branching on 1 override variants of aes/599cc939::soft[0]::fixslice[0]::add_round_key[0] ...
Applied override! aes/599cc939::soft[0]::fixslice[0]::add_round_key[0]
Matching 1 overrides of  aes/599cc939::soft[0]::fixslice[0]::sub_bytes[0] ...
Branching on 1 override variants of aes/599cc939::soft[0]::fixslice[0]::sub_bytes[0] ...
Applied override! aes/599cc939::soft[0]::fixslice[0]::sub_bytes[0]
Matching 1 overrides of  aes/599cc939::soft[0]::fixslice[0]::mix_columns_2[0] ...
Branching on 1 override variants of aes/599cc939::soft[0]::fixslice[0]::mix_columns_2[0] ...
Applied override! aes/599cc939::soft[0]::fixslice[0]::mix_columns_2[0]
Matching 13 overrides of  aes/599cc939::soft[0]::fixslice[0]::add_round_key[0] ...
Branching on 1 override variants of aes/599cc939::soft[0]::fixslice[0]::add_round_key[0] ...
Applied override! aes/599cc939::soft[0]::fixslice[0]::add_round_key[0]
Matching 1 overrides of  aes/599cc939::soft[0]::fixslice[0]::sub_bytes[0] ...
Branching on 1 override variants of aes/599cc939::soft[0]::fixslice[0]::sub_bytes[0] ...
Applied override! aes/599cc939::soft[0]::fixslice[0]::sub_bytes[0]
Matching 1 overrides of  aes/599cc939::soft[0]::fixslice[0]::mix_columns_3[0] ...
Branching on 1 override variants of aes/599cc939::soft[0]::fixslice[0]::mix_columns_3[0] ...
Applied override! aes/599cc939::soft[0]::fixslice[0]::mix_columns_3[0]
Matching 13 overrides of  aes/599cc939::soft[0]::fixslice[0]::add_round_key[0] ...
Branching on 1 override variants of aes/599cc939::soft[0]::fixslice[0]::add_round_key[0] ...
Applied override! aes/599cc939::soft[0]::fixslice[0]::add_round_key[0]
Matching 1 overrides of  aes/599cc939::soft[0]::fixslice[0]::sub_bytes[0] ...
Branching on 1 override variants of aes/599cc939::soft[0]::fixslice[0]::sub_bytes[0] ...
Applied override! aes/599cc939::soft[0]::fixslice[0]::sub_bytes[0]
Matching 13 overrides of  aes/599cc939::soft[0]::fixslice[0]::add_round_key[0] ...
Branching on 1 override variants of aes/599cc939::soft[0]::fixslice[0]::add_round_key[0] ...
Applied override! aes/599cc939::soft[0]::fixslice[0]::add_round_key[0]
Matching 1 overrides of  aes/599cc939::soft[0]::fixslice[0]::inv_bitslice[0] ...
Branching on 1 override variants of aes/599cc939::soft[0]::fixslice[0]::inv_bitslice[0] ...
Applied override! aes/599cc939::soft[0]::fixslice[0]::inv_bitslice[0]
Checking proof obligations aes/599cc939::soft[0]::fixslice[0]::aes192_encrypt[0] ...
Starting RME
Starting RME
Starting RME
Starting RME
Proof succeeded! aes/599cc939::soft[0]::fixslice[0]::aes192_encrypt[0]
Verifying aes_verif/65c7dccb::toplevel_encrypt_block_192[0] ...
Simulating aes_verif/65c7dccb::toplevel_encrypt_block_192[0] ...
Matching 1 overrides of  aes/599cc939::soft[0]::fixslice[0]::aes192_key_schedule[0] ...
Branching on 1 override variants of aes/599cc939::soft[0]::fixslice[0]::aes192_key_schedule[0] ...
Applied override! aes/599cc939::soft[0]::fixslice[0]::aes192_key_schedule[0]
Matching 1 overrides of  aes/599cc939::soft[0]::fixslice[0]::aes192_encrypt[0] ...
Branching on 1 override variants of aes/599cc939::soft[0]::fixslice[0]::aes192_encrypt[0] ...
Applied override! aes/599cc939::soft[0]::fixslice[0]::aes192_encrypt[0]
Checking proof obligations aes_verif/65c7dccb::toplevel_encrypt_block_192[0] ...
Proof succeeded! aes_verif/65c7dccb::toplevel_encrypt_block_192[0]
Verifying aes/599cc939::soft[0]::fixslice[0]::inv_sub_bytes[0] ...
Simulating aes/599cc939::soft[0]::fixslice[0]::inv_sub_bytes[0] ...
Checking proof obligations aes/599cc939::soft[0]::fixslice[0]::inv_sub_bytes[0] ...
Proof succeeded! aes/599cc939::soft[0]::fixslice[0]::inv_sub_bytes[0]
Verifying aes/599cc939::soft[0]::fixslice[0]::inv_shift_rows_2[0] ...
Simulating aes/599cc939::soft[0]::fixslice[0]::inv_shift_rows_2[0] ...
Checking proof obligations aes/599cc939::soft[0]::fixslice[0]::inv_shift_rows_2[0] ...
Proof succeeded! aes/599cc939::soft[0]::fixslice[0]::inv_shift_rows_2[0]
Verifying aes/599cc939::soft[0]::fixslice[0]::inv_mix_columns_0[0] ...
Simulating aes/599cc939::soft[0]::fixslice[0]::inv_mix_columns_0[0] ...
Checking proof obligations aes/599cc939::soft[0]::fixslice[0]::inv_mix_columns_0[0] ...
Proof succeeded! aes/599cc939::soft[0]::fixslice[0]::inv_mix_columns_0[0]
Verifying aes/599cc939::soft[0]::fixslice[0]::inv_mix_columns_1[0] ...
Simulating aes/599cc939::soft[0]::fixslice[0]::inv_mix_columns_1[0] ...
Checking proof obligations aes/599cc939::soft[0]::fixslice[0]::inv_mix_columns_1[0] ...
Proof succeeded! aes/599cc939::soft[0]::fixslice[0]::inv_mix_columns_1[0]
Verifying aes/599cc939::soft[0]::fixslice[0]::inv_mix_columns_2[0] ...
Simulating aes/599cc939::soft[0]::fixslice[0]::inv_mix_columns_2[0] ...
Checking proof obligations aes/599cc939::soft[0]::fixslice[0]::inv_mix_columns_2[0] ...
Proof succeeded! aes/599cc939::soft[0]::fixslice[0]::inv_mix_columns_2[0]
Verifying aes/599cc939::soft[0]::fixslice[0]::inv_mix_columns_3[0] ...
Simulating aes/599cc939::soft[0]::fixslice[0]::inv_mix_columns_3[0] ...
Checking proof obligations aes/599cc939::soft[0]::fixslice[0]::inv_mix_columns_3[0] ...
Proof succeeded! aes/599cc939::soft[0]::fixslice[0]::inv_mix_columns_3[0]
Verifying aes/599cc939::soft[0]::fixslice[0]::aes192_decrypt[0] ...
Simulating aes/599cc939::soft[0]::fixslice[0]::aes192_decrypt[0] ...
Matching 1 overrides of  aes/599cc939::soft[0]::fixslice[0]::bitslice[0] ...
Branching on 1 override variants of aes/599cc939::soft[0]::fixslice[0]::bitslice[0] ...
Applied override! aes/599cc939::soft[0]::fixslice[0]::bitslice[0]
Matching 13 overrides of  aes/599cc939::soft[0]::fixslice[0]::add_round_key[0] ...
Branching on 1 override variants of aes/599cc939::soft[0]::fixslice[0]::add_round_key[0] ...
Applied override! aes/599cc939::soft[0]::fixslice[0]::add_round_key[0]
Matching 1 overrides of  aes/599cc939::soft[0]::fixslice[0]::inv_sub_bytes[0] ...
Branching on 1 override variants of aes/599cc939::soft[0]::fixslice[0]::inv_sub_bytes[0] ...
Applied override! aes/599cc939::soft[0]::fixslice[0]::inv_sub_bytes[0]
Matching 13 overrides of  aes/599cc939::soft[0]::fixslice[0]::add_round_key[0] ...
Branching on 1 override variants of aes/599cc939::soft[0]::fixslice[0]::add_round_key[0] ...
Applied override! aes/599cc939::soft[0]::fixslice[0]::add_round_key[0]
Matching 1 overrides of  aes/599cc939::soft[0]::fixslice[0]::inv_mix_columns_3[0] ...
Branching on 1 override variants of aes/599cc939::soft[0]::fixslice[0]::inv_mix_columns_3[0] ...
Applied override! aes/599cc939::soft[0]::fixslice[0]::inv_mix_columns_3[0]
Matching 1 overrides of  aes/599cc939::soft[0]::fixslice[0]::inv_sub_bytes[0] ...
Branching on 1 override variants of aes/599cc939::soft[0]::fixslice[0]::inv_sub_bytes[0] ...
Applied override! aes/599cc939::soft[0]::fixslice[0]::inv_sub_bytes[0]
Matching 13 overrides of  aes/599cc939::soft[0]::fixslice[0]::add_round_key[0] ...
Branching on 1 override variants of aes/599cc939::soft[0]::fixslice[0]::add_round_key[0] ...
Applied override! aes/599cc939::soft[0]::fixslice[0]::add_round_key[0]
Matching 1 overrides of  aes/599cc939::soft[0]::fixslice[0]::inv_mix_columns_2[0] ...
Branching on 1 override variants of aes/599cc939::soft[0]::fixslice[0]::inv_mix_columns_2[0] ...
Applied override! aes/599cc939::soft[0]::fixslice[0]::inv_mix_columns_2[0]
Matching 1 overrides of  aes/599cc939::soft[0]::fixslice[0]::inv_sub_bytes[0] ...
Branching on 1 override variants of aes/599cc939::soft[0]::fixslice[0]::inv_sub_bytes[0] ...
Applied override! aes/599cc939::soft[0]::fixslice[0]::inv_sub_bytes[0]
Matching 13 overrides of  aes/599cc939::soft[0]::fixslice[0]::add_round_key[0] ...
Branching on 1 override variants of aes/599cc939::soft[0]::fixslice[0]::add_round_key[0] ...
Applied override! aes/599cc939::soft[0]::fixslice[0]::add_round_key[0]
Matching 1 overrides of  aes/599cc939::soft[0]::fixslice[0]::inv_mix_columns_1[0] ...
Branching on 1 override variants of aes/599cc939::soft[0]::fixslice[0]::inv_mix_columns_1[0] ...
Applied override! aes/599cc939::soft[0]::fixslice[0]::inv_mix_columns_1[0]
Matching 1 overrides of  aes/599cc939::soft[0]::fixslice[0]::inv_sub_bytes[0] ...
Branching on 1 override variants of aes/599cc939::soft[0]::fixslice[0]::inv_sub_bytes[0] ...
Applied override! aes/599cc939::soft[0]::fixslice[0]::inv_sub_bytes[0]
Matching 13 overrides of  aes/599cc939::soft[0]::fixslice[0]::add_round_key[0] ...
Branching on 1 override variants of aes/599cc939::soft[0]::fixslice[0]::add_round_key[0] ...
Applied override! aes/599cc939::soft[0]::fixslice[0]::add_round_key[0]
Matching 1 overrides of  aes/599cc939::soft[0]::fixslice[0]::inv_mix_columns_0[0] ...
Branching on 1 override variants of aes/599cc939::soft[0]::fixslice[0]::inv_mix_columns_0[0] ...
Applied override! aes/599cc939::soft[0]::fixslice[0]::inv_mix_columns_0[0]
Matching 1 overrides of  aes/599cc939::soft[0]::fixslice[0]::inv_sub_bytes[0] ...
Branching on 1 override variants of aes/599cc939::soft[0]::fixslice[0]::inv_sub_bytes[0] ...
Applied override! aes/599cc939::soft[0]::fixslice[0]::inv_sub_bytes[0]
Matching 13 overrides of  aes/599cc939::soft[0]::fixslice[0]::add_round_key[0] ...
Branching on 1 override variants of aes/599cc939::soft[0]::fixslice[0]::add_round_key[0] ...
Applied override! aes/599cc939::soft[0]::fixslice[0]::add_round_key[0]
Matching 1 overrides of  aes/599cc939::soft[0]::fixslice[0]::inv_mix_columns_3[0] ...
Branching on 1 override variants of aes/599cc939::soft[0]::fixslice[0]::inv_mix_columns_3[0] ...
Applied override! aes/599cc939::soft[0]::fixslice[0]::inv_mix_columns_3[0]
Matching 1 overrides of  aes/599cc939::soft[0]::fixslice[0]::inv_sub_bytes[0] ...
Branching on 1 override variants of aes/599cc939::soft[0]::fixslice[0]::inv_sub_bytes[0] ...
Applied override! aes/599cc939::soft[0]::fixslice[0]::inv_sub_bytes[0]
Matching 13 overrides of  aes/599cc939::soft[0]::fixslice[0]::add_round_key[0] ...
Branching on 1 override variants of aes/599cc939::soft[0]::fixslice[0]::add_round_key[0] ...
Applied override! aes/599cc939::soft[0]::fixslice[0]::add_round_key[0]
Matching 1 overrides of  aes/599cc939::soft[0]::fixslice[0]::inv_mix_columns_2[0] ...
Branching on 1 override variants of aes/599cc939::soft[0]::fixslice[0]::inv_mix_columns_2[0] ...
Applied override! aes/599cc939::soft[0]::fixslice[0]::inv_mix_columns_2[0]
Matching 1 overrides of  aes/599cc939::soft[0]::fixslice[0]::inv_sub_bytes[0] ...
Branching on 1 override variants of aes/599cc939::soft[0]::fixslice[0]::inv_sub_bytes[0] ...
Applied override! aes/599cc939::soft[0]::fixslice[0]::inv_sub_bytes[0]
Matching 13 overrides of  aes/599cc939::soft[0]::fixslice[0]::add_round_key[0] ...
Branching on 1 override variants of aes/599cc939::soft[0]::fixslice[0]::add_round_key[0] ...
Applied override! aes/599cc939::soft[0]::fixslice[0]::add_round_key[0]
Matching 1 overrides of  aes/599cc939::soft[0]::fixslice[0]::inv_mix_columns_1[0] ...
Branching on 1 override variants of aes/599cc939::soft[0]::fixslice[0]::inv_mix_columns_1[0] ...
Applied override! aes/599cc939::soft[0]::fixslice[0]::inv_mix_columns_1[0]
Matching 1 overrides of  aes/599cc939::soft[0]::fixslice[0]::inv_sub_bytes[0] ...
Branching on 1 override variants of aes/599cc939::soft[0]::fixslice[0]::inv_sub_bytes[0] ...
Applied override! aes/599cc939::soft[0]::fixslice[0]::inv_sub_bytes[0]
Matching 13 overrides of  aes/599cc939::soft[0]::fixslice[0]::add_round_key[0] ...
Branching on 1 override variants of aes/599cc939::soft[0]::fixslice[0]::add_round_key[0] ...
Applied override! aes/599cc939::soft[0]::fixslice[0]::add_round_key[0]
Matching 1 overrides of  aes/599cc939::soft[0]::fixslice[0]::inv_mix_columns_0[0] ...
Branching on 1 override variants of aes/599cc939::soft[0]::fixslice[0]::inv_mix_columns_0[0] ...
Applied override! aes/599cc939::soft[0]::fixslice[0]::inv_mix_columns_0[0]
Matching 1 overrides of  aes/599cc939::soft[0]::fixslice[0]::inv_sub_bytes[0] ...
Branching on 1 override variants of aes/599cc939::soft[0]::fixslice[0]::inv_sub_bytes[0] ...
Applied override! aes/599cc939::soft[0]::fixslice[0]::inv_sub_bytes[0]
Matching 13 overrides of  aes/599cc939::soft[0]::fixslice[0]::add_round_key[0] ...
Branching on 1 override variants of aes/599cc939::soft[0]::fixslice[0]::add_round_key[0] ...
Applied override! aes/599cc939::soft[0]::fixslice[0]::add_round_key[0]
Matching 1 overrides of  aes/599cc939::soft[0]::fixslice[0]::inv_mix_columns_3[0] ...
Branching on 1 override variants of aes/599cc939::soft[0]::fixslice[0]::inv_mix_columns_3[0] ...
Applied override! aes/599cc939::soft[0]::fixslice[0]::inv_mix_columns_3[0]
Matching 1 overrides of  aes/599cc939::soft[0]::fixslice[0]::inv_sub_bytes[0] ...
Branching on 1 override variants of aes/599cc939::soft[0]::fixslice[0]::inv_sub_bytes[0] ...
Applied override! aes/599cc939::soft[0]::fixslice[0]::inv_sub_bytes[0]
Matching 13 overrides of  aes/599cc939::soft[0]::fixslice[0]::add_round_key[0] ...
Branching on 1 override variants of aes/599cc939::soft[0]::fixslice[0]::add_round_key[0] ...
Applied override! aes/599cc939::soft[0]::fixslice[0]::add_round_key[0]
Matching 1 overrides of  aes/599cc939::soft[0]::fixslice[0]::inv_mix_columns_2[0] ...
Branching on 1 override variants of aes/599cc939::soft[0]::fixslice[0]::inv_mix_columns_2[0] ...
Applied override! aes/599cc939::soft[0]::fixslice[0]::inv_mix_columns_2[0]
Matching 1 overrides of  aes/599cc939::soft[0]::fixslice[0]::inv_sub_bytes[0] ...
Branching on 1 override variants of aes/599cc939::soft[0]::fixslice[0]::inv_sub_bytes[0] ...
Applied override! aes/599cc939::soft[0]::fixslice[0]::inv_sub_bytes[0]
Matching 13 overrides of  aes/599cc939::soft[0]::fixslice[0]::add_round_key[0] ...
Branching on 1 override variants of aes/599cc939::soft[0]::fixslice[0]::add_round_key[0] ...
Applied override! aes/599cc939::soft[0]::fixslice[0]::add_round_key[0]
Matching 1 overrides of  aes/599cc939::soft[0]::fixslice[0]::inv_mix_columns_1[0] ...
Branching on 1 override variants of aes/599cc939::soft[0]::fixslice[0]::inv_mix_columns_1[0] ...
Applied override! aes/599cc939::soft[0]::fixslice[0]::inv_mix_columns_1[0]
Matching 1 overrides of  aes/599cc939::soft[0]::fixslice[0]::inv_sub_bytes[0] ...
Branching on 1 override variants of aes/599cc939::soft[0]::fixslice[0]::inv_sub_bytes[0] ...
Applied override! aes/599cc939::soft[0]::fixslice[0]::inv_sub_bytes[0]
Matching 13 overrides of  aes/599cc939::soft[0]::fixslice[0]::add_round_key[0] ...
Branching on 1 override variants of aes/599cc939::soft[0]::fixslice[0]::add_round_key[0] ...
Applied override! aes/599cc939::soft[0]::fixslice[0]::add_round_key[0]
Matching 1 overrides of  aes/599cc939::soft[0]::fixslice[0]::inv_bitslice[0] ...
Branching on 1 override variants of aes/599cc939::soft[0]::fixslice[0]::inv_bitslice[0] ...
Applied override! aes/599cc939::soft[0]::fixslice[0]::inv_bitslice[0]
Checking proof obligations aes/599cc939::soft[0]::fixslice[0]::aes192_decrypt[0] ...
Starting RME
Starting RME
Starting RME
Starting RME
Proof succeeded! aes/599cc939::soft[0]::fixslice[0]::aes192_decrypt[0]
Verifying aes_verif/65c7dccb::toplevel_decrypt_block_192[0] ...
Simulating aes_verif/65c7dccb::toplevel_decrypt_block_192[0] ...
Matching 1 overrides of  aes/599cc939::soft[0]::fixslice[0]::aes192_key_schedule[0] ...
Branching on 1 override variants of aes/599cc939::soft[0]::fixslice[0]::aes192_key_schedule[0] ...
Applied override! aes/599cc939::soft[0]::fixslice[0]::aes192_key_schedule[0]
Matching 1 overrides of  aes/599cc939::soft[0]::fixslice[0]::aes192_decrypt[0] ...
Branching on 1 override variants of aes/599cc939::soft[0]::fixslice[0]::aes192_decrypt[0] ...
Applied override! aes/599cc939::soft[0]::fixslice[0]::aes192_decrypt[0]
Checking proof obligations aes_verif/65c7dccb::toplevel_decrypt_block_192[0] ...
Proof succeeded! aes_verif/65c7dccb::toplevel_decrypt_block_192[0]
Verifying aes/599cc939::soft[0]::fixslice[0]::sub_bytes[0] ...
Simulating aes/599cc939::soft[0]::fixslice[0]::sub_bytes[0] ...
Checking proof obligations aes/599cc939::soft[0]::fixslice[0]::sub_bytes[0] ...
Proof succeeded! aes/599cc939::soft[0]::fixslice[0]::sub_bytes[0]
Verifying aes/599cc939::soft[0]::fixslice[0]::sub_bytes[0] ...
Simulating aes/599cc939::soft[0]::fixslice[0]::sub_bytes[0] ...
Checking proof obligations aes/599cc939::soft[0]::fixslice[0]::sub_bytes[0] ...
Proof succeeded! aes/599cc939::soft[0]::fixslice[0]::sub_bytes[0]
Verifying aes/599cc939::soft[0]::fixslice[0]::sub_bytes[0] ...
Simulating aes/599cc939::soft[0]::fixslice[0]::sub_bytes[0] ...
Checking proof obligations aes/599cc939::soft[0]::fixslice[0]::sub_bytes[0] ...
Proof succeeded! aes/599cc939::soft[0]::fixslice[0]::sub_bytes[0]
Verifying aes/599cc939::soft[0]::fixslice[0]::sub_bytes[0] ...
Simulating aes/599cc939::soft[0]::fixslice[0]::sub_bytes[0] ...
Checking proof obligations aes/599cc939::soft[0]::fixslice[0]::sub_bytes[0] ...
Proof succeeded! aes/599cc939::soft[0]::fixslice[0]::sub_bytes[0]
Verifying aes/599cc939::soft[0]::fixslice[0]::sub_bytes[0] ...
Simulating aes/599cc939::soft[0]::fixslice[0]::sub_bytes[0] ...
Checking proof obligations aes/599cc939::soft[0]::fixslice[0]::sub_bytes[0] ...
Proof succeeded! aes/599cc939::soft[0]::fixslice[0]::sub_bytes[0]
Verifying aes/599cc939::soft[0]::fixslice[0]::sub_bytes[0] ...
Simulating aes/599cc939::soft[0]::fixslice[0]::sub_bytes[0] ...
Checking proof obligations aes/599cc939::soft[0]::fixslice[0]::sub_bytes[0] ...
Proof succeeded! aes/599cc939::soft[0]::fixslice[0]::sub_bytes[0]
Verifying aes/599cc939::soft[0]::fixslice[0]::sub_bytes[0] ...
Simulating aes/599cc939::soft[0]::fixslice[0]::sub_bytes[0] ...
Checking proof obligations aes/599cc939::soft[0]::fixslice[0]::sub_bytes[0] ...
Proof succeeded! aes/599cc939::soft[0]::fixslice[0]::sub_bytes[0]
Verifying aes/599cc939::soft[0]::fixslice[0]::sub_bytes[0] ...
Simulating aes/599cc939::soft[0]::fixslice[0]::sub_bytes[0] ...
Checking proof obligations aes/599cc939::soft[0]::fixslice[0]::sub_bytes[0] ...
Proof succeeded! aes/599cc939::soft[0]::fixslice[0]::sub_bytes[0]
Verifying aes/599cc939::soft[0]::fixslice[0]::sub_bytes[0] ...
Simulating aes/599cc939::soft[0]::fixslice[0]::sub_bytes[0] ...
Checking proof obligations aes/599cc939::soft[0]::fixslice[0]::sub_bytes[0] ...
Proof succeeded! aes/599cc939::soft[0]::fixslice[0]::sub_bytes[0]
Verifying aes/599cc939::soft[0]::fixslice[0]::sub_bytes[0] ...
Simulating aes/599cc939::soft[0]::fixslice[0]::sub_bytes[0] ...
Checking proof obligations aes/599cc939::soft[0]::fixslice[0]::sub_bytes[0] ...
Proof succeeded! aes/599cc939::soft[0]::fixslice[0]::sub_bytes[0]
Verifying aes/599cc939::soft[0]::fixslice[0]::sub_bytes[0] ...
Simulating aes/599cc939::soft[0]::fixslice[0]::sub_bytes[0] ...
Checking proof obligations aes/599cc939::soft[0]::fixslice[0]::sub_bytes[0] ...
Proof succeeded! aes/599cc939::soft[0]::fixslice[0]::sub_bytes[0]
Verifying aes/599cc939::soft[0]::fixslice[0]::sub_bytes[0] ...
Simulating aes/599cc939::soft[0]::fixslice[0]::sub_bytes[0] ...
Checking proof obligations aes/599cc939::soft[0]::fixslice[0]::sub_bytes[0] ...
Proof succeeded! aes/599cc939::soft[0]::fixslice[0]::sub_bytes[0]
Verifying aes/599cc939::soft[0]::fixslice[0]::sub_bytes[0] ...
Simulating aes/599cc939::soft[0]::fixslice[0]::sub_bytes[0] ...
Checking proof obligations aes/599cc939::soft[0]::fixslice[0]::sub_bytes[0] ...
Proof succeeded! aes/599cc939::soft[0]::fixslice[0]::sub_bytes[0]
Verifying aes/599cc939::soft[0]::fixslice[0]::sub_bytes[0] ...
Simulating aes/599cc939::soft[0]::fixslice[0]::sub_bytes[0] ...
Checking proof obligations aes/599cc939::soft[0]::fixslice[0]::sub_bytes[0] ...
Proof succeeded! aes/599cc939::soft[0]::fixslice[0]::sub_bytes[0]
Verifying aes/599cc939::soft[0]::fixslice[0]::sub_bytes[0] ...
Simulating aes/599cc939::soft[0]::fixslice[0]::sub_bytes[0] ...
Checking proof obligations aes/599cc939::soft[0]::fixslice[0]::sub_bytes[0] ...
Proof succeeded! aes/599cc939::soft[0]::fixslice[0]::sub_bytes[0]
Verifying aes/599cc939::soft[0]::fixslice[0]::sub_bytes_nots[0] ...
Simulating aes/599cc939::soft[0]::fixslice[0]::sub_bytes_nots[0] ...
Checking proof obligations aes/599cc939::soft[0]::fixslice[0]::sub_bytes_nots[0] ...
Proof succeeded! aes/599cc939::soft[0]::fixslice[0]::sub_bytes_nots[0]
Verifying aes/599cc939::soft[0]::fixslice[0]::sub_bytes_nots[0] ...
Simulating aes/599cc939::soft[0]::fixslice[0]::sub_bytes_nots[0] ...
Checking proof obligations aes/599cc939::soft[0]::fixslice[0]::sub_bytes_nots[0] ...
Proof succeeded! aes/599cc939::soft[0]::fixslice[0]::sub_bytes_nots[0]
Verifying aes/599cc939::soft[0]::fixslice[0]::sub_bytes_nots[0] ...
Simulating aes/599cc939::soft[0]::fixslice[0]::sub_bytes_nots[0] ...
Checking proof obligations aes/599cc939::soft[0]::fixslice[0]::sub_bytes_nots[0] ...
Proof succeeded! aes/599cc939::soft[0]::fixslice[0]::sub_bytes_nots[0]
Verifying aes/599cc939::soft[0]::fixslice[0]::sub_bytes_nots[0] ...
Simulating aes/599cc939::soft[0]::fixslice[0]::sub_bytes_nots[0] ...
Checking proof obligations aes/599cc939::soft[0]::fixslice[0]::sub_bytes_nots[0] ...
Proof succeeded! aes/599cc939::soft[0]::fixslice[0]::sub_bytes_nots[0]
Verifying aes/599cc939::soft[0]::fixslice[0]::sub_bytes_nots[0] ...
Simulating aes/599cc939::soft[0]::fixslice[0]::sub_bytes_nots[0] ...
Checking proof obligations aes/599cc939::soft[0]::fixslice[0]::sub_bytes_nots[0] ...
Proof succeeded! aes/599cc939::soft[0]::fixslice[0]::sub_bytes_nots[0]
Verifying aes/599cc939::soft[0]::fixslice[0]::sub_bytes_nots[0] ...
Simulating aes/599cc939::soft[0]::fixslice[0]::sub_bytes_nots[0] ...
Checking proof obligations aes/599cc939::soft[0]::fixslice[0]::sub_bytes_nots[0] ...
Proof succeeded! aes/599cc939::soft[0]::fixslice[0]::sub_bytes_nots[0]
Verifying aes/599cc939::soft[0]::fixslice[0]::sub_bytes_nots[0] ...
Simulating aes/599cc939::soft[0]::fixslice[0]::sub_bytes_nots[0] ...
Checking proof obligations aes/599cc939::soft[0]::fixslice[0]::sub_bytes_nots[0] ...
Proof succeeded! aes/599cc939::soft[0]::fixslice[0]::sub_bytes_nots[0]
Verifying aes/599cc939::soft[0]::fixslice[0]::sub_bytes_nots[0] ...
Simulating aes/599cc939::soft[0]::fixslice[0]::sub_bytes_nots[0] ...
Checking proof obligations aes/599cc939::soft[0]::fixslice[0]::sub_bytes_nots[0] ...
Proof succeeded! aes/599cc939::soft[0]::fixslice[0]::sub_bytes_nots[0]
Verifying aes/599cc939::soft[0]::fixslice[0]::sub_bytes_nots[0] ...
Simulating aes/599cc939::soft[0]::fixslice[0]::sub_bytes_nots[0] ...
Checking proof obligations aes/599cc939::soft[0]::fixslice[0]::sub_bytes_nots[0] ...
Proof succeeded! aes/599cc939::soft[0]::fixslice[0]::sub_bytes_nots[0]
Verifying aes/599cc939::soft[0]::fixslice[0]::sub_bytes_nots[0] ...
Simulating aes/599cc939::soft[0]::fixslice[0]::sub_bytes_nots[0] ...
Checking proof obligations aes/599cc939::soft[0]::fixslice[0]::sub_bytes_nots[0] ...
Proof succeeded! aes/599cc939::soft[0]::fixslice[0]::sub_bytes_nots[0]
Verifying aes/599cc939::soft[0]::fixslice[0]::sub_bytes_nots[0] ...
Simulating aes/599cc939::soft[0]::fixslice[0]::sub_bytes_nots[0] ...
Checking proof obligations aes/599cc939::soft[0]::fixslice[0]::sub_bytes_nots[0] ...
Proof succeeded! aes/599cc939::soft[0]::fixslice[0]::sub_bytes_nots[0]
Verifying aes/599cc939::soft[0]::fixslice[0]::sub_bytes_nots[0] ...
Simulating aes/599cc939::soft[0]::fixslice[0]::sub_bytes_nots[0] ...
Checking proof obligations aes/599cc939::soft[0]::fixslice[0]::sub_bytes_nots[0] ...
Proof succeeded! aes/599cc939::soft[0]::fixslice[0]::sub_bytes_nots[0]
Verifying aes/599cc939::soft[0]::fixslice[0]::sub_bytes_nots[0] ...
Simulating aes/599cc939::soft[0]::fixslice[0]::sub_bytes_nots[0] ...
Checking proof obligations aes/599cc939::soft[0]::fixslice[0]::sub_bytes_nots[0] ...
Proof succeeded! aes/599cc939::soft[0]::fixslice[0]::sub_bytes_nots[0]
Verifying aes/599cc939::soft[0]::fixslice[0]::sub_bytes_nots[0] ...
Simulating aes/599cc939::soft[0]::fixslice[0]::sub_bytes_nots[0] ...
Checking proof obligations aes/599cc939::soft[0]::fixslice[0]::sub_bytes_nots[0] ...
Proof succeeded! aes/599cc939::soft[0]::fixslice[0]::sub_bytes_nots[0]
Verifying aes/599cc939::soft[0]::fixslice[0]::sub_bytes_nots[0] ...
Simulating aes/599cc939::soft[0]::fixslice[0]::sub_bytes_nots[0] ...
Checking proof obligations aes/599cc939::soft[0]::fixslice[0]::sub_bytes_nots[0] ...
Proof succeeded! aes/599cc939::soft[0]::fixslice[0]::sub_bytes_nots[0]
Verifying aes/599cc939::soft[0]::fixslice[0]::inv_shift_rows_1[0] ...
Simulating aes/599cc939::soft[0]::fixslice[0]::inv_shift_rows_1[0] ...
Checking proof obligations aes/599cc939::soft[0]::fixslice[0]::inv_shift_rows_1[0] ...
Proof succeeded! aes/599cc939::soft[0]::fixslice[0]::inv_shift_rows_1[0]
Verifying aes/599cc939::soft[0]::fixslice[0]::inv_shift_rows_1[0] ...
Simulating aes/599cc939::soft[0]::fixslice[0]::inv_shift_rows_1[0] ...
Checking proof obligations aes/599cc939::soft[0]::fixslice[0]::inv_shift_rows_1[0] ...
Proof succeeded! aes/599cc939::soft[0]::fixslice[0]::inv_shift_rows_1[0]
Verifying aes/599cc939::soft[0]::fixslice[0]::inv_shift_rows_1[0] ...
Simulating aes/599cc939::soft[0]::fixslice[0]::inv_shift_rows_1[0] ...
Checking proof obligations aes/599cc939::soft[0]::fixslice[0]::inv_shift_rows_1[0] ...
Proof succeeded! aes/599cc939::soft[0]::fixslice[0]::inv_shift_rows_1[0]
Verifying aes/599cc939::soft[0]::fixslice[0]::inv_shift_rows_1[0] ...
Simulating aes/599cc939::soft[0]::fixslice[0]::inv_shift_rows_1[0] ...
Checking proof obligations aes/599cc939::soft[0]::fixslice[0]::inv_shift_rows_1[0] ...
Proof succeeded! aes/599cc939::soft[0]::fixslice[0]::inv_shift_rows_1[0]
Verifying aes/599cc939::soft[0]::fixslice[0]::inv_shift_rows_1[0] ...
Simulating aes/599cc939::soft[0]::fixslice[0]::inv_shift_rows_1[0] ...
Checking proof obligations aes/599cc939::soft[0]::fixslice[0]::inv_shift_rows_1[0] ...
Proof succeeded! aes/599cc939::soft[0]::fixslice[0]::inv_shift_rows_1[0]
Verifying aes/599cc939::soft[0]::fixslice[0]::inv_shift_rows_1[0] ...
Simulating aes/599cc939::soft[0]::fixslice[0]::inv_shift_rows_1[0] ...
Checking proof obligations aes/599cc939::soft[0]::fixslice[0]::inv_shift_rows_1[0] ...
Proof succeeded! aes/599cc939::soft[0]::fixslice[0]::inv_shift_rows_1[0]
Verifying aes/599cc939::soft[0]::fixslice[0]::inv_shift_rows_1[0] ...
Simulating aes/599cc939::soft[0]::fixslice[0]::inv_shift_rows_1[0] ...
Checking proof obligations aes/599cc939::soft[0]::fixslice[0]::inv_shift_rows_1[0] ...
Proof succeeded! aes/599cc939::soft[0]::fixslice[0]::inv_shift_rows_1[0]
Verifying aes/599cc939::soft[0]::fixslice[0]::inv_shift_rows_1[0] ...
Simulating aes/599cc939::soft[0]::fixslice[0]::inv_shift_rows_1[0] ...
Checking proof obligations aes/599cc939::soft[0]::fixslice[0]::inv_shift_rows_1[0] ...
Proof succeeded! aes/599cc939::soft[0]::fixslice[0]::inv_shift_rows_1[0]
Verifying aes/599cc939::soft[0]::fixslice[0]::inv_shift_rows_1[0] ...
Simulating aes/599cc939::soft[0]::fixslice[0]::inv_shift_rows_1[0] ...
Checking proof obligations aes/599cc939::soft[0]::fixslice[0]::inv_shift_rows_1[0] ...
Proof succeeded! aes/599cc939::soft[0]::fixslice[0]::inv_shift_rows_1[0]
Verifying aes/599cc939::soft[0]::fixslice[0]::inv_shift_rows_1[0] ...
Simulating aes/599cc939::soft[0]::fixslice[0]::inv_shift_rows_1[0] ...
Checking proof obligations aes/599cc939::soft[0]::fixslice[0]::inv_shift_rows_1[0] ...
Proof succeeded! aes/599cc939::soft[0]::fixslice[0]::inv_shift_rows_1[0]
Verifying aes/599cc939::soft[0]::fixslice[0]::inv_shift_rows_1[0] ...
Simulating aes/599cc939::soft[0]::fixslice[0]::inv_shift_rows_1[0] ...
Checking proof obligations aes/599cc939::soft[0]::fixslice[0]::inv_shift_rows_1[0] ...
Proof succeeded! aes/599cc939::soft[0]::fixslice[0]::inv_shift_rows_1[0]
Verifying aes/599cc939::soft[0]::fixslice[0]::inv_shift_rows_1[0] ...
Simulating aes/599cc939::soft[0]::fixslice[0]::inv_shift_rows_1[0] ...
Checking proof obligations aes/599cc939::soft[0]::fixslice[0]::inv_shift_rows_1[0] ...
Proof succeeded! aes/599cc939::soft[0]::fixslice[0]::inv_shift_rows_1[0]
Verifying aes/599cc939::soft[0]::fixslice[0]::inv_shift_rows_1[0] ...
Simulating aes/599cc939::soft[0]::fixslice[0]::inv_shift_rows_1[0] ...
Checking proof obligations aes/599cc939::soft[0]::fixslice[0]::inv_shift_rows_1[0] ...
Proof succeeded! aes/599cc939::soft[0]::fixslice[0]::inv_shift_rows_1[0]
Verifying aes/599cc939::soft[0]::fixslice[0]::inv_shift_rows_1[0] ...
Simulating aes/599cc939::soft[0]::fixslice[0]::inv_shift_rows_1[0] ...
Checking proof obligations aes/599cc939::soft[0]::fixslice[0]::inv_shift_rows_1[0] ...
Proof succeeded! aes/599cc939::soft[0]::fixslice[0]::inv_shift_rows_1[0]
Verifying aes/599cc939::soft[0]::fixslice[0]::inv_shift_rows_1[0] ...
Simulating aes/599cc939::soft[0]::fixslice[0]::inv_shift_rows_1[0] ...
Checking proof obligations aes/599cc939::soft[0]::fixslice[0]::inv_shift_rows_1[0] ...
Proof succeeded! aes/599cc939::soft[0]::fixslice[0]::inv_shift_rows_1[0]
Verifying aes/599cc939::soft[0]::fixslice[0]::inv_shift_rows_2[0] ...
Simulating aes/599cc939::soft[0]::fixslice[0]::inv_shift_rows_2[0] ...
Checking proof obligations aes/599cc939::soft[0]::fixslice[0]::inv_shift_rows_2[0] ...
Proof succeeded! aes/599cc939::soft[0]::fixslice[0]::inv_shift_rows_2[0]
Verifying aes/599cc939::soft[0]::fixslice[0]::inv_shift_rows_2[0] ...
Simulating aes/599cc939::soft[0]::fixslice[0]::inv_shift_rows_2[0] ...
Checking proof obligations aes/599cc939::soft[0]::fixslice[0]::inv_shift_rows_2[0] ...
Proof succeeded! aes/599cc939::soft[0]::fixslice[0]::inv_shift_rows_2[0]
Verifying aes/599cc939::soft[0]::fixslice[0]::inv_shift_rows_2[0] ...
Simulating aes/599cc939::soft[0]::fixslice[0]::inv_shift_rows_2[0] ...
Checking proof obligations aes/599cc939::soft[0]::fixslice[0]::inv_shift_rows_2[0] ...
Proof succeeded! aes/599cc939::soft[0]::fixslice[0]::inv_shift_rows_2[0]
Verifying aes/599cc939::soft[0]::fixslice[0]::inv_shift_rows_2[0] ...
Simulating aes/599cc939::soft[0]::fixslice[0]::inv_shift_rows_2[0] ...
Checking proof obligations aes/599cc939::soft[0]::fixslice[0]::inv_shift_rows_2[0] ...
Proof succeeded! aes/599cc939::soft[0]::fixslice[0]::inv_shift_rows_2[0]
Verifying aes/599cc939::soft[0]::fixslice[0]::inv_shift_rows_2[0] ...
Simulating aes/599cc939::soft[0]::fixslice[0]::inv_shift_rows_2[0] ...
Checking proof obligations aes/599cc939::soft[0]::fixslice[0]::inv_shift_rows_2[0] ...
Proof succeeded! aes/599cc939::soft[0]::fixslice[0]::inv_shift_rows_2[0]
Verifying aes/599cc939::soft[0]::fixslice[0]::inv_shift_rows_2[0] ...
Simulating aes/599cc939::soft[0]::fixslice[0]::inv_shift_rows_2[0] ...
Checking proof obligations aes/599cc939::soft[0]::fixslice[0]::inv_shift_rows_2[0] ...
Proof succeeded! aes/599cc939::soft[0]::fixslice[0]::inv_shift_rows_2[0]
Verifying aes/599cc939::soft[0]::fixslice[0]::inv_shift_rows_2[0] ...
Simulating aes/599cc939::soft[0]::fixslice[0]::inv_shift_rows_2[0] ...
Checking proof obligations aes/599cc939::soft[0]::fixslice[0]::inv_shift_rows_2[0] ...
Proof succeeded! aes/599cc939::soft[0]::fixslice[0]::inv_shift_rows_2[0]
Verifying aes/599cc939::soft[0]::fixslice[0]::inv_shift_rows_2[0] ...
Simulating aes/599cc939::soft[0]::fixslice[0]::inv_shift_rows_2[0] ...
Checking proof obligations aes/599cc939::soft[0]::fixslice[0]::inv_shift_rows_2[0] ...
Proof succeeded! aes/599cc939::soft[0]::fixslice[0]::inv_shift_rows_2[0]
Verifying aes/599cc939::soft[0]::fixslice[0]::inv_shift_rows_2[0] ...
Simulating aes/599cc939::soft[0]::fixslice[0]::inv_shift_rows_2[0] ...
Checking proof obligations aes/599cc939::soft[0]::fixslice[0]::inv_shift_rows_2[0] ...
Proof succeeded! aes/599cc939::soft[0]::fixslice[0]::inv_shift_rows_2[0]
Verifying aes/599cc939::soft[0]::fixslice[0]::inv_shift_rows_2[0] ...
Simulating aes/599cc939::soft[0]::fixslice[0]::inv_shift_rows_2[0] ...
Checking proof obligations aes/599cc939::soft[0]::fixslice[0]::inv_shift_rows_2[0] ...
Proof succeeded! aes/599cc939::soft[0]::fixslice[0]::inv_shift_rows_2[0]
Verifying aes/599cc939::soft[0]::fixslice[0]::inv_shift_rows_2[0] ...
Simulating aes/599cc939::soft[0]::fixslice[0]::inv_shift_rows_2[0] ...
Checking proof obligations aes/599cc939::soft[0]::fixslice[0]::inv_shift_rows_2[0] ...
Proof succeeded! aes/599cc939::soft[0]::fixslice[0]::inv_shift_rows_2[0]
Verifying aes/599cc939::soft[0]::fixslice[0]::inv_shift_rows_2[0] ...
Simulating aes/599cc939::soft[0]::fixslice[0]::inv_shift_rows_2[0] ...
Checking proof obligations aes/599cc939::soft[0]::fixslice[0]::inv_shift_rows_2[0] ...
Proof succeeded! aes/599cc939::soft[0]::fixslice[0]::inv_shift_rows_2[0]
Verifying aes/599cc939::soft[0]::fixslice[0]::inv_shift_rows_2[0] ...
Simulating aes/599cc939::soft[0]::fixslice[0]::inv_shift_rows_2[0] ...
Checking proof obligations aes/599cc939::soft[0]::fixslice[0]::inv_shift_rows_2[0] ...
Proof succeeded! aes/599cc939::soft[0]::fixslice[0]::inv_shift_rows_2[0]
Verifying aes/599cc939::soft[0]::fixslice[0]::inv_shift_rows_2[0] ...
Simulating aes/599cc939::soft[0]::fixslice[0]::inv_shift_rows_2[0] ...
Checking proof obligations aes/599cc939::soft[0]::fixslice[0]::inv_shift_rows_2[0] ...
Proof succeeded! aes/599cc939::soft[0]::fixslice[0]::inv_shift_rows_2[0]
Verifying aes/599cc939::soft[0]::fixslice[0]::inv_shift_rows_2[0] ...
Simulating aes/599cc939::soft[0]::fixslice[0]::inv_shift_rows_2[0] ...
Checking proof obligations aes/599cc939::soft[0]::fixslice[0]::inv_shift_rows_2[0] ...
Proof succeeded! aes/599cc939::soft[0]::fixslice[0]::inv_shift_rows_2[0]
Verifying aes/599cc939::soft[0]::fixslice[0]::inv_shift_rows_3[0] ...
Simulating aes/599cc939::soft[0]::fixslice[0]::inv_shift_rows_3[0] ...
Checking proof obligations aes/599cc939::soft[0]::fixslice[0]::inv_shift_rows_3[0] ...
Proof succeeded! aes/599cc939::soft[0]::fixslice[0]::inv_shift_rows_3[0]
Verifying aes/599cc939::soft[0]::fixslice[0]::inv_shift_rows_3[0] ...
Simulating aes/599cc939::soft[0]::fixslice[0]::inv_shift_rows_3[0] ...
Checking proof obligations aes/599cc939::soft[0]::fixslice[0]::inv_shift_rows_3[0] ...
Proof succeeded! aes/599cc939::soft[0]::fixslice[0]::inv_shift_rows_3[0]
Verifying aes/599cc939::soft[0]::fixslice[0]::inv_shift_rows_3[0] ...
Simulating aes/599cc939::soft[0]::fixslice[0]::inv_shift_rows_3[0] ...
Checking proof obligations aes/599cc939::soft[0]::fixslice[0]::inv_shift_rows_3[0] ...
Proof succeeded! aes/599cc939::soft[0]::fixslice[0]::inv_shift_rows_3[0]
Verifying aes/599cc939::soft[0]::fixslice[0]::inv_shift_rows_3[0] ...
Simulating aes/599cc939::soft[0]::fixslice[0]::inv_shift_rows_3[0] ...
Checking proof obligations aes/599cc939::soft[0]::fixslice[0]::inv_shift_rows_3[0] ...
Proof succeeded! aes/599cc939::soft[0]::fixslice[0]::inv_shift_rows_3[0]
Verifying aes/599cc939::soft[0]::fixslice[0]::inv_shift_rows_3[0] ...
Simulating aes/599cc939::soft[0]::fixslice[0]::inv_shift_rows_3[0] ...
Checking proof obligations aes/599cc939::soft[0]::fixslice[0]::inv_shift_rows_3[0] ...
Proof succeeded! aes/599cc939::soft[0]::fixslice[0]::inv_shift_rows_3[0]
Verifying aes/599cc939::soft[0]::fixslice[0]::inv_shift_rows_3[0] ...
Simulating aes/599cc939::soft[0]::fixslice[0]::inv_shift_rows_3[0] ...
Checking proof obligations aes/599cc939::soft[0]::fixslice[0]::inv_shift_rows_3[0] ...
Proof succeeded! aes/599cc939::soft[0]::fixslice[0]::inv_shift_rows_3[0]
Verifying aes/599cc939::soft[0]::fixslice[0]::inv_shift_rows_3[0] ...
Simulating aes/599cc939::soft[0]::fixslice[0]::inv_shift_rows_3[0] ...
Checking proof obligations aes/599cc939::soft[0]::fixslice[0]::inv_shift_rows_3[0] ...
Proof succeeded! aes/599cc939::soft[0]::fixslice[0]::inv_shift_rows_3[0]
Verifying aes/599cc939::soft[0]::fixslice[0]::inv_shift_rows_3[0] ...
Simulating aes/599cc939::soft[0]::fixslice[0]::inv_shift_rows_3[0] ...
Checking proof obligations aes/599cc939::soft[0]::fixslice[0]::inv_shift_rows_3[0] ...
Proof succeeded! aes/599cc939::soft[0]::fixslice[0]::inv_shift_rows_3[0]
Verifying aes/599cc939::soft[0]::fixslice[0]::inv_shift_rows_3[0] ...
Simulating aes/599cc939::soft[0]::fixslice[0]::inv_shift_rows_3[0] ...
Checking proof obligations aes/599cc939::soft[0]::fixslice[0]::inv_shift_rows_3[0] ...
Proof succeeded! aes/599cc939::soft[0]::fixslice[0]::inv_shift_rows_3[0]
Verifying aes/599cc939::soft[0]::fixslice[0]::inv_shift_rows_3[0] ...
Simulating aes/599cc939::soft[0]::fixslice[0]::inv_shift_rows_3[0] ...
Checking proof obligations aes/599cc939::soft[0]::fixslice[0]::inv_shift_rows_3[0] ...
Proof succeeded! aes/599cc939::soft[0]::fixslice[0]::inv_shift_rows_3[0]
Verifying aes/599cc939::soft[0]::fixslice[0]::inv_shift_rows_3[0] ...
Simulating aes/599cc939::soft[0]::fixslice[0]::inv_shift_rows_3[0] ...
Checking proof obligations aes/599cc939::soft[0]::fixslice[0]::inv_shift_rows_3[0] ...
Proof succeeded! aes/599cc939::soft[0]::fixslice[0]::inv_shift_rows_3[0]
Verifying aes/599cc939::soft[0]::fixslice[0]::inv_shift_rows_3[0] ...
Simulating aes/599cc939::soft[0]::fixslice[0]::inv_shift_rows_3[0] ...
Checking proof obligations aes/599cc939::soft[0]::fixslice[0]::inv_shift_rows_3[0] ...
Proof succeeded! aes/599cc939::soft[0]::fixslice[0]::inv_shift_rows_3[0]
Verifying aes/599cc939::soft[0]::fixslice[0]::inv_shift_rows_3[0] ...
Simulating aes/599cc939::soft[0]::fixslice[0]::inv_shift_rows_3[0] ...
Checking proof obligations aes/599cc939::soft[0]::fixslice[0]::inv_shift_rows_3[0] ...
Proof succeeded! aes/599cc939::soft[0]::fixslice[0]::inv_shift_rows_3[0]
Verifying aes/599cc939::soft[0]::fixslice[0]::inv_shift_rows_3[0] ...
Simulating aes/599cc939::soft[0]::fixslice[0]::inv_shift_rows_3[0] ...
Checking proof obligations aes/599cc939::soft[0]::fixslice[0]::inv_shift_rows_3[0] ...
Proof succeeded! aes/599cc939::soft[0]::fixslice[0]::inv_shift_rows_3[0]
Verifying aes/599cc939::soft[0]::fixslice[0]::inv_shift_rows_3[0] ...
Simulating aes/599cc939::soft[0]::fixslice[0]::inv_shift_rows_3[0] ...
Checking proof obligations aes/599cc939::soft[0]::fixslice[0]::inv_shift_rows_3[0] ...
Proof succeeded! aes/599cc939::soft[0]::fixslice[0]::inv_shift_rows_3[0]
Verifying aes/599cc939::soft[0]::fixslice[0]::aes256_key_schedule[0] ...
Simulating aes/599cc939::soft[0]::fixslice[0]::aes256_key_schedule[0] ...
Matching 2 overrides of  aes/599cc939::soft[0]::fixslice[0]::bitslice[0] ...
Branching on 1 override variants of aes/599cc939::soft[0]::fixslice[0]::bitslice[0] ...
Applied override! aes/599cc939::soft[0]::fixslice[0]::bitslice[0]
Matching 2 overrides of  aes/599cc939::soft[0]::fixslice[0]::bitslice[0] ...
Branching on 1 override variants of aes/599cc939::soft[0]::fixslice[0]::bitslice[0] ...
Applied override! aes/599cc939::soft[0]::fixslice[0]::bitslice[0]
Matching 16 overrides of  aes/599cc939::soft[0]::fixslice[0]::sub_bytes[0] ...
Branching on 2 override variants of aes/599cc939::soft[0]::fixslice[0]::sub_bytes[0] ...
Applied override! aes/599cc939::soft[0]::fixslice[0]::sub_bytes[0]
Matching 16 overrides of  aes/599cc939::soft[0]::fixslice[0]::sub_bytes_nots[0] ...
Branching on 2 override variants of aes/599cc939::soft[0]::fixslice[0]::sub_bytes_nots[0] ...
Applied override! aes/599cc939::soft[0]::fixslice[0]::sub_bytes_nots[0]
Matching 16 overrides of  aes/599cc939::soft[0]::fixslice[0]::sub_bytes[0] ...
Branching on 2 override variants of aes/599cc939::soft[0]::fixslice[0]::sub_bytes[0] ...
Applied override! aes/599cc939::soft[0]::fixslice[0]::sub_bytes[0]
Matching 16 overrides of  aes/599cc939::soft[0]::fixslice[0]::sub_bytes_nots[0] ...
Branching on 2 override variants of aes/599cc939::soft[0]::fixslice[0]::sub_bytes_nots[0] ...
Applied override! aes/599cc939::soft[0]::fixslice[0]::sub_bytes_nots[0]
Matching 16 overrides of  aes/599cc939::soft[0]::fixslice[0]::sub_bytes[0] ...
Branching on 2 override variants of aes/599cc939::soft[0]::fixslice[0]::sub_bytes[0] ...
Applied override! aes/599cc939::soft[0]::fixslice[0]::sub_bytes[0]
Matching 16 overrides of  aes/599cc939::soft[0]::fixslice[0]::sub_bytes_nots[0] ...
Branching on 2 override variants of aes/599cc939::soft[0]::fixslice[0]::sub_bytes_nots[0] ...
Applied override! aes/599cc939::soft[0]::fixslice[0]::sub_bytes_nots[0]
Matching 16 overrides of  aes/599cc939::soft[0]::fixslice[0]::sub_bytes[0] ...
Branching on 2 override variants of aes/599cc939::soft[0]::fixslice[0]::sub_bytes[0] ...
Applied override! aes/599cc939::soft[0]::fixslice[0]::sub_bytes[0]
Matching 16 overrides of  aes/599cc939::soft[0]::fixslice[0]::sub_bytes_nots[0] ...
Branching on 2 override variants of aes/599cc939::soft[0]::fixslice[0]::sub_bytes_nots[0] ...
Applied override! aes/599cc939::soft[0]::fixslice[0]::sub_bytes_nots[0]
Matching 16 overrides of  aes/599cc939::soft[0]::fixslice[0]::sub_bytes[0] ...
Branching on 2 override variants of aes/599cc939::soft[0]::fixslice[0]::sub_bytes[0] ...
Applied override! aes/599cc939::soft[0]::fixslice[0]::sub_bytes[0]
Matching 16 overrides of  aes/599cc939::soft[0]::fixslice[0]::sub_bytes_nots[0] ...
Branching on 2 override variants of aes/599cc939::soft[0]::fixslice[0]::sub_bytes_nots[0] ...
Applied override! aes/599cc939::soft[0]::fixslice[0]::sub_bytes_nots[0]
Matching 16 overrides of  aes/599cc939::soft[0]::fixslice[0]::sub_bytes[0] ...
Branching on 2 override variants of aes/599cc939::soft[0]::fixslice[0]::sub_bytes[0] ...
Applied override! aes/599cc939::soft[0]::fixslice[0]::sub_bytes[0]
Matching 16 overrides of  aes/599cc939::soft[0]::fixslice[0]::sub_bytes_nots[0] ...
Branching on 2 override variants of aes/599cc939::soft[0]::fixslice[0]::sub_bytes_nots[0] ...
Applied override! aes/599cc939::soft[0]::fixslice[0]::sub_bytes_nots[0]
Matching 16 overrides of  aes/599cc939::soft[0]::fixslice[0]::sub_bytes[0] ...
Branching on 2 override variants of aes/599cc939::soft[0]::fixslice[0]::sub_bytes[0] ...
Applied override! aes/599cc939::soft[0]::fixslice[0]::sub_bytes[0]
Matching 16 overrides of  aes/599cc939::soft[0]::fixslice[0]::sub_bytes_nots[0] ...
Branching on 2 override variants of aes/599cc939::soft[0]::fixslice[0]::sub_bytes_nots[0] ...
Applied override! aes/599cc939::soft[0]::fixslice[0]::sub_bytes_nots[0]
Matching 16 overrides of  aes/599cc939::soft[0]::fixslice[0]::sub_bytes[0] ...
Branching on 2 override variants of aes/599cc939::soft[0]::fixslice[0]::sub_bytes[0] ...
Applied override! aes/599cc939::soft[0]::fixslice[0]::sub_bytes[0]
Matching 16 overrides of  aes/599cc939::soft[0]::fixslice[0]::sub_bytes_nots[0] ...
Branching on 2 override variants of aes/599cc939::soft[0]::fixslice[0]::sub_bytes_nots[0] ...
Applied override! aes/599cc939::soft[0]::fixslice[0]::sub_bytes_nots[0]
Matching 16 overrides of  aes/599cc939::soft[0]::fixslice[0]::sub_bytes[0] ...
Branching on 2 override variants of aes/599cc939::soft[0]::fixslice[0]::sub_bytes[0] ...
Applied override! aes/599cc939::soft[0]::fixslice[0]::sub_bytes[0]
Matching 16 overrides of  aes/599cc939::soft[0]::fixslice[0]::sub_bytes_nots[0] ...
Branching on 2 override variants of aes/599cc939::soft[0]::fixslice[0]::sub_bytes_nots[0] ...
Applied override! aes/599cc939::soft[0]::fixslice[0]::sub_bytes_nots[0]
Matching 16 overrides of  aes/599cc939::soft[0]::fixslice[0]::sub_bytes[0] ...
Branching on 2 override variants of aes/599cc939::soft[0]::fixslice[0]::sub_bytes[0] ...
Applied override! aes/599cc939::soft[0]::fixslice[0]::sub_bytes[0]
Matching 16 overrides of  aes/599cc939::soft[0]::fixslice[0]::sub_bytes_nots[0] ...
Branching on 2 override variants of aes/599cc939::soft[0]::fixslice[0]::sub_bytes_nots[0] ...
Applied override! aes/599cc939::soft[0]::fixslice[0]::sub_bytes_nots[0]
Matching 16 overrides of  aes/599cc939::soft[0]::fixslice[0]::sub_bytes[0] ...
Branching on 2 override variants of aes/599cc939::soft[0]::fixslice[0]::sub_bytes[0] ...
Applied override! aes/599cc939::soft[0]::fixslice[0]::sub_bytes[0]
Matching 16 overrides of  aes/599cc939::soft[0]::fixslice[0]::sub_bytes_nots[0] ...
Branching on 2 override variants of aes/599cc939::soft[0]::fixslice[0]::sub_bytes_nots[0] ...
Applied override! aes/599cc939::soft[0]::fixslice[0]::sub_bytes_nots[0]
Matching 16 overrides of  aes/599cc939::soft[0]::fixslice[0]::sub_bytes[0] ...
Branching on 2 override variants of aes/599cc939::soft[0]::fixslice[0]::sub_bytes[0] ...
Applied override! aes/599cc939::soft[0]::fixslice[0]::sub_bytes[0]
Matching 16 overrides of  aes/599cc939::soft[0]::fixslice[0]::sub_bytes_nots[0] ...
Branching on 2 override variants of aes/599cc939::soft[0]::fixslice[0]::sub_bytes_nots[0] ...
Applied override! aes/599cc939::soft[0]::fixslice[0]::sub_bytes_nots[0]
Matching 16 overrides of  aes/599cc939::soft[0]::fixslice[0]::sub_bytes[0] ...
Branching on 2 override variants of aes/599cc939::soft[0]::fixslice[0]::sub_bytes[0] ...
Applied override! aes/599cc939::soft[0]::fixslice[0]::sub_bytes[0]
Matching 16 overrides of  aes/599cc939::soft[0]::fixslice[0]::sub_bytes_nots[0] ...
Branching on 2 override variants of aes/599cc939::soft[0]::fixslice[0]::sub_bytes_nots[0] ...
Applied override! aes/599cc939::soft[0]::fixslice[0]::sub_bytes_nots[0]
Matching 15 overrides of  aes/599cc939::soft[0]::fixslice[0]::inv_shift_rows_1[0] ...
Branching on 1 override variants of aes/599cc939::soft[0]::fixslice[0]::inv_shift_rows_1[0] ...
Applied override! aes/599cc939::soft[0]::fixslice[0]::inv_shift_rows_1[0]
Matching 15 overrides of  aes/599cc939::soft[0]::fixslice[0]::inv_shift_rows_2[0] ...
Branching on 1 override variants of aes/599cc939::soft[0]::fixslice[0]::inv_shift_rows_2[0] ...
Applied override! aes/599cc939::soft[0]::fixslice[0]::inv_shift_rows_2[0]
Matching 15 overrides of  aes/599cc939::soft[0]::fixslice[0]::inv_shift_rows_3[0] ...
Branching on 1 override variants of aes/599cc939::soft[0]::fixslice[0]::inv_shift_rows_3[0] ...
Applied override! aes/599cc939::soft[0]::fixslice[0]::inv_shift_rows_3[0]
Matching 15 overrides of  aes/599cc939::soft[0]::fixslice[0]::inv_shift_rows_1[0] ...
Branching on 1 override variants of aes/599cc939::soft[0]::fixslice[0]::inv_shift_rows_1[0] ...
Applied override! aes/599cc939::soft[0]::fixslice[0]::inv_shift_rows_1[0]
Matching 15 overrides of  aes/599cc939::soft[0]::fixslice[0]::inv_shift_rows_2[0] ...
Branching on 1 override variants of aes/599cc939::soft[0]::fixslice[0]::inv_shift_rows_2[0] ...
Applied override! aes/599cc939::soft[0]::fixslice[0]::inv_shift_rows_2[0]
Matching 15 overrides of  aes/599cc939::soft[0]::fixslice[0]::inv_shift_rows_3[0] ...
Branching on 1 override variants of aes/599cc939::soft[0]::fixslice[0]::inv_shift_rows_3[0] ...
Applied override! aes/599cc939::soft[0]::fixslice[0]::inv_shift_rows_3[0]
Matching 15 overrides of  aes/599cc939::soft[0]::fixslice[0]::inv_shift_rows_1[0] ...
Branching on 1 override variants of aes/599cc939::soft[0]::fixslice[0]::inv_shift_rows_1[0] ...
Applied override! aes/599cc939::soft[0]::fixslice[0]::inv_shift_rows_1[0]
Matching 15 overrides of  aes/599cc939::soft[0]::fixslice[0]::inv_shift_rows_2[0] ...
Branching on 1 override variants of aes/599cc939::soft[0]::fixslice[0]::inv_shift_rows_2[0] ...
Applied override! aes/599cc939::soft[0]::fixslice[0]::inv_shift_rows_2[0]
Matching 15 overrides of  aes/599cc939::soft[0]::fixslice[0]::inv_shift_rows_3[0] ...
Branching on 1 override variants of aes/599cc939::soft[0]::fixslice[0]::inv_shift_rows_3[0] ...
Applied override! aes/599cc939::soft[0]::fixslice[0]::inv_shift_rows_3[0]
Matching 15 overrides of  aes/599cc939::soft[0]::fixslice[0]::inv_shift_rows_1[0] ...
Branching on 1 override variants of aes/599cc939::soft[0]::fixslice[0]::inv_shift_rows_1[0] ...
Applied override! aes/599cc939::soft[0]::fixslice[0]::inv_shift_rows_1[0]
Matching 16 overrides of  aes/599cc939::soft[0]::fixslice[0]::sub_bytes_nots[0] ...
Branching on 2 override variants of aes/599cc939::soft[0]::fixslice[0]::sub_bytes_nots[0] ...
Applied override! aes/599cc939::soft[0]::fixslice[0]::sub_bytes_nots[0]
Matching 16 overrides of  aes/599cc939::soft[0]::fixslice[0]::sub_bytes_nots[0] ...
Branching on 2 override variants of aes/599cc939::soft[0]::fixslice[0]::sub_bytes_nots[0] ...
Applied override! aes/599cc939::soft[0]::fixslice[0]::sub_bytes_nots[0]
Matching 16 overrides of  aes/599cc939::soft[0]::fixslice[0]::sub_bytes_nots[0] ...
Branching on 2 override variants of aes/599cc939::soft[0]::fixslice[0]::sub_bytes_nots[0] ...
Applied override! aes/599cc939::soft[0]::fixslice[0]::sub_bytes_nots[0]
Matching 16 overrides of  aes/599cc939::soft[0]::fixslice[0]::sub_bytes_nots[0] ...
Branching on 2 override variants of aes/599cc939::soft[0]::fixslice[0]::sub_bytes_nots[0] ...
Applied override! aes/599cc939::soft[0]::fixslice[0]::sub_bytes_nots[0]
Matching 16 overrides of  aes/599cc939::soft[0]::fixslice[0]::sub_bytes_nots[0] ...
Branching on 2 override variants of aes/599cc939::soft[0]::fixslice[0]::sub_bytes_nots[0] ...
Applied override! aes/599cc939::soft[0]::fixslice[0]::sub_bytes_nots[0]
Matching 16 overrides of  aes/599cc939::soft[0]::fixslice[0]::sub_bytes_nots[0] ...
Branching on 2 override variants of aes/599cc939::soft[0]::fixslice[0]::sub_bytes_nots[0] ...
Applied override! aes/599cc939::soft[0]::fixslice[0]::sub_bytes_nots[0]
Matching 16 overrides of  aes/599cc939::soft[0]::fixslice[0]::sub_bytes_nots[0] ...
Branching on 2 override variants of aes/599cc939::soft[0]::fixslice[0]::sub_bytes_nots[0] ...
Applied override! aes/599cc939::soft[0]::fixslice[0]::sub_bytes_nots[0]
Matching 16 overrides of  aes/599cc939::soft[0]::fixslice[0]::sub_bytes_nots[0] ...
Branching on 2 override variants of aes/599cc939::soft[0]::fixslice[0]::sub_bytes_nots[0] ...
Applied override! aes/599cc939::soft[0]::fixslice[0]::sub_bytes_nots[0]
Matching 16 overrides of  aes/599cc939::soft[0]::fixslice[0]::sub_bytes_nots[0] ...
Branching on 2 override variants of aes/599cc939::soft[0]::fixslice[0]::sub_bytes_nots[0] ...
Applied override! aes/599cc939::soft[0]::fixslice[0]::sub_bytes_nots[0]
Matching 16 overrides of  aes/599cc939::soft[0]::fixslice[0]::sub_bytes_nots[0] ...
Branching on 2 override variants of aes/599cc939::soft[0]::fixslice[0]::sub_bytes_nots[0] ...
Applied override! aes/599cc939::soft[0]::fixslice[0]::sub_bytes_nots[0]
Matching 16 overrides of  aes/599cc939::soft[0]::fixslice[0]::sub_bytes_nots[0] ...
Branching on 2 override variants of aes/599cc939::soft[0]::fixslice[0]::sub_bytes_nots[0] ...
Applied override! aes/599cc939::soft[0]::fixslice[0]::sub_bytes_nots[0]
Matching 16 overrides of  aes/599cc939::soft[0]::fixslice[0]::sub_bytes_nots[0] ...
Branching on 2 override variants of aes/599cc939::soft[0]::fixslice[0]::sub_bytes_nots[0] ...
Applied override! aes/599cc939::soft[0]::fixslice[0]::sub_bytes_nots[0]
Matching 16 overrides of  aes/599cc939::soft[0]::fixslice[0]::sub_bytes_nots[0] ...
Branching on 2 override variants of aes/599cc939::soft[0]::fixslice[0]::sub_bytes_nots[0] ...
Applied override! aes/599cc939::soft[0]::fixslice[0]::sub_bytes_nots[0]
Matching 16 overrides of  aes/599cc939::soft[0]::fixslice[0]::sub_bytes_nots[0] ...
Branching on 2 override variants of aes/599cc939::soft[0]::fixslice[0]::sub_bytes_nots[0] ...
Applied override! aes/599cc939::soft[0]::fixslice[0]::sub_bytes_nots[0]
Checking proof obligations aes/599cc939::soft[0]::fixslice[0]::aes256_key_schedule[0] ...
Starting RME
Proof succeeded! aes/599cc939::soft[0]::fixslice[0]::aes256_key_schedule[0]
Verifying aes/599cc939::soft[0]::fixslice[0]::mix_columns_0[0] ...
Simulating aes/599cc939::soft[0]::fixslice[0]::mix_columns_0[0] ...
Checking proof obligations aes/599cc939::soft[0]::fixslice[0]::mix_columns_0[0] ...
Proof succeeded! aes/599cc939::soft[0]::fixslice[0]::mix_columns_0[0]
Verifying aes/599cc939::soft[0]::fixslice[0]::mix_columns_1[0] ...
Simulating aes/599cc939::soft[0]::fixslice[0]::mix_columns_1[0] ...
Checking proof obligations aes/599cc939::soft[0]::fixslice[0]::mix_columns_1[0] ...
Proof succeeded! aes/599cc939::soft[0]::fixslice[0]::mix_columns_1[0]
Verifying aes/599cc939::soft[0]::fixslice[0]::mix_columns_2[0] ...
Simulating aes/599cc939::soft[0]::fixslice[0]::mix_columns_2[0] ...
Checking proof obligations aes/599cc939::soft[0]::fixslice[0]::mix_columns_2[0] ...
Proof succeeded! aes/599cc939::soft[0]::fixslice[0]::mix_columns_2[0]
Verifying aes/599cc939::soft[0]::fixslice[0]::mix_columns_3[0] ...
Simulating aes/599cc939::soft[0]::fixslice[0]::mix_columns_3[0] ...
Checking proof obligations aes/599cc939::soft[0]::fixslice[0]::mix_columns_3[0] ...
Proof succeeded! aes/599cc939::soft[0]::fixslice[0]::mix_columns_3[0]
Verifying aes/599cc939::soft[0]::fixslice[0]::aes256_encrypt[0] ...
Simulating aes/599cc939::soft[0]::fixslice[0]::aes256_encrypt[0] ...
Matching 1 overrides of  aes/599cc939::soft[0]::fixslice[0]::bitslice[0] ...
Branching on 1 override variants of aes/599cc939::soft[0]::fixslice[0]::bitslice[0] ...
Applied override! aes/599cc939::soft[0]::fixslice[0]::bitslice[0]
Matching 15 overrides of  aes/599cc939::soft[0]::fixslice[0]::add_round_key[0] ...
Branching on 1 override variants of aes/599cc939::soft[0]::fixslice[0]::add_round_key[0] ...
Applied override! aes/599cc939::soft[0]::fixslice[0]::add_round_key[0]
Matching 1 overrides of  aes/599cc939::soft[0]::fixslice[0]::sub_bytes[0] ...
Branching on 1 override variants of aes/599cc939::soft[0]::fixslice[0]::sub_bytes[0] ...
Applied override! aes/599cc939::soft[0]::fixslice[0]::sub_bytes[0]
Matching 1 overrides of  aes/599cc939::soft[0]::fixslice[0]::mix_columns_1[0] ...
Branching on 1 override variants of aes/599cc939::soft[0]::fixslice[0]::mix_columns_1[0] ...
Applied override! aes/599cc939::soft[0]::fixslice[0]::mix_columns_1[0]
Matching 15 overrides of  aes/599cc939::soft[0]::fixslice[0]::add_round_key[0] ...
Branching on 1 override variants of aes/599cc939::soft[0]::fixslice[0]::add_round_key[0] ...
Applied override! aes/599cc939::soft[0]::fixslice[0]::add_round_key[0]
Matching 1 overrides of  aes/599cc939::soft[0]::fixslice[0]::sub_bytes[0] ...
Branching on 1 override variants of aes/599cc939::soft[0]::fixslice[0]::sub_bytes[0] ...
Applied override! aes/599cc939::soft[0]::fixslice[0]::sub_bytes[0]
Matching 1 overrides of  aes/599cc939::soft[0]::fixslice[0]::mix_columns_2[0] ...
Branching on 1 override variants of aes/599cc939::soft[0]::fixslice[0]::mix_columns_2[0] ...
Applied override! aes/599cc939::soft[0]::fixslice[0]::mix_columns_2[0]
Matching 15 overrides of  aes/599cc939::soft[0]::fixslice[0]::add_round_key[0] ...
Branching on 1 override variants of aes/599cc939::soft[0]::fixslice[0]::add_round_key[0] ...
Applied override! aes/599cc939::soft[0]::fixslice[0]::add_round_key[0]
Matching 1 overrides of  aes/599cc939::soft[0]::fixslice[0]::sub_bytes[0] ...
Branching on 1 override variants of aes/599cc939::soft[0]::fixslice[0]::sub_bytes[0] ...
Applied override! aes/599cc939::soft[0]::fixslice[0]::sub_bytes[0]
Matching 1 overrides of  aes/599cc939::soft[0]::fixslice[0]::mix_columns_3[0] ...
Branching on 1 override variants of aes/599cc939::soft[0]::fixslice[0]::mix_columns_3[0] ...
Applied override! aes/599cc939::soft[0]::fixslice[0]::mix_columns_3[0]
Matching 15 overrides of  aes/599cc939::soft[0]::fixslice[0]::add_round_key[0] ...
Branching on 1 override variants of aes/599cc939::soft[0]::fixslice[0]::add_round_key[0] ...
Applied override! aes/599cc939::soft[0]::fixslice[0]::add_round_key[0]
Matching 1 overrides of  aes/599cc939::soft[0]::fixslice[0]::sub_bytes[0] ...
Branching on 1 override variants of aes/599cc939::soft[0]::fixslice[0]::sub_bytes[0] ...
Applied override! aes/599cc939::soft[0]::fixslice[0]::sub_bytes[0]
Matching 1 overrides of  aes/599cc939::soft[0]::fixslice[0]::mix_columns_0[0] ...
Branching on 1 override variants of aes/599cc939::soft[0]::fixslice[0]::mix_columns_0[0] ...
Applied override! aes/599cc939::soft[0]::fixslice[0]::mix_columns_0[0]
Matching 15 overrides of  aes/599cc939::soft[0]::fixslice[0]::add_round_key[0] ...
Branching on 1 override variants of aes/599cc939::soft[0]::fixslice[0]::add_round_key[0] ...
Applied override! aes/599cc939::soft[0]::fixslice[0]::add_round_key[0]
Matching 1 overrides of  aes/599cc939::soft[0]::fixslice[0]::sub_bytes[0] ...
Branching on 1 override variants of aes/599cc939::soft[0]::fixslice[0]::sub_bytes[0] ...
Applied override! aes/599cc939::soft[0]::fixslice[0]::sub_bytes[0]
Matching 1 overrides of  aes/599cc939::soft[0]::fixslice[0]::mix_columns_1[0] ...
Branching on 1 override variants of aes/599cc939::soft[0]::fixslice[0]::mix_columns_1[0] ...
Applied override! aes/599cc939::soft[0]::fixslice[0]::mix_columns_1[0]
Matching 15 overrides of  aes/599cc939::soft[0]::fixslice[0]::add_round_key[0] ...
Branching on 1 override variants of aes/599cc939::soft[0]::fixslice[0]::add_round_key[0] ...
Applied override! aes/599cc939::soft[0]::fixslice[0]::add_round_key[0]
Matching 1 overrides of  aes/599cc939::soft[0]::fixslice[0]::sub_bytes[0] ...
Branching on 1 override variants of aes/599cc939::soft[0]::fixslice[0]::sub_bytes[0] ...
Applied override! aes/599cc939::soft[0]::fixslice[0]::sub_bytes[0]
Matching 1 overrides of  aes/599cc939::soft[0]::fixslice[0]::mix_columns_2[0] ...
Branching on 1 override variants of aes/599cc939::soft[0]::fixslice[0]::mix_columns_2[0] ...
Applied override! aes/599cc939::soft[0]::fixslice[0]::mix_columns_2[0]
Matching 15 overrides of  aes/599cc939::soft[0]::fixslice[0]::add_round_key[0] ...
Branching on 1 override variants of aes/599cc939::soft[0]::fixslice[0]::add_round_key[0] ...
Applied override! aes/599cc939::soft[0]::fixslice[0]::add_round_key[0]
Matching 1 overrides of  aes/599cc939::soft[0]::fixslice[0]::sub_bytes[0] ...
Branching on 1 override variants of aes/599cc939::soft[0]::fixslice[0]::sub_bytes[0] ...
Applied override! aes/599cc939::soft[0]::fixslice[0]::sub_bytes[0]
Matching 1 overrides of  aes/599cc939::soft[0]::fixslice[0]::mix_columns_3[0] ...
Branching on 1 override variants of aes/599cc939::soft[0]::fixslice[0]::mix_columns_3[0] ...
Applied override! aes/599cc939::soft[0]::fixslice[0]::mix_columns_3[0]
Matching 15 overrides of  aes/599cc939::soft[0]::fixslice[0]::add_round_key[0] ...
Branching on 1 override variants of aes/599cc939::soft[0]::fixslice[0]::add_round_key[0] ...
Applied override! aes/599cc939::soft[0]::fixslice[0]::add_round_key[0]
Matching 1 overrides of  aes/599cc939::soft[0]::fixslice[0]::sub_bytes[0] ...
Branching on 1 override variants of aes/599cc939::soft[0]::fixslice[0]::sub_bytes[0] ...
Applied override! aes/599cc939::soft[0]::fixslice[0]::sub_bytes[0]
Matching 1 overrides of  aes/599cc939::soft[0]::fixslice[0]::mix_columns_0[0] ...
Branching on 1 override variants of aes/599cc939::soft[0]::fixslice[0]::mix_columns_0[0] ...
Applied override! aes/599cc939::soft[0]::fixslice[0]::mix_columns_0[0]
Matching 15 overrides of  aes/599cc939::soft[0]::fixslice[0]::add_round_key[0] ...
Branching on 1 override variants of aes/599cc939::soft[0]::fixslice[0]::add_round_key[0] ...
Applied override! aes/599cc939::soft[0]::fixslice[0]::add_round_key[0]
Matching 1 overrides of  aes/599cc939::soft[0]::fixslice[0]::sub_bytes[0] ...
Branching on 1 override variants of aes/599cc939::soft[0]::fixslice[0]::sub_bytes[0] ...
Applied override! aes/599cc939::soft[0]::fixslice[0]::sub_bytes[0]
Matching 1 overrides of  aes/599cc939::soft[0]::fixslice[0]::mix_columns_1[0] ...
Branching on 1 override variants of aes/599cc939::soft[0]::fixslice[0]::mix_columns_1[0] ...
Applied override! aes/599cc939::soft[0]::fixslice[0]::mix_columns_1[0]
Matching 15 overrides of  aes/599cc939::soft[0]::fixslice[0]::add_round_key[0] ...
Branching on 1 override variants of aes/599cc939::soft[0]::fixslice[0]::add_round_key[0] ...
Applied override! aes/599cc939::soft[0]::fixslice[0]::add_round_key[0]
Matching 1 overrides of  aes/599cc939::soft[0]::fixslice[0]::sub_bytes[0] ...
Branching on 1 override variants of aes/599cc939::soft[0]::fixslice[0]::sub_bytes[0] ...
Applied override! aes/599cc939::soft[0]::fixslice[0]::sub_bytes[0]
Matching 1 overrides of  aes/599cc939::soft[0]::fixslice[0]::mix_columns_2[0] ...
Branching on 1 override variants of aes/599cc939::soft[0]::fixslice[0]::mix_columns_2[0] ...
Applied override! aes/599cc939::soft[0]::fixslice[0]::mix_columns_2[0]
Matching 15 overrides of  aes/599cc939::soft[0]::fixslice[0]::add_round_key[0] ...
Branching on 1 override variants of aes/599cc939::soft[0]::fixslice[0]::add_round_key[0] ...
Applied override! aes/599cc939::soft[0]::fixslice[0]::add_round_key[0]
Matching 1 overrides of  aes/599cc939::soft[0]::fixslice[0]::sub_bytes[0] ...
Branching on 1 override variants of aes/599cc939::soft[0]::fixslice[0]::sub_bytes[0] ...
Applied override! aes/599cc939::soft[0]::fixslice[0]::sub_bytes[0]
Matching 1 overrides of  aes/599cc939::soft[0]::fixslice[0]::mix_columns_3[0] ...
Branching on 1 override variants of aes/599cc939::soft[0]::fixslice[0]::mix_columns_3[0] ...
Applied override! aes/599cc939::soft[0]::fixslice[0]::mix_columns_3[0]
Matching 15 overrides of  aes/599cc939::soft[0]::fixslice[0]::add_round_key[0] ...
Branching on 1 override variants of aes/599cc939::soft[0]::fixslice[0]::add_round_key[0] ...
Applied override! aes/599cc939::soft[0]::fixslice[0]::add_round_key[0]
Matching 1 overrides of  aes/599cc939::soft[0]::fixslice[0]::sub_bytes[0] ...
Branching on 1 override variants of aes/599cc939::soft[0]::fixslice[0]::sub_bytes[0] ...
Applied override! aes/599cc939::soft[0]::fixslice[0]::sub_bytes[0]
Matching 1 overrides of  aes/599cc939::soft[0]::fixslice[0]::mix_columns_0[0] ...
Branching on 1 override variants of aes/599cc939::soft[0]::fixslice[0]::mix_columns_0[0] ...
Applied override! aes/599cc939::soft[0]::fixslice[0]::mix_columns_0[0]
Matching 15 overrides of  aes/599cc939::soft[0]::fixslice[0]::add_round_key[0] ...
Branching on 1 override variants of aes/599cc939::soft[0]::fixslice[0]::add_round_key[0] ...
Applied override! aes/599cc939::soft[0]::fixslice[0]::add_round_key[0]
Matching 1 overrides of  aes/599cc939::soft[0]::fixslice[0]::sub_bytes[0] ...
Branching on 1 override variants of aes/599cc939::soft[0]::fixslice[0]::sub_bytes[0] ...
Applied override! aes/599cc939::soft[0]::fixslice[0]::sub_bytes[0]
Matching 1 overrides of  aes/599cc939::soft[0]::fixslice[0]::mix_columns_1[0] ...
Branching on 1 override variants of aes/599cc939::soft[0]::fixslice[0]::mix_columns_1[0] ...
Applied override! aes/599cc939::soft[0]::fixslice[0]::mix_columns_1[0]
Matching 15 overrides of  aes/599cc939::soft[0]::fixslice[0]::add_round_key[0] ...
Branching on 1 override variants of aes/599cc939::soft[0]::fixslice[0]::add_round_key[0] ...
Applied override! aes/599cc939::soft[0]::fixslice[0]::add_round_key[0]
Matching 1 overrides of  aes/599cc939::soft[0]::fixslice[0]::shift_rows_2[0] ...
Branching on 1 override variants of aes/599cc939::soft[0]::fixslice[0]::shift_rows_2[0] ...
Applied override! aes/599cc939::soft[0]::fixslice[0]::shift_rows_2[0]
Matching 1 overrides of  aes/599cc939::soft[0]::fixslice[0]::sub_bytes[0] ...
Branching on 1 override variants of aes/599cc939::soft[0]::fixslice[0]::sub_bytes[0] ...
Applied override! aes/599cc939::soft[0]::fixslice[0]::sub_bytes[0]
Matching 15 overrides of  aes/599cc939::soft[0]::fixslice[0]::add_round_key[0] ...
Branching on 1 override variants of aes/599cc939::soft[0]::fixslice[0]::add_round_key[0] ...
Applied override! aes/599cc939::soft[0]::fixslice[0]::add_round_key[0]
Matching 1 overrides of  aes/599cc939::soft[0]::fixslice[0]::inv_bitslice[0] ...
Branching on 1 override variants of aes/599cc939::soft[0]::fixslice[0]::inv_bitslice[0] ...
Applied override! aes/599cc939::soft[0]::fixslice[0]::inv_bitslice[0]
Checking proof obligations aes/599cc939::soft[0]::fixslice[0]::aes256_encrypt[0] ...
Starting RME
Starting RME
Starting RME
Starting RME
Proof succeeded! aes/599cc939::soft[0]::fixslice[0]::aes256_encrypt[0]
Verifying aes_verif/65c7dccb::toplevel_encrypt_block_256[0] ...
Simulating aes_verif/65c7dccb::toplevel_encrypt_block_256[0] ...
Matching 1 overrides of  aes/599cc939::soft[0]::fixslice[0]::aes256_key_schedule[0] ...
Branching on 1 override variants of aes/599cc939::soft[0]::fixslice[0]::aes256_key_schedule[0] ...
Applied override! aes/599cc939::soft[0]::fixslice[0]::aes256_key_schedule[0]
Matching 1 overrides of  aes/599cc939::soft[0]::fixslice[0]::aes256_encrypt[0] ...
Branching on 1 override variants of aes/599cc939::soft[0]::fixslice[0]::aes256_encrypt[0] ...
Applied override! aes/599cc939::soft[0]::fixslice[0]::aes256_encrypt[0]
Checking proof obligations aes_verif/65c7dccb::toplevel_encrypt_block_256[0] ...
Proof succeeded! aes_verif/65c7dccb::toplevel_encrypt_block_256[0]
Verifying aes/599cc939::soft[0]::fixslice[0]::inv_sub_bytes[0] ...
Simulating aes/599cc939::soft[0]::fixslice[0]::inv_sub_bytes[0] ...
Checking proof obligations aes/599cc939::soft[0]::fixslice[0]::inv_sub_bytes[0] ...
Proof succeeded! aes/599cc939::soft[0]::fixslice[0]::inv_sub_bytes[0]
Verifying aes/599cc939::soft[0]::fixslice[0]::inv_shift_rows_2[0] ...
Simulating aes/599cc939::soft[0]::fixslice[0]::inv_shift_rows_2[0] ...
Checking proof obligations aes/599cc939::soft[0]::fixslice[0]::inv_shift_rows_2[0] ...
Proof succeeded! aes/599cc939::soft[0]::fixslice[0]::inv_shift_rows_2[0]
Verifying aes/599cc939::soft[0]::fixslice[0]::inv_mix_columns_0[0] ...
Simulating aes/599cc939::soft[0]::fixslice[0]::inv_mix_columns_0[0] ...
Checking proof obligations aes/599cc939::soft[0]::fixslice[0]::inv_mix_columns_0[0] ...
Proof succeeded! aes/599cc939::soft[0]::fixslice[0]::inv_mix_columns_0[0]
Verifying aes/599cc939::soft[0]::fixslice[0]::inv_mix_columns_1[0] ...
Simulating aes/599cc939::soft[0]::fixslice[0]::inv_mix_columns_1[0] ...
Checking proof obligations aes/599cc939::soft[0]::fixslice[0]::inv_mix_columns_1[0] ...
Proof succeeded! aes/599cc939::soft[0]::fixslice[0]::inv_mix_columns_1[0]
Verifying aes/599cc939::soft[0]::fixslice[0]::inv_mix_columns_2[0] ...
Simulating aes/599cc939::soft[0]::fixslice[0]::inv_mix_columns_2[0] ...
Checking proof obligations aes/599cc939::soft[0]::fixslice[0]::inv_mix_columns_2[0] ...
Proof succeeded! aes/599cc939::soft[0]::fixslice[0]::inv_mix_columns_2[0]
Verifying aes/599cc939::soft[0]::fixslice[0]::inv_mix_columns_3[0] ...
Simulating aes/599cc939::soft[0]::fixslice[0]::inv_mix_columns_3[0] ...
Checking proof obligations aes/599cc939::soft[0]::fixslice[0]::inv_mix_columns_3[0] ...
Proof succeeded! aes/599cc939::soft[0]::fixslice[0]::inv_mix_columns_3[0]
Verifying aes/599cc939::soft[0]::fixslice[0]::aes256_decrypt[0] ...
Simulating aes/599cc939::soft[0]::fixslice[0]::aes256_decrypt[0] ...
Matching 1 overrides of  aes/599cc939::soft[0]::fixslice[0]::bitslice[0] ...
Branching on 1 override variants of aes/599cc939::soft[0]::fixslice[0]::bitslice[0] ...
Applied override! aes/599cc939::soft[0]::fixslice[0]::bitslice[0]
Matching 15 overrides of  aes/599cc939::soft[0]::fixslice[0]::add_round_key[0] ...
Branching on 1 override variants of aes/599cc939::soft[0]::fixslice[0]::add_round_key[0] ...
Applied override! aes/599cc939::soft[0]::fixslice[0]::add_round_key[0]
Matching 1 overrides of  aes/599cc939::soft[0]::fixslice[0]::inv_sub_bytes[0] ...
Branching on 1 override variants of aes/599cc939::soft[0]::fixslice[0]::inv_sub_bytes[0] ...
Applied override! aes/599cc939::soft[0]::fixslice[0]::inv_sub_bytes[0]
Matching 1 overrides of  aes/599cc939::soft[0]::fixslice[0]::inv_shift_rows_2[0] ...
Branching on 1 override variants of aes/599cc939::soft[0]::fixslice[0]::inv_shift_rows_2[0] ...
Applied override! aes/599cc939::soft[0]::fixslice[0]::inv_shift_rows_2[0]
Matching 15 overrides of  aes/599cc939::soft[0]::fixslice[0]::add_round_key[0] ...
Branching on 1 override variants of aes/599cc939::soft[0]::fixslice[0]::add_round_key[0] ...
Applied override! aes/599cc939::soft[0]::fixslice[0]::add_round_key[0]
Matching 1 overrides of  aes/599cc939::soft[0]::fixslice[0]::inv_mix_columns_1[0] ...
Branching on 1 override variants of aes/599cc939::soft[0]::fixslice[0]::inv_mix_columns_1[0] ...
Applied override! aes/599cc939::soft[0]::fixslice[0]::inv_mix_columns_1[0]
Matching 1 overrides of  aes/599cc939::soft[0]::fixslice[0]::inv_sub_bytes[0] ...
Branching on 1 override variants of aes/599cc939::soft[0]::fixslice[0]::inv_sub_bytes[0] ...
Applied override! aes/599cc939::soft[0]::fixslice[0]::inv_sub_bytes[0]
Matching 15 overrides of  aes/599cc939::soft[0]::fixslice[0]::add_round_key[0] ...
Branching on 1 override variants of aes/599cc939::soft[0]::fixslice[0]::add_round_key[0] ...
Applied override! aes/599cc939::soft[0]::fixslice[0]::add_round_key[0]
Matching 1 overrides of  aes/599cc939::soft[0]::fixslice[0]::inv_mix_columns_0[0] ...
Branching on 1 override variants of aes/599cc939::soft[0]::fixslice[0]::inv_mix_columns_0[0] ...
Applied override! aes/599cc939::soft[0]::fixslice[0]::inv_mix_columns_0[0]
Matching 1 overrides of  aes/599cc939::soft[0]::fixslice[0]::inv_sub_bytes[0] ...
Branching on 1 override variants of aes/599cc939::soft[0]::fixslice[0]::inv_sub_bytes[0] ...
Applied override! aes/599cc939::soft[0]::fixslice[0]::inv_sub_bytes[0]
Matching 15 overrides of  aes/599cc939::soft[0]::fixslice[0]::add_round_key[0] ...
Branching on 1 override variants of aes/599cc939::soft[0]::fixslice[0]::add_round_key[0] ...
Applied override! aes/599cc939::soft[0]::fixslice[0]::add_round_key[0]
Matching 1 overrides of  aes/599cc939::soft[0]::fixslice[0]::inv_mix_columns_3[0] ...
Branching on 1 override variants of aes/599cc939::soft[0]::fixslice[0]::inv_mix_columns_3[0] ...
Applied override! aes/599cc939::soft[0]::fixslice[0]::inv_mix_columns_3[0]
Matching 1 overrides of  aes/599cc939::soft[0]::fixslice[0]::inv_sub_bytes[0] ...
Branching on 1 override variants of aes/599cc939::soft[0]::fixslice[0]::inv_sub_bytes[0] ...
Applied override! aes/599cc939::soft[0]::fixslice[0]::inv_sub_bytes[0]
Matching 15 overrides of  aes/599cc939::soft[0]::fixslice[0]::add_round_key[0] ...
Branching on 1 override variants of aes/599cc939::soft[0]::fixslice[0]::add_round_key[0] ...
Applied override! aes/599cc939::soft[0]::fixslice[0]::add_round_key[0]
Matching 1 overrides of  aes/599cc939::soft[0]::fixslice[0]::inv_mix_columns_2[0] ...
Branching on 1 override variants of aes/599cc939::soft[0]::fixslice[0]::inv_mix_columns_2[0] ...
Applied override! aes/599cc939::soft[0]::fixslice[0]::inv_mix_columns_2[0]
Matching 1 overrides of  aes/599cc939::soft[0]::fixslice[0]::inv_sub_bytes[0] ...
Branching on 1 override variants of aes/599cc939::soft[0]::fixslice[0]::inv_sub_bytes[0] ...
Applied override! aes/599cc939::soft[0]::fixslice[0]::inv_sub_bytes[0]
Matching 15 overrides of  aes/599cc939::soft[0]::fixslice[0]::add_round_key[0] ...
Branching on 1 override variants of aes/599cc939::soft[0]::fixslice[0]::add_round_key[0] ...
Applied override! aes/599cc939::soft[0]::fixslice[0]::add_round_key[0]
Matching 1 overrides of  aes/599cc939::soft[0]::fixslice[0]::inv_mix_columns_1[0] ...
Branching on 1 override variants of aes/599cc939::soft[0]::fixslice[0]::inv_mix_columns_1[0] ...
Applied override! aes/599cc939::soft[0]::fixslice[0]::inv_mix_columns_1[0]
Matching 1 overrides of  aes/599cc939::soft[0]::fixslice[0]::inv_sub_bytes[0] ...
Branching on 1 override variants of aes/599cc939::soft[0]::fixslice[0]::inv_sub_bytes[0] ...
Applied override! aes/599cc939::soft[0]::fixslice[0]::inv_sub_bytes[0]
Matching 15 overrides of  aes/599cc939::soft[0]::fixslice[0]::add_round_key[0] ...
Branching on 1 override variants of aes/599cc939::soft[0]::fixslice[0]::add_round_key[0] ...
Applied override! aes/599cc939::soft[0]::fixslice[0]::add_round_key[0]
Matching 1 overrides of  aes/599cc939::soft[0]::fixslice[0]::inv_mix_columns_0[0] ...
Branching on 1 override variants of aes/599cc939::soft[0]::fixslice[0]::inv_mix_columns_0[0] ...
Applied override! aes/599cc939::soft[0]::fixslice[0]::inv_mix_columns_0[0]
Matching 1 overrides of  aes/599cc939::soft[0]::fixslice[0]::inv_sub_bytes[0] ...
Branching on 1 override variants of aes/599cc939::soft[0]::fixslice[0]::inv_sub_bytes[0] ...
Applied override! aes/599cc939::soft[0]::fixslice[0]::inv_sub_bytes[0]
Matching 15 overrides of  aes/599cc939::soft[0]::fixslice[0]::add_round_key[0] ...
Branching on 1 override variants of aes/599cc939::soft[0]::fixslice[0]::add_round_key[0] ...
Applied override! aes/599cc939::soft[0]::fixslice[0]::add_round_key[0]
Matching 1 overrides of  aes/599cc939::soft[0]::fixslice[0]::inv_mix_columns_3[0] ...
Branching on 1 override variants of aes/599cc939::soft[0]::fixslice[0]::inv_mix_columns_3[0] ...
Applied override! aes/599cc939::soft[0]::fixslice[0]::inv_mix_columns_3[0]
Matching 1 overrides of  aes/599cc939::soft[0]::fixslice[0]::inv_sub_bytes[0] ...
Branching on 1 override variants of aes/599cc939::soft[0]::fixslice[0]::inv_sub_bytes[0] ...
Applied override! aes/599cc939::soft[0]::fixslice[0]::inv_sub_bytes[0]
Matching 15 overrides of  aes/599cc939::soft[0]::fixslice[0]::add_round_key[0] ...
Branching on 1 override variants of aes/599cc939::soft[0]::fixslice[0]::add_round_key[0] ...
Applied override! aes/599cc939::soft[0]::fixslice[0]::add_round_key[0]
Matching 1 overrides of  aes/599cc939::soft[0]::fixslice[0]::inv_mix_columns_2[0] ...
Branching on 1 override variants of aes/599cc939::soft[0]::fixslice[0]::inv_mix_columns_2[0] ...
Applied override! aes/599cc939::soft[0]::fixslice[0]::inv_mix_columns_2[0]
Matching 1 overrides of  aes/599cc939::soft[0]::fixslice[0]::inv_sub_bytes[0] ...
Branching on 1 override variants of aes/599cc939::soft[0]::fixslice[0]::inv_sub_bytes[0] ...
Applied override! aes/599cc939::soft[0]::fixslice[0]::inv_sub_bytes[0]
Matching 15 overrides of  aes/599cc939::soft[0]::fixslice[0]::add_round_key[0] ...
Branching on 1 override variants of aes/599cc939::soft[0]::fixslice[0]::add_round_key[0] ...
Applied override! aes/599cc939::soft[0]::fixslice[0]::add_round_key[0]
Matching 1 overrides of  aes/599cc939::soft[0]::fixslice[0]::inv_mix_columns_1[0] ...
Branching on 1 override variants of aes/599cc939::soft[0]::fixslice[0]::inv_mix_columns_1[0] ...
Applied override! aes/599cc939::soft[0]::fixslice[0]::inv_mix_columns_1[0]
Matching 1 overrides of  aes/599cc939::soft[0]::fixslice[0]::inv_sub_bytes[0] ...
Branching on 1 override variants of aes/599cc939::soft[0]::fixslice[0]::inv_sub_bytes[0] ...
Applied override! aes/599cc939::soft[0]::fixslice[0]::inv_sub_bytes[0]
Matching 15 overrides of  aes/599cc939::soft[0]::fixslice[0]::add_round_key[0] ...
Branching on 1 override variants of aes/599cc939::soft[0]::fixslice[0]::add_round_key[0] ...
Applied override! aes/599cc939::soft[0]::fixslice[0]::add_round_key[0]
Matching 1 overrides of  aes/599cc939::soft[0]::fixslice[0]::inv_mix_columns_0[0] ...
Branching on 1 override variants of aes/599cc939::soft[0]::fixslice[0]::inv_mix_columns_0[0] ...
Applied override! aes/599cc939::soft[0]::fixslice[0]::inv_mix_columns_0[0]
Matching 1 overrides of  aes/599cc939::soft[0]::fixslice[0]::inv_sub_bytes[0] ...
Branching on 1 override variants of aes/599cc939::soft[0]::fixslice[0]::inv_sub_bytes[0] ...
Applied override! aes/599cc939::soft[0]::fixslice[0]::inv_sub_bytes[0]
Matching 15 overrides of  aes/599cc939::soft[0]::fixslice[0]::add_round_key[0] ...
Branching on 1 override variants of aes/599cc939::soft[0]::fixslice[0]::add_round_key[0] ...
Applied override! aes/599cc939::soft[0]::fixslice[0]::add_round_key[0]
Matching 1 overrides of  aes/599cc939::soft[0]::fixslice[0]::inv_mix_columns_3[0] ...
Branching on 1 override variants of aes/599cc939::soft[0]::fixslice[0]::inv_mix_columns_3[0] ...
Applied override! aes/599cc939::soft[0]::fixslice[0]::inv_mix_columns_3[0]
Matching 1 overrides of  aes/599cc939::soft[0]::fixslice[0]::inv_sub_bytes[0] ...
Branching on 1 override variants of aes/599cc939::soft[0]::fixslice[0]::inv_sub_bytes[0] ...
Applied override! aes/599cc939::soft[0]::fixslice[0]::inv_sub_bytes[0]
Matching 15 overrides of  aes/599cc939::soft[0]::fixslice[0]::add_round_key[0] ...
Branching on 1 override variants of aes/599cc939::soft[0]::fixslice[0]::add_round_key[0] ...
Applied override! aes/599cc939::soft[0]::fixslice[0]::add_round_key[0]
Matching 1 overrides of  aes/599cc939::soft[0]::fixslice[0]::inv_mix_columns_2[0] ...
Branching on 1 override variants of aes/599cc939::soft[0]::fixslice[0]::inv_mix_columns_2[0] ...
Applied override! aes/599cc939::soft[0]::fixslice[0]::inv_mix_columns_2[0]
Matching 1 overrides of  aes/599cc939::soft[0]::fixslice[0]::inv_sub_bytes[0] ...
Branching on 1 override variants of aes/599cc939::soft[0]::fixslice[0]::inv_sub_bytes[0] ...
Applied override! aes/599cc939::soft[0]::fixslice[0]::inv_sub_bytes[0]
Matching 15 overrides of  aes/599cc939::soft[0]::fixslice[0]::add_round_key[0] ...
Branching on 1 override variants of aes/599cc939::soft[0]::fixslice[0]::add_round_key[0] ...
Applied override! aes/599cc939::soft[0]::fixslice[0]::add_round_key[0]
Matching 1 overrides of  aes/599cc939::soft[0]::fixslice[0]::inv_mix_columns_1[0] ...
Branching on 1 override variants of aes/599cc939::soft[0]::fixslice[0]::inv_mix_columns_1[0] ...
Applied override! aes/599cc939::soft[0]::fixslice[0]::inv_mix_columns_1[0]
Matching 1 overrides of  aes/599cc939::soft[0]::fixslice[0]::inv_sub_bytes[0] ...
Branching on 1 override variants of aes/599cc939::soft[0]::fixslice[0]::inv_sub_bytes[0] ...
Applied override! aes/599cc939::soft[0]::fixslice[0]::inv_sub_bytes[0]
Matching 15 overrides of  aes/599cc939::soft[0]::fixslice[0]::add_round_key[0] ...
Branching on 1 override variants of aes/599cc939::soft[0]::fixslice[0]::add_round_key[0] ...
Applied override! aes/599cc939::soft[0]::fixslice[0]::add_round_key[0]
Matching 1 overrides of  aes/599cc939::soft[0]::fixslice[0]::inv_bitslice[0] ...
Branching on 1 override variants of aes/599cc939::soft[0]::fixslice[0]::inv_bitslice[0] ...
Applied override! aes/599cc939::soft[0]::fixslice[0]::inv_bitslice[0]
Checking proof obligations aes/599cc939::soft[0]::fixslice[0]::aes256_decrypt[0] ...
Starting RME
Starting RME
Starting RME
Starting RME
Proof succeeded! aes/599cc939::soft[0]::fixslice[0]::aes256_decrypt[0]
Verifying aes_verif/65c7dccb::toplevel_decrypt_block_256[0] ...
Simulating aes_verif/65c7dccb::toplevel_decrypt_block_256[0] ...
Matching 1 overrides of  aes/599cc939::soft[0]::fixslice[0]::aes256_key_schedule[0] ...
Branching on 1 override variants of aes/599cc939::soft[0]::fixslice[0]::aes256_key_schedule[0] ...
Applied override! aes/599cc939::soft[0]::fixslice[0]::aes256_key_schedule[0]
Matching 1 overrides of  aes/599cc939::soft[0]::fixslice[0]::aes256_decrypt[0] ...
Branching on 1 override variants of aes/599cc939::soft[0]::fixslice[0]::aes256_decrypt[0] ...
Applied override! aes/599cc939::soft[0]::fixslice[0]::aes256_decrypt[0]
Checking proof obligations aes_verif/65c7dccb::toplevel_decrypt_block_256[0] ...
Proof succeeded! aes_verif/65c7dccb::toplevel_decrypt_block_256[0]
